{
    "type": "FeatureCollection",
    "crs": {
        "type": "name",
        "properties": {
            "name": "urn:ogc:def:crs:OGC:1.3:CRS84"
        }
    },
    "features": [
        {
            "type": "Feature",
            "properties": {
                "sna": "捷運科技大樓站",
                "sno": 500101001,
                "available_rent_general_bikes": 2,
                "available_return_bikes": 25,
                "total_bikes": 27
            },
            "geometry": {
                "type": "Point",
                "coordinates": [
                    121.5436,
                    25.02605
                ]
            }
        },
        {
            "type": "Feature",
            "properties": {
                "sna": "復興南路二段273號前",
                "sno": 500101002,
                "available_rent_general_bikes": 1,
                "available_return_bikes": 20,
                "total_bikes": 21
            },
            "geometry": {
                "type": "Point",
                "coordinates": [
                    121.54357,
                    25.02565
                ]
            }
        },
        {
            "type": "Feature",
            "properties": {
                "sna": "國北教大實小東側門",
                "sno": 500101003,
                "available_rent_general_bikes": 3,
                "available_return_bikes": 13,
                "total_bikes": 16
            },
            "geometry": {
                "type": "Point",
                "coordinates": [
                    121.54124,
                    25.02429
                ]
            }
        },
        {
            "type": "Feature",
            "properties": {
                "sna": "和平公園東側",
                "sno": 500101004,
                "available_rent_general_bikes": 3,
                "available_return_bikes": 8,
                "total_bikes": 11
            },
            "geometry": {
                "type": "Point",
                "coordinates": [
                    121.54282,
                    25.02351
                ]
            }
        },
        {
            "type": "Feature",
            "properties": {
                "sna": "辛亥復興路口西北側",
                "sno": 500101005,
                "available_rent_general_bikes": 13,
                "available_return_bikes": 3,
                "total_bikes": 16
            },
            "geometry": {
                "type": "Point",
                "coordinates": [
                    121.54299,
                    25.02153
                ]
            }
        },
        {
            "type": "Feature",
            "properties": {
                "sna": "復興南路二段280號前",
                "sno": 500101006,
                "available_rent_general_bikes": 1,
                "available_return_bikes": 26,
                "total_bikes": 27
            },
            "geometry": {
                "type": "Point",
                "coordinates": [
                    121.54328,
                    25.02429
                ]
            }
        },
        {
            "type": "Feature",
            "properties": {
                "sna": "復興南路二段340巷口",
                "sno": 500101007,
                "available_rent_general_bikes": 2,
                "available_return_bikes": 7,
                "total_bikes": 9
            },
            "geometry": {
                "type": "Point",
                "coordinates": [
                    121.54326,
                    25.02253
                ]
            }
        },
        {
            "type": "Feature",
            "properties": {
                "sna": "新生南路三段52號前",
                "sno": 500101008,
                "available_rent_general_bikes": 1,
                "available_return_bikes": 15,
                "total_bikes": 16
            },
            "geometry": {
                "type": "Point",
                "coordinates": [
                    121.53407,
                    25.02112
                ]
            }
        },
        {
            "type": "Feature",
            "properties": {
                "sna": "新生南路三段66號前",
                "sno": 500101009,
                "available_rent_general_bikes": 0,
                "available_return_bikes": 16,
                "total_bikes": 16
            },
            "geometry": {
                "type": "Point",
                "coordinates": [
                    121.53384,
                    25.01976
                ]
            }
        },
        {
            "type": "Feature",
            "properties": {
                "sna": "新生南路三段82號前",
                "sno": 500101010,
                "available_rent_general_bikes": 3,
                "available_return_bikes": 16,
                "total_bikes": 19
            },
            "geometry": {
                "type": "Point",
                "coordinates": [
                    121.53361,
                    25.01894
                ]
            }
        },
        {
            "type": "Feature",
            "properties": {
                "sna": "辛亥路一段30號前",
                "sno": 500101012,
                "available_rent_general_bikes": 0,
                "available_return_bikes": 8,
                "total_bikes": 8
            },
            "geometry": {
                "type": "Point",
                "coordinates": [
                    121.52982,
                    25.01986
                ]
            }
        },
        {
            "type": "Feature",
            "properties": {
                "sna": "和平復興路口西北側",
                "sno": 500101013,
                "available_rent_general_bikes": 3,
                "available_return_bikes": 6,
                "total_bikes": 9
            },
            "geometry": {
                "type": "Point",
                "coordinates": [
                    121.54332,
                    25.02543
                ]
            }
        },
        {
            "type": "Feature",
            "properties": {
                "sna": "羅斯福路三段311號前",
                "sno": 500101014,
                "available_rent_general_bikes": 8,
                "available_return_bikes": 2,
                "total_bikes": 10
            },
            "geometry": {
                "type": "Point",
                "coordinates": [
                    121.53202,
                    25.01717
                ]
            }
        },
        {
            "type": "Feature",
            "properties": {
                "sna": "大安運動中心停車場",
                "sno": 500101015,
                "available_rent_general_bikes": 7,
                "available_return_bikes": 12,
                "total_bikes": 19
            },
            "geometry": {
                "type": "Point",
                "coordinates": [
                    121.54697,
                    25.02089
                ]
            }
        },
        {
            "type": "Feature",
            "properties": {
                "sna": "羅斯福路三段245號前",
                "sno": 500101016,
                "available_rent_general_bikes": 1,
                "available_return_bikes": 7,
                "total_bikes": 8
            },
            "geometry": {
                "type": "Point",
                "coordinates": [
                    121.52989,
                    25.01927
                ]
            }
        },
        {
            "type": "Feature",
            "properties": {
                "sna": "溫州公園",
                "sno": 500101018,
                "available_rent_general_bikes": 0,
                "available_return_bikes": 5,
                "total_bikes": 5
            },
            "geometry": {
                "type": "Point",
                "coordinates": [
                    121.53156,
                    25.01895
                ]
            }
        },
        {
            "type": "Feature",
            "properties": {
                "sna": "和平臥龍街口",
                "sno": 500101019,
                "available_rent_general_bikes": 11,
                "available_return_bikes": 9,
                "total_bikes": 20
            },
            "geometry": {
                "type": "Point",
                "coordinates": [
                    121.546705,
                    25.024461
                ]
            }
        },
        {
            "type": "Feature",
            "properties": {
                "sna": "溫州停車場",
                "sno": 500101020,
                "available_rent_general_bikes": 0,
                "available_return_bikes": 5,
                "total_bikes": 5
            },
            "geometry": {
                "type": "Point",
                "coordinates": [
                    121.5331,
                    25.02093
                ]
            }
        },
        {
            "type": "Feature",
            "properties": {
                "sna": "銘傳國小側門",
                "sno": 500101021,
                "available_rent_general_bikes": 0,
                "available_return_bikes": 7,
                "total_bikes": 7
            },
            "geometry": {
                "type": "Point",
                "coordinates": [
                    121.53549,
                    25.01385
                ]
            }
        },
        {
            "type": "Feature",
            "properties": {
                "sna": "捷運公館站(2號出口)",
                "sno": 500101022,
                "available_rent_general_bikes": 5,
                "available_return_bikes": 93,
                "total_bikes": 98
            },
            "geometry": {
                "type": "Point",
                "coordinates": [
                    121.53438,
                    25.01491
                ]
            }
        },
        {
            "type": "Feature",
            "properties": {
                "sna": "第二學生活動中心",
                "sno": 500101023,
                "available_rent_general_bikes": 5,
                "available_return_bikes": 20,
                "total_bikes": 25
            },
            "geometry": {
                "type": "Point",
                "coordinates": [
                    121.53661,
                    25.01244
                ]
            }
        },
        {
            "type": "Feature",
            "properties": {
                "sna": "臺灣科技大學正門",
                "sno": 500101024,
                "available_rent_general_bikes": 44,
                "available_return_bikes": 4,
                "total_bikes": 48
            },
            "geometry": {
                "type": "Point",
                "coordinates": [
                    121.54142,
                    25.01451
                ]
            }
        },
        {
            "type": "Feature",
            "properties": {
                "sna": "臺灣科技大學側門",
                "sno": 500101025,
                "available_rent_general_bikes": 48,
                "available_return_bikes": 49,
                "total_bikes": 97
            },
            "geometry": {
                "type": "Point",
                "coordinates": [
                    121.53973,
                    25.01295
                ]
            }
        },
        {
            "type": "Feature",
            "properties": {
                "sna": "公館公園",
                "sno": 500101026,
                "available_rent_general_bikes": 18,
                "available_return_bikes": 10,
                "total_bikes": 28
            },
            "geometry": {
                "type": "Point",
                "coordinates": [
                    121.54062,
                    25.01137
                ]
            }
        },
        {
            "type": "Feature",
            "properties": {
                "sna": "臺灣科技大學後門",
                "sno": 500101027,
                "available_rent_general_bikes": 13,
                "available_return_bikes": 25,
                "total_bikes": 38
            },
            "geometry": {
                "type": "Point",
                "coordinates": [
                    121.54165,
                    25.01182
                ]
            }
        },
        {
            "type": "Feature",
            "properties": {
                "sna": "臺大醫學院附設癌醫中心",
                "sno": 500101028,
                "available_rent_general_bikes": 19,
                "available_return_bikes": 0,
                "total_bikes": 19
            },
            "geometry": {
                "type": "Point",
                "coordinates": [
                    121.54382,
                    25.01426
                ]
            }
        },
        {
            "type": "Feature",
            "properties": {
                "sna": "臺大環研大樓",
                "sno": 500101029,
                "available_rent_general_bikes": 12,
                "available_return_bikes": 3,
                "total_bikes": 15
            },
            "geometry": {
                "type": "Point",
                "coordinates": [
                    121.54503,
                    25.01234
                ]
            }
        },
        {
            "type": "Feature",
            "properties": {
                "sna": "臺大永齡生醫工程館",
                "sno": 500101030,
                "available_rent_general_bikes": 24,
                "available_return_bikes": 10,
                "total_bikes": 34
            },
            "geometry": {
                "type": "Point",
                "coordinates": [
                    121.54656,
                    25.0136
                ]
            }
        },
        {
            "type": "Feature",
            "properties": {
                "sna": "臺大男七舍前",
                "sno": 500101031,
                "available_rent_general_bikes": 9,
                "available_return_bikes": 11,
                "total_bikes": 20
            },
            "geometry": {
                "type": "Point",
                "coordinates": [
                    121.54698,
                    25.01537
                ]
            }
        },
        {
            "type": "Feature",
            "properties": {
                "sna": "臺大男一舍前",
                "sno": 500101032,
                "available_rent_general_bikes": 14,
                "available_return_bikes": 46,
                "total_bikes": 60
            },
            "geometry": {
                "type": "Point",
                "coordinates": [
                    121.54535,
                    25.01637
                ]
            }
        },
        {
            "type": "Feature",
            "properties": {
                "sna": "臺大男六舍前",
                "sno": 500101033,
                "available_rent_general_bikes": 0,
                "available_return_bikes": 40,
                "total_bikes": 40
            },
            "geometry": {
                "type": "Point",
                "coordinates": [
                    121.5452,
                    25.01664
                ]
            }
        },
        {
            "type": "Feature",
            "properties": {
                "sna": "臺大動物醫院前",
                "sno": 500101034,
                "available_rent_general_bikes": 13,
                "available_return_bikes": 5,
                "total_bikes": 18
            },
            "geometry": {
                "type": "Point",
                "coordinates": [
                    121.54291,
                    25.01576
                ]
            }
        },
        {
            "type": "Feature",
            "properties": {
                "sna": "臺大土木研究大樓前",
                "sno": 500101035,
                "available_rent_general_bikes": 15,
                "available_return_bikes": 7,
                "total_bikes": 22
            },
            "geometry": {
                "type": "Point",
                "coordinates": [
                    121.5476,
                    25.01787
                ]
            }
        },
        {
            "type": "Feature",
            "properties": {
                "sna": "臺大萬才館前",
                "sno": 500101036,
                "available_rent_general_bikes": 18,
                "available_return_bikes": 2,
                "total_bikes": 20
            },
            "geometry": {
                "type": "Point",
                "coordinates": [
                    121.54497,
                    25.02032
                ]
            }
        },
        {
            "type": "Feature",
            "properties": {
                "sna": "臺大國青大樓宿舍前",
                "sno": 500101037,
                "available_rent_general_bikes": 17,
                "available_return_bikes": 2,
                "total_bikes": 19
            },
            "geometry": {
                "type": "Point",
                "coordinates": [
                    121.54432,
                    25.02076
                ]
            }
        },
        {
            "type": "Feature",
            "properties": {
                "sna": "臺大社科院圖書館前",
                "sno": 500101038,
                "available_rent_general_bikes": 5,
                "available_return_bikes": 21,
                "total_bikes": 26
            },
            "geometry": {
                "type": "Point",
                "coordinates": [
                    121.54284,
                    25.02101
                ]
            }
        },
        {
            "type": "Feature",
            "properties": {
                "sna": "臺大法人語言訓練中心前",
                "sno": 500101039,
                "available_rent_general_bikes": 8,
                "available_return_bikes": 17,
                "total_bikes": 25
            },
            "geometry": {
                "type": "Point",
                "coordinates": [
                    121.54081,
                    25.02104
                ]
            }
        },
        {
            "type": "Feature",
            "properties": {
                "sna": "臺大綜合體育館停車場前",
                "sno": 500101040,
                "available_rent_general_bikes": 8,
                "available_return_bikes": 17,
                "total_bikes": 25
            },
            "geometry": {
                "type": "Point",
                "coordinates": [
                    121.53626,
                    25.0222
                ]
            }
        },
        {
            "type": "Feature",
            "properties": {
                "sna": "辛亥新生路口東南側",
                "sno": 500101041,
                "available_rent_general_bikes": 3,
                "available_return_bikes": 46,
                "total_bikes": 49
            },
            "geometry": {
                "type": "Point",
                "coordinates": [
                    121.53474,
                    25.02218
                ]
            }
        },
        {
            "type": "Feature",
            "properties": {
                "sna": "基隆長興路口東側",
                "sno": 500101042,
                "available_rent_general_bikes": 3,
                "available_return_bikes": 12,
                "total_bikes": 15
            },
            "geometry": {
                "type": "Point",
                "coordinates": [
                    121.54471,
                    25.01727
                ]
            }
        },
        {
            "type": "Feature",
            "properties": {
                "sna": "國北教大側門南側",
                "sno": 500101091,
                "available_rent_general_bikes": 22,
                "available_return_bikes": 11,
                "total_bikes": 33
            },
            "geometry": {
                "type": "Point",
                "coordinates": [
                    121.546622,
                    25.022864
                ]
            }
        },
        {
            "type": "Feature",
            "properties": {
                "sna": "和平實小東北側",
                "sno": 500101092,
                "available_rent_general_bikes": 25,
                "available_return_bikes": 0,
                "total_bikes": 25
            },
            "geometry": {
                "type": "Point",
                "coordinates": [
                    121.54704,
                    25.021641
                ]
            }
        },
        {
            "type": "Feature",
            "properties": {
                "sna": "大安區健康服務中心",
                "sno": 500101093,
                "available_rent_general_bikes": 0,
                "available_return_bikes": 23,
                "total_bikes": 23
            },
            "geometry": {
                "type": "Point",
                "coordinates": [
                    121.544069,
                    25.021469
                ]
            }
        },
        {
            "type": "Feature",
            "properties": {
                "sna": "辛亥泰順街口",
                "sno": 500101094,
                "available_rent_general_bikes": 0,
                "available_return_bikes": 19,
                "total_bikes": 19
            },
            "geometry": {
                "type": "Point",
                "coordinates": [
                    121.53165,
                    25.02193
                ]
            }
        },
        {
            "type": "Feature",
            "properties": {
                "sna": "芳和國中",
                "sno": 500101095,
                "available_rent_general_bikes": 14,
                "available_return_bikes": 23,
                "total_bikes": 37
            },
            "geometry": {
                "type": "Point",
                "coordinates": [
                    121.55013,
                    25.0189
                ]
            }
        },
        {
            "type": "Feature",
            "properties": {
                "sna": "臥龍樂業街口",
                "sno": 500101097,
                "available_rent_general_bikes": 1,
                "available_return_bikes": 39,
                "total_bikes": 40
            },
            "geometry": {
                "type": "Point",
                "coordinates": [
                    121.55558,
                    25.01856
                ]
            }
        },
        {
            "type": "Feature",
            "properties": {
                "sna": "臥龍公園",
                "sno": 500101098,
                "available_rent_general_bikes": 6,
                "available_return_bikes": 17,
                "total_bikes": 23
            },
            "geometry": {
                "type": "Point",
                "coordinates": [
                    121.55037,
                    25.01623
                ]
            }
        },
        {
            "type": "Feature",
            "properties": {
                "sna": "嘉興公園",
                "sno": 500101099,
                "available_rent_general_bikes": 0,
                "available_return_bikes": 43,
                "total_bikes": 43
            },
            "geometry": {
                "type": "Point",
                "coordinates": [
                    121.55211,
                    25.021
                ]
            }
        },
        {
            "type": "Feature",
            "properties": {
                "sna": "捷運麟光站(2號出口)",
                "sno": 500101100,
                "available_rent_general_bikes": 2,
                "available_return_bikes": 48,
                "total_bikes": 50
            },
            "geometry": {
                "type": "Point",
                "coordinates": [
                    121.55929,
                    25.0181
                ]
            }
        },
        {
            "type": "Feature",
            "properties": {
                "sna": "捷運六張犁站",
                "sno": 500101101,
                "available_rent_general_bikes": 2,
                "available_return_bikes": 62,
                "total_bikes": 64
            },
            "geometry": {
                "type": "Point",
                "coordinates": [
                    121.55266,
                    25.02397
                ]
            }
        },
        {
            "type": "Feature",
            "properties": {
                "sna": "喬治工商",
                "sno": 500101102,
                "available_rent_general_bikes": 4,
                "available_return_bikes": 20,
                "total_bikes": 24
            },
            "geometry": {
                "type": "Point",
                "coordinates": [
                    121.55551,
                    25.02705
                ]
            }
        },
        {
            "type": "Feature",
            "properties": {
                "sna": "法治公園",
                "sno": 500101103,
                "available_rent_general_bikes": 0,
                "available_return_bikes": 15,
                "total_bikes": 15
            },
            "geometry": {
                "type": "Point",
                "coordinates": [
                    121.55325,
                    25.02694
                ]
            }
        },
        {
            "type": "Feature",
            "properties": {
                "sna": "捷運臺電大樓站(2號出口)",
                "sno": 500101104,
                "available_rent_general_bikes": 0,
                "available_return_bikes": 17,
                "total_bikes": 17
            },
            "geometry": {
                "type": "Point",
                "coordinates": [
                    121.52942,
                    25.02021
                ]
            }
        },
        {
            "type": "Feature",
            "properties": {
                "sna": "和平金山路口",
                "sno": 500101105,
                "available_rent_general_bikes": 9,
                "available_return_bikes": 33,
                "total_bikes": 42
            },
            "geometry": {
                "type": "Point",
                "coordinates": [
                    121.52529,
                    25.02669
                ]
            }
        },
        {
            "type": "Feature",
            "properties": {
                "sna": "和平龍泉街口",
                "sno": 500101107,
                "available_rent_general_bikes": 0,
                "available_return_bikes": 34,
                "total_bikes": 34
            },
            "geometry": {
                "type": "Point",
                "coordinates": [
                    121.52971,
                    25.02638
                ]
            }
        },
        {
            "type": "Feature",
            "properties": {
                "sna": "和平泰順街口",
                "sno": 500101108,
                "available_rent_general_bikes": 8,
                "available_return_bikes": 1,
                "total_bikes": 9
            },
            "geometry": {
                "type": "Point",
                "coordinates": [
                    121.53171,
                    25.02621
                ]
            }
        },
        {
            "type": "Feature",
            "properties": {
                "sna": "臺灣師範大學(圖書館)",
                "sno": 500101109,
                "available_rent_general_bikes": 0,
                "available_return_bikes": 39,
                "total_bikes": 39
            },
            "geometry": {
                "type": "Point",
                "coordinates": [
                    121.52973,
                    25.0266
                ]
            }
        },
        {
            "type": "Feature",
            "properties": {
                "sna": "捷運古亭站(6號出口)",
                "sno": 500101110,
                "available_rent_general_bikes": 1,
                "available_return_bikes": 58,
                "total_bikes": 59
            },
            "geometry": {
                "type": "Point",
                "coordinates": [
                    121.52217,
                    25.0276
                ]
            }
        },
        {
            "type": "Feature",
            "properties": {
                "sna": "捷運古亭站(5號出口)",
                "sno": 500101111,
                "available_rent_general_bikes": 0,
                "available_return_bikes": 14,
                "total_bikes": 14
            },
            "geometry": {
                "type": "Point",
                "coordinates": [
                    121.52293,
                    25.02715
                ]
            }
        },
        {
            "type": "Feature",
            "properties": {
                "sna": "富陽臥龍街口",
                "sno": 500101236,
                "available_rent_general_bikes": 3,
                "available_return_bikes": 15,
                "total_bikes": 18
            },
            "geometry": {
                "type": "Point",
                "coordinates": [
                    121.55688,
                    25.0187
                ]
            }
        },
        {
            "type": "Feature",
            "properties": {
                "sna": "臺北市立圖書館(總館)",
                "sno": 500101113,
                "available_rent_general_bikes": 0,
                "available_return_bikes": 51,
                "total_bikes": 51
            },
            "geometry": {
                "type": "Point",
                "coordinates": [
                    121.5379,
                    25.02895
                ]
            }
        },
        {
            "type": "Feature",
            "properties": {
                "sna": "新生和平路口東北側",
                "sno": 500101114,
                "available_rent_general_bikes": 2,
                "available_return_bikes": 49,
                "total_bikes": 51
            },
            "geometry": {
                "type": "Point",
                "coordinates": [
                    121.53515,
                    25.02657
                ]
            }
        },
        {
            "type": "Feature",
            "properties": {
                "sna": "建國和平路口西北側",
                "sno": 500101115,
                "available_rent_general_bikes": 3,
                "available_return_bikes": 47,
                "total_bikes": 50
            },
            "geometry": {
                "type": "Point",
                "coordinates": [
                    121.53738,
                    25.02606
                ]
            }
        },
        {
            "type": "Feature",
            "properties": {
                "sna": "金華公園",
                "sno": 500101116,
                "available_rent_general_bikes": 5,
                "available_return_bikes": 39,
                "total_bikes": 44
            },
            "geometry": {
                "type": "Point",
                "coordinates": [
                    121.53107,
                    25.02984
                ]
            }
        },
        {
            "type": "Feature",
            "properties": {
                "sna": "捷運東門站(3號出口)",
                "sno": 500101117,
                "available_rent_general_bikes": 1,
                "available_return_bikes": 17,
                "total_bikes": 18
            },
            "geometry": {
                "type": "Point",
                "coordinates": [
                    121.52815,
                    25.03383
                ]
            }
        },
        {
            "type": "Feature",
            "properties": {
                "sna": "金甌女中",
                "sno": 500101118,
                "available_rent_general_bikes": 3,
                "available_return_bikes": 8,
                "total_bikes": 11
            },
            "geometry": {
                "type": "Point",
                "coordinates": [
                    121.5245,
                    25.03519
                ]
            }
        },
        {
            "type": "Feature",
            "properties": {
                "sna": "金杭公園",
                "sno": 500101119,
                "available_rent_general_bikes": 4,
                "available_return_bikes": 14,
                "total_bikes": 18
            },
            "geometry": {
                "type": "Point",
                "coordinates": [
                    121.52436,
                    25.03325
                ]
            }
        },
        {
            "type": "Feature",
            "properties": {
                "sna": "愛國金山路口",
                "sno": 500101120,
                "available_rent_general_bikes": 40,
                "available_return_bikes": 3,
                "total_bikes": 43
            },
            "geometry": {
                "type": "Point",
                "coordinates": [
                    121.52661,
                    25.03164
                ]
            }
        },
        {
            "type": "Feature",
            "properties": {
                "sna": "敦化南路二段293巷口南側",
                "sno": 500101122,
                "available_rent_general_bikes": 0,
                "available_return_bikes": 14,
                "total_bikes": 14
            },
            "geometry": {
                "type": "Point",
                "coordinates": [
                    121.54899,
                    25.0237
                ]
            }
        },
        {
            "type": "Feature",
            "properties": {
                "sna": "敦化基隆路口",
                "sno": 500101123,
                "available_rent_general_bikes": 14,
                "available_return_bikes": 9,
                "total_bikes": 23
            },
            "geometry": {
                "type": "Point",
                "coordinates": [
                    121.54839,
                    25.02215
                ]
            }
        },
        {
            "type": "Feature",
            "properties": {
                "sna": "安和路二段181巷口",
                "sno": 500101124,
                "available_rent_general_bikes": 1,
                "available_return_bikes": 28,
                "total_bikes": 29
            },
            "geometry": {
                "type": "Point",
                "coordinates": [
                    121.54988,
                    25.02721
                ]
            }
        },
        {
            "type": "Feature",
            "properties": {
                "sna": "臨江街夜市(通化街101巷口)",
                "sno": 500101125,
                "available_rent_general_bikes": 4,
                "available_return_bikes": 25,
                "total_bikes": 29
            },
            "geometry": {
                "type": "Point",
                "coordinates": [
                    121.55406,
                    25.02952
                ]
            }
        },
        {
            "type": "Feature",
            "properties": {
                "sna": "臨江街夜市(基隆路)",
                "sno": 500101126,
                "available_rent_general_bikes": 0,
                "available_return_bikes": 29,
                "total_bikes": 29
            },
            "geometry": {
                "type": "Point",
                "coordinates": [
                    121.55721,
                    25.02931
                ]
            }
        },
        {
            "type": "Feature",
            "properties": {
                "sna": "台北科技大學億光大樓",
                "sno": 500101127,
                "available_rent_general_bikes": 31,
                "available_return_bikes": 14,
                "total_bikes": 45
            },
            "geometry": {
                "type": "Point",
                "coordinates": [
                    121.53833,
                    25.04177
                ]
            }
        },
        {
            "type": "Feature",
            "properties": {
                "sna": "新生南路一段119巷口",
                "sno": 500101128,
                "available_rent_general_bikes": 0,
                "available_return_bikes": 32,
                "total_bikes": 32
            },
            "geometry": {
                "type": "Point",
                "coordinates": [
                    121.53299,
                    25.04003
                ]
            }
        },
        {
            "type": "Feature",
            "properties": {
                "sna": "幸安國小(仁愛路)",
                "sno": 500101129,
                "available_rent_general_bikes": 6,
                "available_return_bikes": 22,
                "total_bikes": 28
            },
            "geometry": {
                "type": "Point",
                "coordinates": [
                    121.53523,
                    25.03753
                ]
            }
        },
        {
            "type": "Feature",
            "properties": {
                "sna": "民榮公園",
                "sno": 500101130,
                "available_rent_general_bikes": 2,
                "available_return_bikes": 13,
                "total_bikes": 15
            },
            "geometry": {
                "type": "Point",
                "coordinates": [
                    121.5354,
                    25.03534
                ]
            }
        },
        {
            "type": "Feature",
            "properties": {
                "sna": "復興南路1段340巷口",
                "sno": 500101131,
                "available_rent_general_bikes": 32,
                "available_return_bikes": 16,
                "total_bikes": 48
            },
            "geometry": {
                "type": "Point",
                "coordinates": [
                    121.54348,
                    25.03701
                ]
            }
        },
        {
            "type": "Feature",
            "properties": {
                "sna": "建國濟南路口",
                "sno": 500101132,
                "available_rent_general_bikes": 5,
                "available_return_bikes": 48,
                "total_bikes": 53
            },
            "geometry": {
                "type": "Point",
                "coordinates": [
                    121.53828,
                    25.03935
                ]
            }
        },
        {
            "type": "Feature",
            "properties": {
                "sna": "捷運忠孝復興站(2號出口)",
                "sno": 500101133,
                "available_rent_general_bikes": 7,
                "available_return_bikes": 34,
                "total_bikes": 41
            },
            "geometry": {
                "type": "Point",
                "coordinates": [
                    121.5436,
                    25.04035
                ]
            }
        },
        {
            "type": "Feature",
            "properties": {
                "sna": "捷運大安站(4號出口)",
                "sno": 500101134,
                "available_rent_general_bikes": 0,
                "available_return_bikes": 13,
                "total_bikes": 13
            },
            "geometry": {
                "type": "Point",
                "coordinates": [
                    121.5439,
                    25.0332
                ]
            }
        },
        {
            "type": "Feature",
            "properties": {
                "sna": "捷運大安站(2號出口)",
                "sno": 500101135,
                "available_rent_general_bikes": 3,
                "available_return_bikes": 19,
                "total_bikes": 22
            },
            "geometry": {
                "type": "Point",
                "coordinates": [
                    121.54141,
                    25.03358
                ]
            }
        },
        {
            "type": "Feature",
            "properties": {
                "sna": "信義大安路口(信維大樓)",
                "sno": 500101136,
                "available_rent_general_bikes": 3,
                "available_return_bikes": 15,
                "total_bikes": 18
            },
            "geometry": {
                "type": "Point",
                "coordinates": [
                    121.54639,
                    25.03317
                ]
            }
        },
        {
            "type": "Feature",
            "properties": {
                "sna": "龍門廣場",
                "sno": 500101137,
                "available_rent_general_bikes": 34,
                "available_return_bikes": 34,
                "total_bikes": 68
            },
            "geometry": {
                "type": "Point",
                "coordinates": [
                    121.54825,
                    25.04092
                ]
            }
        },
        {
            "type": "Feature",
            "properties": {
                "sna": "仁愛安和路口",
                "sno": 500101138,
                "available_rent_general_bikes": 14,
                "available_return_bikes": 19,
                "total_bikes": 33
            },
            "geometry": {
                "type": "Point",
                "coordinates": [
                    121.55285,
                    25.03754
                ]
            }
        },
        {
            "type": "Feature",
            "properties": {
                "sna": "信義敦化路口",
                "sno": 500101139,
                "available_rent_general_bikes": 21,
                "available_return_bikes": 30,
                "total_bikes": 51
            },
            "geometry": {
                "type": "Point",
                "coordinates": [
                    121.54977,
                    25.03333
                ]
            }
        },
        {
            "type": "Feature",
            "properties": {
                "sna": "仁愛國中",
                "sno": 500101140,
                "available_rent_general_bikes": 21,
                "available_return_bikes": 4,
                "total_bikes": 25
            },
            "geometry": {
                "type": "Point",
                "coordinates": [
                    121.55166,
                    25.03706
                ]
            }
        },
        {
            "type": "Feature",
            "properties": {
                "sna": "捷運信義安和站(2號出口)",
                "sno": 500101141,
                "available_rent_general_bikes": 4,
                "available_return_bikes": 17,
                "total_bikes": 21
            },
            "geometry": {
                "type": "Point",
                "coordinates": [
                    121.55171,
                    25.03304
                ]
            }
        },
        {
            "type": "Feature",
            "properties": {
                "sna": "八德市場",
                "sno": 500101142,
                "available_rent_general_bikes": 18,
                "available_return_bikes": 11,
                "total_bikes": 29
            },
            "geometry": {
                "type": "Point",
                "coordinates": [
                    121.53665,
                    25.04463
                ]
            }
        },
        {
            "type": "Feature",
            "properties": {
                "sna": "昌隆公園",
                "sno": 500101143,
                "available_rent_general_bikes": 15,
                "available_return_bikes": 0,
                "total_bikes": 15
            },
            "geometry": {
                "type": "Point",
                "coordinates": [
                    121.53946,
                    25.04448
                ]
            }
        },
        {
            "type": "Feature",
            "properties": {
                "sna": "捷運大安森林公園站(2號出口)",
                "sno": 500101144,
                "available_rent_general_bikes": 0,
                "available_return_bikes": 67,
                "total_bikes": 67
            },
            "geometry": {
                "type": "Point",
                "coordinates": [
                    121.53435,
                    25.03332
                ]
            }
        },
        {
            "type": "Feature",
            "properties": {
                "sna": "信義延吉街口",
                "sno": 500101145,
                "available_rent_general_bikes": 9,
                "available_return_bikes": 5,
                "total_bikes": 14
            },
            "geometry": {
                "type": "Point",
                "coordinates": [
                    121.55725,
                    25.03318
                ]
            }
        },
        {
            "type": "Feature",
            "properties": {
                "sna": "光信公園(光復南路456巷)",
                "sno": 500101146,
                "available_rent_general_bikes": 5,
                "available_return_bikes": 19,
                "total_bikes": 24
            },
            "geometry": {
                "type": "Point",
                "coordinates": [
                    121.5561,
                    25.03513
                ]
            }
        },
        {
            "type": "Feature",
            "properties": {
                "sna": "僑安地下停車場(2號出口)東南側",
                "sno": 500101147,
                "available_rent_general_bikes": 10,
                "available_return_bikes": 9,
                "total_bikes": 19
            },
            "geometry": {
                "type": "Point",
                "coordinates": [
                    121.5569,
                    25.0391
                ]
            }
        },
        {
            "type": "Feature",
            "properties": {
                "sna": "建國南路一段279巷口",
                "sno": 500101148,
                "available_rent_general_bikes": 7,
                "available_return_bikes": 24,
                "total_bikes": 31
            },
            "geometry": {
                "type": "Point",
                "coordinates": [
                    121.53833,
                    25.03635
                ]
            }
        },
        {
            "type": "Feature",
            "properties": {
                "sna": "捷運忠孝新生站(6號出口)",
                "sno": 500101149,
                "available_rent_general_bikes": 0,
                "available_return_bikes": 15,
                "total_bikes": 15
            },
            "geometry": {
                "type": "Point",
                "coordinates": [
                    121.53295,
                    25.04091
                ]
            }
        },
        {
            "type": "Feature",
            "properties": {
                "sna": "捷運忠孝新生站(4號出口)",
                "sno": 500101150,
                "available_rent_general_bikes": 1,
                "available_return_bikes": 33,
                "total_bikes": 34
            },
            "geometry": {
                "type": "Point",
                "coordinates": [
                    121.53324,
                    25.04239
                ]
            }
        },
        {
            "type": "Feature",
            "properties": {
                "sna": "大安高工",
                "sno": 500101151,
                "available_rent_general_bikes": 1,
                "available_return_bikes": 22,
                "total_bikes": 23
            },
            "geometry": {
                "type": "Point",
                "coordinates": [
                    121.54339,
                    25.03126
                ]
            }
        },
        {
            "type": "Feature",
            "properties": {
                "sna": "捷運忠孝新生站(3號出口)",
                "sno": 500101152,
                "available_rent_general_bikes": 0,
                "available_return_bikes": 23,
                "total_bikes": 23
            },
            "geometry": {
                "type": "Point",
                "coordinates": [
                    121.53376,
                    25.04189
                ]
            }
        },
        {
            "type": "Feature",
            "properties": {
                "sna": "?公公園",
                "sno": 500101153,
                "available_rent_general_bikes": 15,
                "available_return_bikes": 4,
                "total_bikes": 19
            },
            "geometry": {
                "type": "Point",
                "coordinates": [
                    121.54612,
                    25.04201
                ]
            }
        },
        {
            "type": "Feature",
            "properties": {
                "sna": "敦化市民路口",
                "sno": 500101154,
                "available_rent_general_bikes": 8,
                "available_return_bikes": 15,
                "total_bikes": 23
            },
            "geometry": {
                "type": "Point",
                "coordinates": [
                    121.5486,
                    25.04405
                ]
            }
        },
        {
            "type": "Feature",
            "properties": {
                "sna": "捷運大安森林公園站(5號出口)",
                "sno": 500101155,
                "available_rent_general_bikes": 3,
                "available_return_bikes": 11,
                "total_bikes": 14
            },
            "geometry": {
                "type": "Point",
                "coordinates": [
                    121.5364,
                    25.03336
                ]
            }
        },
        {
            "type": "Feature",
            "properties": {
                "sna": "信義建國路口",
                "sno": 500101156,
                "available_rent_general_bikes": 1,
                "available_return_bikes": 50,
                "total_bikes": 51
            },
            "geometry": {
                "type": "Point",
                "coordinates": [
                    121.53746,
                    25.0328
                ]
            }
        },
        {
            "type": "Feature",
            "properties": {
                "sna": "東豐公園",
                "sno": 500101157,
                "available_rent_general_bikes": 5,
                "available_return_bikes": 11,
                "total_bikes": 16
            },
            "geometry": {
                "type": "Point",
                "coordinates": [
                    121.5451,
                    25.03569
                ]
            }
        },
        {
            "type": "Feature",
            "properties": {
                "sna": "德安公園(四維路66巷)",
                "sno": 500101158,
                "available_rent_general_bikes": 2,
                "available_return_bikes": 12,
                "total_bikes": 14
            },
            "geometry": {
                "type": "Point",
                "coordinates": [
                    121.54767,
                    25.03473
                ]
            }
        },
        {
            "type": "Feature",
            "properties": {
                "sna": "捷運忠孝復興站(5號出口)",
                "sno": 500101159,
                "available_rent_general_bikes": 5,
                "available_return_bikes": 25,
                "total_bikes": 30
            },
            "geometry": {
                "type": "Point",
                "coordinates": [
                    121.54407,
                    25.04253
                ]
            }
        },
        {
            "type": "Feature",
            "properties": {
                "sna": "捷運忠孝敦化站(2號出口)",
                "sno": 500101160,
                "available_rent_general_bikes": 13,
                "available_return_bikes": 1,
                "total_bikes": 14
            },
            "geometry": {
                "type": "Point",
                "coordinates": [
                    121.5524,
                    25.04153
                ]
            }
        },
        {
            "type": "Feature",
            "properties": {
                "sna": "捷運忠孝敦化站(7號出口)",
                "sno": 500101161,
                "available_rent_general_bikes": 2,
                "available_return_bikes": 16,
                "total_bikes": 18
            },
            "geometry": {
                "type": "Point",
                "coordinates": [
                    121.54937,
                    25.04159
                ]
            }
        },
        {
            "type": "Feature",
            "properties": {
                "sna": "忠孝東路四段223巷口(市民大道側)",
                "sno": 500101162,
                "available_rent_general_bikes": 8,
                "available_return_bikes": 17,
                "total_bikes": 25
            },
            "geometry": {
                "type": "Point",
                "coordinates": [
                    121.55291,
                    25.04427
                ]
            }
        },
        {
            "type": "Feature",
            "properties": {
                "sna": "瑞安街208巷",
                "sno": 500101163,
                "available_rent_general_bikes": 3,
                "available_return_bikes": 11,
                "total_bikes": 14
            },
            "geometry": {
                "type": "Point",
                "coordinates": [
                    121.54053,
                    25.02979
                ]
            }
        },
        {
            "type": "Feature",
            "properties": {
                "sna": "樂利路21巷口",
                "sno": 500101165,
                "available_rent_general_bikes": 1,
                "available_return_bikes": 16,
                "total_bikes": 17
            },
            "geometry": {
                "type": "Point",
                "coordinates": [
                    121.55132,
                    25.0277
                ]
            }
        },
        {
            "type": "Feature",
            "properties": {
                "sna": "捷運科技大樓站(台北教育大學)",
                "sno": 500101166,
                "available_rent_general_bikes": 2,
                "available_return_bikes": 50,
                "total_bikes": 52
            },
            "geometry": {
                "type": "Point",
                "coordinates": [
                    121.54417,
                    25.02472
                ]
            }
        },
        {
            "type": "Feature",
            "properties": {
                "sna": "捷運國父紀念館站(2號出口)",
                "sno": 500101167,
                "available_rent_general_bikes": 34,
                "available_return_bikes": 6,
                "total_bikes": 40
            },
            "geometry": {
                "type": "Point",
                "coordinates": [
                    121.55745,
                    25.04122
                ]
            }
        },
        {
            "type": "Feature",
            "properties": {
                "sna": "仁愛醫院",
                "sno": 500101168,
                "available_rent_general_bikes": 25,
                "available_return_bikes": 9,
                "total_bikes": 34
            },
            "geometry": {
                "type": "Point",
                "coordinates": [
                    121.54587,
                    25.03756
                ]
            }
        },
        {
            "type": "Feature",
            "properties": {
                "sna": "捷運信義安和站(4號出口)",
                "sno": 500101169,
                "available_rent_general_bikes": 6,
                "available_return_bikes": 41,
                "total_bikes": 47
            },
            "geometry": {
                "type": "Point",
                "coordinates": [
                    121.55378,
                    25.03305
                ]
            }
        },
        {
            "type": "Feature",
            "properties": {
                "sna": "成功國宅",
                "sno": 500101170,
                "available_rent_general_bikes": 1,
                "available_return_bikes": 35,
                "total_bikes": 36
            },
            "geometry": {
                "type": "Point",
                "coordinates": [
                    121.54668,
                    25.02681
                ]
            }
        },
        {
            "type": "Feature",
            "properties": {
                "sna": "仁愛延吉街口",
                "sno": 500101171,
                "available_rent_general_bikes": 23,
                "available_return_bikes": 10,
                "total_bikes": 33
            },
            "geometry": {
                "type": "Point",
                "coordinates": [
                    121.55564,
                    25.03748
                ]
            }
        },
        {
            "type": "Feature",
            "properties": {
                "sna": "捷運信義安和站(1號出口)",
                "sno": 500101172,
                "available_rent_general_bikes": 1,
                "available_return_bikes": 32,
                "total_bikes": 33
            },
            "geometry": {
                "type": "Point",
                "coordinates": [
                    121.55265,
                    25.03331
                ]
            }
        },
        {
            "type": "Feature",
            "properties": {
                "sna": "仁愛復興路口",
                "sno": 500101237,
                "available_rent_general_bikes": 8,
                "available_return_bikes": 14,
                "total_bikes": 22
            },
            "geometry": {
                "type": "Point",
                "coordinates": [
                    121.544,
                    25.03817
                ]
            }
        },
        {
            "type": "Feature",
            "properties": {
                "sna": "敦化南路二段103巷口",
                "sno": 500101173,
                "available_rent_general_bikes": 7,
                "available_return_bikes": 5,
                "total_bikes": 12
            },
            "geometry": {
                "type": "Point",
                "coordinates": [
                    121.54904,
                    25.0287
                ]
            }
        },
        {
            "type": "Feature",
            "properties": {
                "sna": "復興南路二段128巷口",
                "sno": 500101174,
                "available_rent_general_bikes": 3,
                "available_return_bikes": 37,
                "total_bikes": 40
            },
            "geometry": {
                "type": "Point",
                "coordinates": [
                    121.54336,
                    25.02861
                ]
            }
        },
        {
            "type": "Feature",
            "properties": {
                "sna": "和平東建國南路口",
                "sno": 500101175,
                "available_rent_general_bikes": 3,
                "available_return_bikes": 13,
                "total_bikes": 16
            },
            "geometry": {
                "type": "Point",
                "coordinates": [
                    121.5377,
                    25.02575
                ]
            }
        },
        {
            "type": "Feature",
            "properties": {
                "sna": "芳蘭山莊",
                "sno": 500101176,
                "available_rent_general_bikes": 5,
                "available_return_bikes": 10,
                "total_bikes": 15
            },
            "geometry": {
                "type": "Point",
                "coordinates": [
                    121.54788,
                    25.01223
                ]
            }
        },
        {
            "type": "Feature",
            "properties": {
                "sna": "復興南路一段126巷口",
                "sno": 500101177,
                "available_rent_general_bikes": 3,
                "available_return_bikes": 12,
                "total_bikes": 15
            },
            "geometry": {
                "type": "Point",
                "coordinates": [
                    121.54313,
                    25.04311
                ]
            }
        },
        {
            "type": "Feature",
            "properties": {
                "sna": "捷運東門站(5號出口)",
                "sno": 500101179,
                "available_rent_general_bikes": 1,
                "available_return_bikes": 27,
                "total_bikes": 28
            },
            "geometry": {
                "type": "Point",
                "coordinates": [
                    121.52962,
                    25.03363
                ]
            }
        },
        {
            "type": "Feature",
            "properties": {
                "sna": "仁愛路四段48巷口",
                "sno": 500101180,
                "available_rent_general_bikes": 7,
                "available_return_bikes": 5,
                "total_bikes": 12
            },
            "geometry": {
                "type": "Point",
                "coordinates": [
                    121.54693,
                    25.03597
                ]
            }
        },
        {
            "type": "Feature",
            "properties": {
                "sna": "捷運公館站(3號出口)",
                "sno": 500101181,
                "available_rent_general_bikes": 2,
                "available_return_bikes": 96,
                "total_bikes": 98
            },
            "geometry": {
                "type": "Point",
                "coordinates": [
                    121.53374,
                    25.01551
                ]
            }
        },
        {
            "type": "Feature",
            "properties": {
                "sna": "臺北科技大學(電機工程系)",
                "sno": 500101182,
                "available_rent_general_bikes": 9,
                "available_return_bikes": 3,
                "total_bikes": 12
            },
            "geometry": {
                "type": "Point",
                "coordinates": [
                    121.53653,
                    25.04196
                ]
            }
        },
        {
            "type": "Feature",
            "properties": {
                "sna": "新生南路三段94巷口",
                "sno": 500101184,
                "available_rent_general_bikes": 4,
                "available_return_bikes": 11,
                "total_bikes": 15
            },
            "geometry": {
                "type": "Point",
                "coordinates": [
                    121.53334,
                    25.01744
                ]
            }
        },
        {
            "type": "Feature",
            "properties": {
                "sna": "辛亥新生路口西北側",
                "sno": 500101185,
                "available_rent_general_bikes": 0,
                "available_return_bikes": 24,
                "total_bikes": 24
            },
            "geometry": {
                "type": "Point",
                "coordinates": [
                    121.5341,
                    25.02267
                ]
            }
        },
        {
            "type": "Feature",
            "properties": {
                "sna": "捷運大安站(6號出口)",
                "sno": 500101186,
                "available_rent_general_bikes": 0,
                "available_return_bikes": 19,
                "total_bikes": 19
            },
            "geometry": {
                "type": "Point",
                "coordinates": [
                    121.54376,
                    25.03479
                ]
            }
        },
        {
            "type": "Feature",
            "properties": {
                "sna": "臥龍街195巷口",
                "sno": 500101187,
                "available_rent_general_bikes": 4,
                "available_return_bikes": 10,
                "total_bikes": 14
            },
            "geometry": {
                "type": "Point",
                "coordinates": [
                    121.55224,
                    25.01783
                ]
            }
        },
        {
            "type": "Feature",
            "properties": {
                "sna": "辛亥路三段157巷口",
                "sno": 500101188,
                "available_rent_general_bikes": 6,
                "available_return_bikes": 21,
                "total_bikes": 27
            },
            "geometry": {
                "type": "Point",
                "coordinates": [
                    121.54904,
                    25.01727
                ]
            }
        },
        {
            "type": "Feature",
            "properties": {
                "sna": "臥龍基隆路口",
                "sno": 500101189,
                "available_rent_general_bikes": 7,
                "available_return_bikes": 21,
                "total_bikes": 28
            },
            "geometry": {
                "type": "Point",
                "coordinates": [
                    121.54853,
                    25.02039
                ]
            }
        },
        {
            "type": "Feature",
            "properties": {
                "sna": "敦親公園",
                "sno": 500101190,
                "available_rent_general_bikes": 5,
                "available_return_bikes": 21,
                "total_bikes": 26
            },
            "geometry": {
                "type": "Point",
                "coordinates": [
                    121.54108,
                    25.02347
                ]
            }
        },
        {
            "type": "Feature",
            "properties": {
                "sna": "大安運動中心",
                "sno": 500101191,
                "available_rent_general_bikes": 23,
                "available_return_bikes": 9,
                "total_bikes": 32
            },
            "geometry": {
                "type": "Point",
                "coordinates": [
                    121.54561,
                    25.02054
                ]
            }
        },
        {
            "type": "Feature",
            "properties": {
                "sna": "和平敦化路口",
                "sno": 500101192,
                "available_rent_general_bikes": 3,
                "available_return_bikes": 28,
                "total_bikes": 31
            },
            "geometry": {
                "type": "Point",
                "coordinates": [
                    121.54908,
                    25.02444
                ]
            }
        },
        {
            "type": "Feature",
            "properties": {
                "sna": "基隆長興路口",
                "sno": 500101193,
                "available_rent_general_bikes": 4,
                "available_return_bikes": 45,
                "total_bikes": 49
            },
            "geometry": {
                "type": "Point",
                "coordinates": [
                    121.54435,
                    25.01705
                ]
            }
        },
        {
            "type": "Feature",
            "properties": {
                "sna": "仁愛路四段122巷口",
                "sno": 500101194,
                "available_rent_general_bikes": 18,
                "available_return_bikes": 6,
                "total_bikes": 24
            },
            "geometry": {
                "type": "Point",
                "coordinates": [
                    121.55009,
                    25.03762
                ]
            }
        },
        {
            "type": "Feature",
            "properties": {
                "sna": "市民敦化路口",
                "sno": 500101196,
                "available_rent_general_bikes": 24,
                "available_return_bikes": 5,
                "total_bikes": 29
            },
            "geometry": {
                "type": "Point",
                "coordinates": [
                    121.54944,
                    25.04464
                ]
            }
        },
        {
            "type": "Feature",
            "properties": {
                "sna": "忠孝東路四段49巷口",
                "sno": 500101197,
                "available_rent_general_bikes": 1,
                "available_return_bikes": 13,
                "total_bikes": 14
            },
            "geometry": {
                "type": "Point",
                "coordinates": [
                    121.54541,
                    25.04172
                ]
            }
        },
        {
            "type": "Feature",
            "properties": {
                "sna": "市民復興路口(東南側)",
                "sno": 500101198,
                "available_rent_general_bikes": 6,
                "available_return_bikes": 10,
                "total_bikes": 16
            },
            "geometry": {
                "type": "Point",
                "coordinates": [
                    121.54401,
                    25.04472
                ]
            }
        },
        {
            "type": "Feature",
            "properties": {
                "sna": "和平新生路口西南側",
                "sno": 500101199,
                "available_rent_general_bikes": 1,
                "available_return_bikes": 15,
                "total_bikes": 16
            },
            "geometry": {
                "type": "Point",
                "coordinates": [
                    121.534,
                    25.02604
                ]
            }
        },
        {
            "type": "Feature",
            "properties": {
                "sna": "全安公園",
                "sno": 500101200,
                "available_rent_general_bikes": 0,
                "available_return_bikes": 16,
                "total_bikes": 16
            },
            "geometry": {
                "type": "Point",
                "coordinates": [
                    121.55101,
                    25.02535
                ]
            }
        },
        {
            "type": "Feature",
            "properties": {
                "sna": "信義路三段134巷口",
                "sno": 500101201,
                "available_rent_general_bikes": 1,
                "available_return_bikes": 18,
                "total_bikes": 19
            },
            "geometry": {
                "type": "Point",
                "coordinates": [
                    121.53968,
                    25.03333
                ]
            }
        },
        {
            "type": "Feature",
            "properties": {
                "sna": "仁愛敦南圓環(東南側)",
                "sno": 500101202,
                "available_rent_general_bikes": 10,
                "available_return_bikes": 6,
                "total_bikes": 16
            },
            "geometry": {
                "type": "Point",
                "coordinates": [
                    121.54936,
                    25.03715
                ]
            }
        },
        {
            "type": "Feature",
            "properties": {
                "sna": "臺北遠企購物中心",
                "sno": 500101203,
                "available_rent_general_bikes": 26,
                "available_return_bikes": 5,
                "total_bikes": 31
            },
            "geometry": {
                "type": "Point",
                "coordinates": [
                    121.54902,
                    25.02709
                ]
            }
        },
        {
            "type": "Feature",
            "properties": {
                "sna": "外交部外交及國際事務學院",
                "sno": 500101204,
                "available_rent_general_bikes": 21,
                "available_return_bikes": 4,
                "total_bikes": 25
            },
            "geometry": {
                "type": "Point",
                "coordinates": [
                    121.54839,
                    25.0371
                ]
            }
        },
        {
            "type": "Feature",
            "properties": {
                "sna": "四維路170巷口",
                "sno": 500101205,
                "available_rent_general_bikes": 8,
                "available_return_bikes": 14,
                "total_bikes": 22
            },
            "geometry": {
                "type": "Point",
                "coordinates": [
                    121.54864,
                    25.02821
                ]
            }
        },
        {
            "type": "Feature",
            "properties": {
                "sna": "捷運大安站(3號出口)",
                "sno": 500101206,
                "available_rent_general_bikes": 1,
                "available_return_bikes": 44,
                "total_bikes": 45
            },
            "geometry": {
                "type": "Point",
                "coordinates": [
                    121.5425,
                    25.03328
                ]
            }
        },
        {
            "type": "Feature",
            "properties": {
                "sna": "捷運臺電大樓站(2號出口)_1",
                "sno": 500101207,
                "available_rent_general_bikes": 0,
                "available_return_bikes": 36,
                "total_bikes": 36
            },
            "geometry": {
                "type": "Point",
                "coordinates": [
                    121.52855,
                    25.02055
                ]
            }
        },
        {
            "type": "Feature",
            "properties": {
                "sna": "信義路四段199巷",
                "sno": 500101208,
                "available_rent_general_bikes": 1,
                "available_return_bikes": 14,
                "total_bikes": 15
            },
            "geometry": {
                "type": "Point",
                "coordinates": [
                    121.55164,
                    25.03459
                ]
            }
        },
        {
            "type": "Feature",
            "properties": {
                "sna": "臺大資訊大樓",
                "sno": 500101209,
                "available_rent_general_bikes": 4,
                "available_return_bikes": 36,
                "total_bikes": 40
            },
            "geometry": {
                "type": "Point",
                "coordinates": [
                    121.54153,
                    25.02101
                ]
            }
        },
        {
            "type": "Feature",
            "properties": {
                "sna": "敦化南路二段81巷",
                "sno": 500101210,
                "available_rent_general_bikes": 25,
                "available_return_bikes": 11,
                "total_bikes": 36
            },
            "geometry": {
                "type": "Point",
                "coordinates": [
                    121.54893,
                    25.03002
                ]
            }
        },
        {
            "type": "Feature",
            "properties": {
                "sna": "原臺北刑務所官舍",
                "sno": 500101211,
                "available_rent_general_bikes": 1,
                "available_return_bikes": 21,
                "total_bikes": 22
            },
            "geometry": {
                "type": "Point",
                "coordinates": [
                    121.52466,
                    25.03054
                ]
            }
        },
        {
            "type": "Feature",
            "properties": {
                "sna": "捷運國父紀念館站(1號出口)",
                "sno": 500101212,
                "available_rent_general_bikes": 8,
                "available_return_bikes": 13,
                "total_bikes": 21
            },
            "geometry": {
                "type": "Point",
                "coordinates": [
                    121.55657,
                    25.04205
                ]
            }
        },
        {
            "type": "Feature",
            "properties": {
                "sna": "懷生國中",
                "sno": 500101213,
                "available_rent_general_bikes": 3,
                "available_return_bikes": 12,
                "total_bikes": 15
            },
            "geometry": {
                "type": "Point",
                "coordinates": [
                    121.54122,
                    25.0401
                ]
            }
        },
        {
            "type": "Feature",
            "properties": {
                "sna": "仁愛敦南圓環(西北側)",
                "sno": 500101214,
                "available_rent_general_bikes": 17,
                "available_return_bikes": 2,
                "total_bikes": 19
            },
            "geometry": {
                "type": "Point",
                "coordinates": [
                    121.54802,
                    25.03827
                ]
            }
        },
        {
            "type": "Feature",
            "properties": {
                "sna": "立人國小",
                "sno": 500101215,
                "available_rent_general_bikes": 2,
                "available_return_bikes": 14,
                "total_bikes": 16
            },
            "geometry": {
                "type": "Point",
                "coordinates": [
                    121.55146,
                    25.02974
                ]
            }
        },
        {
            "type": "Feature",
            "properties": {
                "sna": "和平東路二段18巷口",
                "sno": 500101216,
                "available_rent_general_bikes": 0,
                "available_return_bikes": 24,
                "total_bikes": 24
            },
            "geometry": {
                "type": "Point",
                "coordinates": [
                    121.53608,
                    25.02268
                ]
            }
        },
        {
            "type": "Feature",
            "properties": {
                "sna": "捷運大安站(5號出口)",
                "sno": 500101217,
                "available_rent_general_bikes": 1,
                "available_return_bikes": 25,
                "total_bikes": 26
            },
            "geometry": {
                "type": "Point",
                "coordinates": [
                    121.54372,
                    25.03303
                ]
            }
        },
        {
            "type": "Feature",
            "properties": {
                "sna": "臨江公園",
                "sno": 500101218,
                "available_rent_general_bikes": 2,
                "available_return_bikes": 21,
                "total_bikes": 23
            },
            "geometry": {
                "type": "Point",
                "coordinates": [
                    121.55592,
                    25.02832
                ]
            }
        },
        {
            "type": "Feature",
            "properties": {
                "sna": "羅斯福路四段113巷19弄口",
                "sno": 500101219,
                "available_rent_general_bikes": 0,
                "available_return_bikes": 14,
                "total_bikes": 14
            },
            "geometry": {
                "type": "Point",
                "coordinates": [
                    121.53998,
                    25.01027
                ]
            }
        },
        {
            "type": "Feature",
            "properties": {
                "sna": "忠孝東路四段248巷口",
                "sno": 500101221,
                "available_rent_general_bikes": 9,
                "available_return_bikes": 14,
                "total_bikes": 23
            },
            "geometry": {
                "type": "Point",
                "coordinates": [
                    121.55393,
                    25.04132
                ]
            }
        },
        {
            "type": "Feature",
            "properties": {
                "sna": "仁愛延吉路口(西北側)",
                "sno": 500101222,
                "available_rent_general_bikes": 6,
                "available_return_bikes": 12,
                "total_bikes": 18
            },
            "geometry": {
                "type": "Point",
                "coordinates": [
                    121.55466,
                    25.03795
                ]
            }
        },
        {
            "type": "Feature",
            "properties": {
                "sna": "樂利路101巷口",
                "sno": 500101223,
                "available_rent_general_bikes": 0,
                "available_return_bikes": 13,
                "total_bikes": 13
            },
            "geometry": {
                "type": "Point",
                "coordinates": [
                    121.55224,
                    25.02528
                ]
            }
        },
        {
            "type": "Feature",
            "properties": {
                "sna": "羅斯福浦城街口",
                "sno": 500101224,
                "available_rent_general_bikes": 0,
                "available_return_bikes": 14,
                "total_bikes": 14
            },
            "geometry": {
                "type": "Point",
                "coordinates": [
                    121.52678,
                    25.02208
                ]
            }
        },
        {
            "type": "Feature",
            "properties": {
                "sna": "敦化南路一段295巷口",
                "sno": 500101225,
                "available_rent_general_bikes": 7,
                "available_return_bikes": 11,
                "total_bikes": 18
            },
            "geometry": {
                "type": "Point",
                "coordinates": [
                    121.54951,
                    25.03551
                ]
            }
        },
        {
            "type": "Feature",
            "properties": {
                "sna": "通安區民活動中心",
                "sno": 500101226,
                "available_rent_general_bikes": 8,
                "available_return_bikes": 20,
                "total_bikes": 28
            },
            "geometry": {
                "type": "Point",
                "coordinates": [
                    121.55294,
                    25.02942
                ]
            }
        },
        {
            "type": "Feature",
            "properties": {
                "sna": "復興忠孝東路口(東南側)",
                "sno": 500101227,
                "available_rent_general_bikes": 13,
                "available_return_bikes": 15,
                "total_bikes": 28
            },
            "geometry": {
                "type": "Point",
                "coordinates": [
                    121.54389,
                    25.04061
                ]
            }
        },
        {
            "type": "Feature",
            "properties": {
                "sna": "仁愛大安路口(東北側)",
                "sno": 500101228,
                "available_rent_general_bikes": 8,
                "available_return_bikes": 12,
                "total_bikes": 20
            },
            "geometry": {
                "type": "Point",
                "coordinates": [
                    121.54631,
                    25.03813
                ]
            }
        },
        {
            "type": "Feature",
            "properties": {
                "sna": "臺灣師範大學(浦城街)",
                "sno": 500101229,
                "available_rent_general_bikes": 8,
                "available_return_bikes": 6,
                "total_bikes": 14
            },
            "geometry": {
                "type": "Point",
                "coordinates": [
                    121.52803,
                    25.02476
                ]
            }
        },
        {
            "type": "Feature",
            "properties": {
                "sna": "安和路二段69巷口",
                "sno": 500101230,
                "available_rent_general_bikes": 0,
                "available_return_bikes": 20,
                "total_bikes": 20
            },
            "geometry": {
                "type": "Point",
                "coordinates": [
                    121.55252,
                    25.03056
                ]
            }
        },
        {
            "type": "Feature",
            "properties": {
                "sna": "大安國小",
                "sno": 500101231,
                "available_rent_general_bikes": 0,
                "available_return_bikes": 25,
                "total_bikes": 25
            },
            "geometry": {
                "type": "Point",
                "coordinates": [
                    121.55084,
                    25.02014
                ]
            }
        },
        {
            "type": "Feature",
            "properties": {
                "sna": "捷運古亭站(3號出口)",
                "sno": 500101232,
                "available_rent_general_bikes": 1,
                "available_return_bikes": 14,
                "total_bikes": 15
            },
            "geometry": {
                "type": "Point",
                "coordinates": [
                    121.52359,
                    25.02572
                ]
            }
        },
        {
            "type": "Feature",
            "properties": {
                "sna": "捷運忠孝復興站(3號出口)",
                "sno": 500101233,
                "available_rent_general_bikes": 7,
                "available_return_bikes": 29,
                "total_bikes": 36
            },
            "geometry": {
                "type": "Point",
                "coordinates": [
                    121.54414,
                    25.04152
                ]
            }
        },
        {
            "type": "Feature",
            "properties": {
                "sna": "和平東路二段90巷",
                "sno": 500101234,
                "available_rent_general_bikes": 1,
                "available_return_bikes": 19,
                "total_bikes": 20
            },
            "geometry": {
                "type": "Point",
                "coordinates": [
                    121.53965,
                    25.02468
                ]
            }
        },
        {
            "type": "Feature",
            "properties": {
                "sna": "光復南路420巷口",
                "sno": 500101235,
                "available_rent_general_bikes": 2,
                "available_return_bikes": 14,
                "total_bikes": 16
            },
            "geometry": {
                "type": "Point",
                "coordinates": [
                    121.55742,
                    25.03601
                ]
            }
        },
        {
            "type": "Feature",
            "properties": {
                "sna": "仁愛敦南圓環(東側)",
                "sno": 500101238,
                "available_rent_general_bikes": 11,
                "available_return_bikes": 4,
                "total_bikes": 15
            },
            "geometry": {
                "type": "Point",
                "coordinates": [
                    121.55042,
                    25.03804
                ]
            }
        },
        {
            "type": "Feature",
            "properties": {
                "sna": "古風公園",
                "sno": 500101239,
                "available_rent_general_bikes": 0,
                "available_return_bikes": 15,
                "total_bikes": 15
            },
            "geometry": {
                "type": "Point",
                "coordinates": [
                    121.52912,
                    25.02187
                ]
            }
        },
        {
            "type": "Feature",
            "properties": {
                "sna": "和平東路二段76巷",
                "sno": 500101240,
                "available_rent_general_bikes": 7,
                "available_return_bikes": 33,
                "total_bikes": 40
            },
            "geometry": {
                "type": "Point",
                "coordinates": [
                    121.53906,
                    25.02263
                ]
            }
        },
        {
            "type": "Feature",
            "properties": {
                "sna": "敦化信義路口(東南側)",
                "sno": 500101241,
                "available_rent_general_bikes": 7,
                "available_return_bikes": 11,
                "total_bikes": 18
            },
            "geometry": {
                "type": "Point",
                "coordinates": [
                    121.54907,
                    25.03276
                ]
            }
        },
        {
            "type": "Feature",
            "properties": {
                "sna": "和平東路三段308巷口",
                "sno": 500101242,
                "available_rent_general_bikes": 3,
                "available_return_bikes": 10,
                "total_bikes": 13
            },
            "geometry": {
                "type": "Point",
                "coordinates": [
                    121.5544,
                    25.01883
                ]
            }
        },
        {
            "type": "Feature",
            "properties": {
                "sna": "忠孝建國路口(東南側)",
                "sno": 500101243,
                "available_rent_general_bikes": 10,
                "available_return_bikes": 10,
                "total_bikes": 20
            },
            "geometry": {
                "type": "Point",
                "coordinates": [
                    121.5378,
                    25.04159
                ]
            }
        },
        {
            "type": "Feature",
            "properties": {
                "sna": "浦城街26巷",
                "sno": 500101244,
                "available_rent_general_bikes": 2,
                "available_return_bikes": 14,
                "total_bikes": 16
            },
            "geometry": {
                "type": "Point",
                "coordinates": [
                    121.52618,
                    25.02324
                ]
            }
        },
        {
            "type": "Feature",
            "properties": {
                "sna": "青峰活動中心",
                "sno": 500101245,
                "available_rent_general_bikes": 8,
                "available_return_bikes": 15,
                "total_bikes": 23
            },
            "geometry": {
                "type": "Point",
                "coordinates": [
                    121.55121,
                    25.01524
                ]
            }
        },
        {
            "type": "Feature",
            "properties": {
                "sna": "忠孝東路三段216巷口",
                "sno": 500101246,
                "available_rent_general_bikes": 3,
                "available_return_bikes": 23,
                "total_bikes": 26
            },
            "geometry": {
                "type": "Point",
                "coordinates": [
                    121.5402,
                    25.04157
                ]
            }
        },
        {
            "type": "Feature",
            "properties": {
                "sna": "捷運忠孝復興站(4號出口)",
                "sno": 500101247,
                "available_rent_general_bikes": 2,
                "available_return_bikes": 21,
                "total_bikes": 23
            },
            "geometry": {
                "type": "Point",
                "coordinates": [
                    121.54412,
                    25.04173
                ]
            }
        },
        {
            "type": "Feature",
            "properties": {
                "sna": "和平溫州街口",
                "sno": 500101248,
                "available_rent_general_bikes": 4,
                "available_return_bikes": 17,
                "total_bikes": 21
            },
            "geometry": {
                "type": "Point",
                "coordinates": [
                    121.53342,
                    25.02634
                ]
            }
        },
        {
            "type": "Feature",
            "properties": {
                "sna": "國立臺北教育大學創意館",
                "sno": 500101250,
                "available_rent_general_bikes": 0,
                "available_return_bikes": 32,
                "total_bikes": 32
            },
            "geometry": {
                "type": "Point",
                "coordinates": [
                    121.54394,
                    25.02305
                ]
            }
        },
        {
            "type": "Feature",
            "properties": {
                "sna": "捷運忠孝復興站(1號出口)",
                "sno": 500101251,
                "available_rent_general_bikes": 0,
                "available_return_bikes": 25,
                "total_bikes": 25
            },
            "geometry": {
                "type": "Point",
                "coordinates": [
                    121.54362,
                    25.04199
                ]
            }
        },
        {
            "type": "Feature",
            "properties": {
                "sna": "政大公企中心",
                "sno": 500101252,
                "available_rent_general_bikes": 4,
                "available_return_bikes": 5,
                "total_bikes": 9
            },
            "geometry": {
                "type": "Point",
                "coordinates": [
                    121.52781,
                    25.03076
                ]
            }
        },
        {
            "type": "Feature",
            "properties": {
                "sna": "大安路二段90巷口",
                "sno": 500101253,
                "available_rent_general_bikes": 2,
                "available_return_bikes": 17,
                "total_bikes": 19
            },
            "geometry": {
                "type": "Point",
                "coordinates": [
                    121.54602,
                    25.03117
                ]
            }
        },
        {
            "type": "Feature",
            "properties": {
                "sna": "師大附中運動中心",
                "sno": 500101254,
                "available_rent_general_bikes": 23,
                "available_return_bikes": 9,
                "total_bikes": 32
            },
            "geometry": {
                "type": "Point",
                "coordinates": [
                    121.53997,
                    25.03626
                ]
            }
        },
        {
            "type": "Feature",
            "properties": {
                "sna": "延平國宅",
                "sno": 500103001,
                "available_rent_general_bikes": 8,
                "available_return_bikes": 20,
                "total_bikes": 28
            },
            "geometry": {
                "type": "Point",
                "coordinates": [
                    121.51121,
                    25.07894
                ]
            }
        },
        {
            "type": "Feature",
            "properties": {
                "sna": "臺北市立圖書館大同分館",
                "sno": 500103002,
                "available_rent_general_bikes": 17,
                "available_return_bikes": 23,
                "total_bikes": 40
            },
            "geometry": {
                "type": "Point",
                "coordinates": [
                    121.51349,
                    25.0741
                ]
            }
        },
        {
            "type": "Feature",
            "properties": {
                "sna": "合昌宮",
                "sno": 500103003,
                "available_rent_general_bikes": 4,
                "available_return_bikes": 10,
                "total_bikes": 14
            },
            "geometry": {
                "type": "Point",
                "coordinates": [
                    121.50934,
                    25.07717
                ]
            }
        },
        {
            "type": "Feature",
            "properties": {
                "sna": "民族延平路口",
                "sno": 500103004,
                "available_rent_general_bikes": 16,
                "available_return_bikes": 19,
                "total_bikes": 35
            },
            "geometry": {
                "type": "Point",
                "coordinates": [
                    121.5107,
                    25.06864
                ]
            }
        },
        {
            "type": "Feature",
            "properties": {
                "sna": "重慶酒泉街口",
                "sno": 500103005,
                "available_rent_general_bikes": 1,
                "available_return_bikes": 43,
                "total_bikes": 44
            },
            "geometry": {
                "type": "Point",
                "coordinates": [
                    121.51368,
                    25.07158
                ]
            }
        },
        {
            "type": "Feature",
            "properties": {
                "sna": "樹德公園",
                "sno": 500103006,
                "available_rent_general_bikes": 0,
                "available_return_bikes": 13,
                "total_bikes": 13
            },
            "geometry": {
                "type": "Point",
                "coordinates": [
                    121.5165,
                    25.06647
                ]
            }
        },
        {
            "type": "Feature",
            "properties": {
                "sna": "陳天來故居",
                "sno": 500103007,
                "available_rent_general_bikes": 6,
                "available_return_bikes": 10,
                "total_bikes": 16
            },
            "geometry": {
                "type": "Point",
                "coordinates": [
                    121.50895,
                    25.05601
                ]
            }
        },
        {
            "type": "Feature",
            "properties": {
                "sna": "臺北孔廟",
                "sno": 500103008,
                "available_rent_general_bikes": 0,
                "available_return_bikes": 37,
                "total_bikes": 37
            },
            "geometry": {
                "type": "Point",
                "coordinates": [
                    121.51583,
                    25.07378
                ]
            }
        },
        {
            "type": "Feature",
            "properties": {
                "sna": "捷運圓山站(1號出口)",
                "sno": 500103009,
                "available_rent_general_bikes": 57,
                "available_return_bikes": 24,
                "total_bikes": 81
            },
            "geometry": {
                "type": "Point",
                "coordinates": [
                    121.52024,
                    25.07133
                ]
            }
        },
        {
            "type": "Feature",
            "properties": {
                "sna": "酒泉延平路口",
                "sno": 500103010,
                "available_rent_general_bikes": 12,
                "available_return_bikes": 29,
                "total_bikes": 41
            },
            "geometry": {
                "type": "Point",
                "coordinates": [
                    121.51057,
                    25.0722
                ]
            }
        },
        {
            "type": "Feature",
            "properties": {
                "sna": "重慶國中",
                "sno": 500103011,
                "available_rent_general_bikes": 39,
                "available_return_bikes": 23,
                "total_bikes": 62
            },
            "geometry": {
                "type": "Point",
                "coordinates": [
                    121.51862,
                    25.07567
                ]
            }
        },
        {
            "type": "Feature",
            "properties": {
                "sna": "重慶北路三段383巷口",
                "sno": 500103012,
                "available_rent_general_bikes": 7,
                "available_return_bikes": 18,
                "total_bikes": 25
            },
            "geometry": {
                "type": "Point",
                "coordinates": [
                    121.51409,
                    25.07598
                ]
            }
        },
        {
            "type": "Feature",
            "properties": {
                "sna": "台北數位產業園區",
                "sno": 500103013,
                "available_rent_general_bikes": 4,
                "available_return_bikes": 20,
                "total_bikes": 24
            },
            "geometry": {
                "type": "Point",
                "coordinates": [
                    121.52003,
                    25.07447
                ]
            }
        },
        {
            "type": "Feature",
            "properties": {
                "sna": "民權延平路口(西北側)",
                "sno": 500103019,
                "available_rent_general_bikes": 1,
                "available_return_bikes": 19,
                "total_bikes": 20
            },
            "geometry": {
                "type": "Point",
                "coordinates": [
                    121.51099,
                    25.06326
                ]
            }
        },
        {
            "type": "Feature",
            "properties": {
                "sna": "民權迪化街口",
                "sno": 500103020,
                "available_rent_general_bikes": 2,
                "available_return_bikes": 44,
                "total_bikes": 46
            },
            "geometry": {
                "type": "Point",
                "coordinates": [
                    121.50943,
                    25.06327
                ]
            }
        },
        {
            "type": "Feature",
            "properties": {
                "sna": "大稻埕公園",
                "sno": 500103021,
                "available_rent_general_bikes": 10,
                "available_return_bikes": 24,
                "total_bikes": 34
            },
            "geometry": {
                "type": "Point",
                "coordinates": [
                    121.51033,
                    25.05915
                ]
            }
        },
        {
            "type": "Feature",
            "properties": {
                "sna": "大龍老人住宅",
                "sno": 500103022,
                "available_rent_general_bikes": 4,
                "available_return_bikes": 10,
                "total_bikes": 14
            },
            "geometry": {
                "type": "Point",
                "coordinates": [
                    121.51729,
                    25.06853
                ]
            }
        },
        {
            "type": "Feature",
            "properties": {
                "sna": "大龍峒社會住宅",
                "sno": 500103023,
                "available_rent_general_bikes": 4,
                "available_return_bikes": 29,
                "total_bikes": 33
            },
            "geometry": {
                "type": "Point",
                "coordinates": [
                    121.51826,
                    25.0708
                ]
            }
        },
        {
            "type": "Feature",
            "properties": {
                "sna": "捷運大橋頭站(2號出口)",
                "sno": 500103024,
                "available_rent_general_bikes": 1,
                "available_return_bikes": 56,
                "total_bikes": 57
            },
            "geometry": {
                "type": "Point",
                "coordinates": [
                    121.51308,
                    25.06314
                ]
            }
        },
        {
            "type": "Feature",
            "properties": {
                "sna": "捷運大橋頭站(1A出口)",
                "sno": 500103025,
                "available_rent_general_bikes": 1,
                "available_return_bikes": 29,
                "total_bikes": 30
            },
            "geometry": {
                "type": "Point",
                "coordinates": [
                    121.51162,
                    25.06325
                ]
            }
        },
        {
            "type": "Feature",
            "properties": {
                "sna": "捷運民權西路站(2號出口)",
                "sno": 500103026,
                "available_rent_general_bikes": 17,
                "available_return_bikes": 8,
                "total_bikes": 25
            },
            "geometry": {
                "type": "Point",
                "coordinates": [
                    121.51969,
                    25.06174
                ]
            }
        },
        {
            "type": "Feature",
            "properties": {
                "sna": "捷運雙連站(2號出口)",
                "sno": 500103027,
                "available_rent_general_bikes": 10,
                "available_return_bikes": 31,
                "total_bikes": 41
            },
            "geometry": {
                "type": "Point",
                "coordinates": [
                    121.52063,
                    25.05826
                ]
            }
        },
        {
            "type": "Feature",
            "properties": {
                "sna": "捷運北門站(3號出口)",
                "sno": 500103028,
                "available_rent_general_bikes": 19,
                "available_return_bikes": 40,
                "total_bikes": 59
            },
            "geometry": {
                "type": "Point",
                "coordinates": [
                    121.5104,
                    25.04991
                ]
            }
        },
        {
            "type": "Feature",
            "properties": {
                "sna": "朝陽公園",
                "sno": 500103029,
                "available_rent_general_bikes": 5,
                "available_return_bikes": 3,
                "total_bikes": 8
            },
            "geometry": {
                "type": "Point",
                "coordinates": [
                    121.51367,
                    25.05592
                ]
            }
        },
        {
            "type": "Feature",
            "properties": {
                "sna": "永樂市場",
                "sno": 500103030,
                "available_rent_general_bikes": 2,
                "available_return_bikes": 25,
                "total_bikes": 27
            },
            "geometry": {
                "type": "Point",
                "coordinates": [
                    121.51052,
                    25.05454
                ]
            }
        },
        {
            "type": "Feature",
            "properties": {
                "sna": "大龍公園",
                "sno": 500103031,
                "available_rent_general_bikes": 2,
                "available_return_bikes": 23,
                "total_bikes": 25
            },
            "geometry": {
                "type": "Point",
                "coordinates": [
                    121.51596,
                    25.07049
                ]
            }
        },
        {
            "type": "Feature",
            "properties": {
                "sna": "重慶涼州街口",
                "sno": 500103032,
                "available_rent_general_bikes": 0,
                "available_return_bikes": 13,
                "total_bikes": 13
            },
            "geometry": {
                "type": "Point",
                "coordinates": [
                    121.51338,
                    25.06054
                ]
            }
        },
        {
            "type": "Feature",
            "properties": {
                "sna": "圓山線形公園",
                "sno": 500103033,
                "available_rent_general_bikes": 10,
                "available_return_bikes": 4,
                "total_bikes": 14
            },
            "geometry": {
                "type": "Point",
                "coordinates": [
                    121.51993,
                    25.06867
                ]
            }
        },
        {
            "type": "Feature",
            "properties": {
                "sna": "圓環站",
                "sno": 500103034,
                "available_rent_general_bikes": 5,
                "available_return_bikes": 26,
                "total_bikes": 31
            },
            "geometry": {
                "type": "Point",
                "coordinates": [
                    121.51418,
                    25.05369
                ]
            }
        },
        {
            "type": "Feature",
            "properties": {
                "sna": "重慶民族路口",
                "sno": 500103035,
                "available_rent_general_bikes": 2,
                "available_return_bikes": 24,
                "total_bikes": 26
            },
            "geometry": {
                "type": "Point",
                "coordinates": [
                    121.51359,
                    25.06853
                ]
            }
        },
        {
            "type": "Feature",
            "properties": {
                "sna": "承德路三段8巷口",
                "sno": 500103036,
                "available_rent_general_bikes": 16,
                "available_return_bikes": 5,
                "total_bikes": 21
            },
            "geometry": {
                "type": "Point",
                "coordinates": [
                    121.51822,
                    25.06407
                ]
            }
        },
        {
            "type": "Feature",
            "properties": {
                "sna": "太原廣場",
                "sno": 500103037,
                "available_rent_general_bikes": 6,
                "available_return_bikes": 23,
                "total_bikes": 29
            },
            "geometry": {
                "type": "Point",
                "coordinates": [
                    121.51468,
                    25.04925
                ]
            }
        },
        {
            "type": "Feature",
            "properties": {
                "sna": "國順公園",
                "sno": 500103038,
                "available_rent_general_bikes": 2,
                "available_return_bikes": 18,
                "total_bikes": 20
            },
            "geometry": {
                "type": "Point",
                "coordinates": [
                    121.51078,
                    25.06594
                ]
            }
        },
        {
            "type": "Feature",
            "properties": {
                "sna": "聯合醫院中興院區",
                "sno": 500103039,
                "available_rent_general_bikes": 31,
                "available_return_bikes": 9,
                "total_bikes": 40
            },
            "geometry": {
                "type": "Point",
                "coordinates": [
                    121.50818,
                    25.05205
                ]
            }
        },
        {
            "type": "Feature",
            "properties": {
                "sna": "蔣渭水紀念公園",
                "sno": 500103040,
                "available_rent_general_bikes": 3,
                "available_return_bikes": 32,
                "total_bikes": 35
            },
            "geometry": {
                "type": "Point",
                "coordinates": [
                    121.51729,
                    25.06011
                ]
            }
        },
        {
            "type": "Feature",
            "properties": {
                "sna": "迪化休閒運動公園",
                "sno": 500103041,
                "available_rent_general_bikes": 0,
                "available_return_bikes": 26,
                "total_bikes": 26
            },
            "geometry": {
                "type": "Point",
                "coordinates": [
                    121.5115,
                    25.07491
                ]
            }
        },
        {
            "type": "Feature",
            "properties": {
                "sna": "大同運動中心",
                "sno": 500103042,
                "available_rent_general_bikes": 0,
                "available_return_bikes": 15,
                "total_bikes": 15
            },
            "geometry": {
                "type": "Point",
                "coordinates": [
                    121.51608,
                    25.06496
                ]
            }
        },
        {
            "type": "Feature",
            "properties": {
                "sna": "重慶保安街口(家樂福重慶店)",
                "sno": 500103043,
                "available_rent_general_bikes": 0,
                "available_return_bikes": 19,
                "total_bikes": 19
            },
            "geometry": {
                "type": "Point",
                "coordinates": [
                    121.51373,
                    25.05918
                ]
            }
        },
        {
            "type": "Feature",
            "properties": {
                "sna": "大稻埕碼頭",
                "sno": 500103044,
                "available_rent_general_bikes": 4,
                "available_return_bikes": 46,
                "total_bikes": 50
            },
            "geometry": {
                "type": "Point",
                "coordinates": [
                    121.50783,
                    25.05662
                ]
            }
        },
        {
            "type": "Feature",
            "properties": {
                "sna": "歸綏戲曲公園",
                "sno": 500103045,
                "available_rent_general_bikes": 1,
                "available_return_bikes": 18,
                "total_bikes": 19
            },
            "geometry": {
                "type": "Point",
                "coordinates": [
                    121.51353,
                    25.05805
                ]
            }
        },
        {
            "type": "Feature",
            "properties": {
                "sna": "民權國中(民權西路)",
                "sno": 500103046,
                "available_rent_general_bikes": 0,
                "available_return_bikes": 17,
                "total_bikes": 17
            },
            "geometry": {
                "type": "Point",
                "coordinates": [
                    121.5144,
                    25.06322
                ]
            }
        },
        {
            "type": "Feature",
            "properties": {
                "sna": "承德民權路口",
                "sno": 500103047,
                "available_rent_general_bikes": 10,
                "available_return_bikes": 6,
                "total_bikes": 16
            },
            "geometry": {
                "type": "Point",
                "coordinates": [
                    121.51839,
                    25.06247
                ]
            }
        },
        {
            "type": "Feature",
            "properties": {
                "sna": "南京太原路口",
                "sno": 500103048,
                "available_rent_general_bikes": 5,
                "available_return_bikes": 24,
                "total_bikes": 29
            },
            "geometry": {
                "type": "Point",
                "coordinates": [
                    121.51638,
                    25.05366
                ]
            }
        },
        {
            "type": "Feature",
            "properties": {
                "sna": "承德民生西路口",
                "sno": 500103049,
                "available_rent_general_bikes": 0,
                "available_return_bikes": 19,
                "total_bikes": 19
            },
            "geometry": {
                "type": "Point",
                "coordinates": [
                    121.51828,
                    25.05756
                ]
            }
        },
        {
            "type": "Feature",
            "properties": {
                "sna": "太原五原路口",
                "sno": 500103050,
                "available_rent_general_bikes": 8,
                "available_return_bikes": 21,
                "total_bikes": 29
            },
            "geometry": {
                "type": "Point",
                "coordinates": [
                    121.51698,
                    25.05646
                ]
            }
        },
        {
            "type": "Feature",
            "properties": {
                "sna": "臺北轉運站(華陰街)",
                "sno": 500103051,
                "available_rent_general_bikes": 13,
                "available_return_bikes": 7,
                "total_bikes": 20
            },
            "geometry": {
                "type": "Point",
                "coordinates": [
                    121.51914,
                    25.04937
                ]
            }
        },
        {
            "type": "Feature",
            "properties": {
                "sna": "捷運民權西路站(3號出口)",
                "sno": 500103052,
                "available_rent_general_bikes": 46,
                "available_return_bikes": 4,
                "total_bikes": 50
            },
            "geometry": {
                "type": "Point",
                "coordinates": [
                    121.52021,
                    25.06129
                ]
            }
        },
        {
            "type": "Feature",
            "properties": {
                "sna": "捷運中山站(5號出口)",
                "sno": 500103053,
                "available_rent_general_bikes": 8,
                "available_return_bikes": 9,
                "total_bikes": 17
            },
            "geometry": {
                "type": "Point",
                "coordinates": [
                    121.51938,
                    25.05296
                ]
            }
        },
        {
            "type": "Feature",
            "properties": {
                "sna": "重慶長安路口",
                "sno": 500103054,
                "available_rent_general_bikes": 0,
                "available_return_bikes": 20,
                "total_bikes": 20
            },
            "geometry": {
                "type": "Point",
                "coordinates": [
                    121.51398,
                    25.0515
                ]
            }
        },
        {
            "type": "Feature",
            "properties": {
                "sna": "承德昌吉街口",
                "sno": 500103055,
                "available_rent_general_bikes": 4,
                "available_return_bikes": 13,
                "total_bikes": 17
            },
            "geometry": {
                "type": "Point",
                "coordinates": [
                    121.51847,
                    25.06587
                ]
            }
        },
        {
            "type": "Feature",
            "properties": {
                "sna": "大同16號廣場",
                "sno": 500103056,
                "available_rent_general_bikes": 4,
                "available_return_bikes": 10,
                "total_bikes": 14
            },
            "geometry": {
                "type": "Point",
                "coordinates": [
                    121.50826,
                    25.05658
                ]
            }
        },
        {
            "type": "Feature",
            "properties": {
                "sna": "捷運圓山站(2號出口)",
                "sno": 500103057,
                "available_rent_general_bikes": 0,
                "available_return_bikes": 0,
                "total_bikes": 0
            },
            "geometry": {
                "type": "Point",
                "coordinates": [
                    121.51929,
                    25.07182
                ]
            }
        },
        {
            "type": "Feature",
            "properties": {
                "sna": "樹德公園_1",
                "sno": 500103058,
                "available_rent_general_bikes": 0,
                "available_return_bikes": 40,
                "total_bikes": 40
            },
            "geometry": {
                "type": "Point",
                "coordinates": [
                    121.51615,
                    25.06669
                ]
            }
        },
        {
            "type": "Feature",
            "properties": {
                "sna": "承德鄭州路口(市民高架下)",
                "sno": 500103059,
                "available_rent_general_bikes": 19,
                "available_return_bikes": 19,
                "total_bikes": 38
            },
            "geometry": {
                "type": "Point",
                "coordinates": [
                    121.51626,
                    25.04879
                ]
            }
        },
        {
            "type": "Feature",
            "properties": {
                "sna": "成淵高中",
                "sno": 500103060,
                "available_rent_general_bikes": 5,
                "available_return_bikes": 9,
                "total_bikes": 14
            },
            "geometry": {
                "type": "Point",
                "coordinates": [
                    121.51996,
                    25.06036
                ]
            }
        },
        {
            "type": "Feature",
            "properties": {
                "sna": "雙蓮國小",
                "sno": 500103061,
                "available_rent_general_bikes": 0,
                "available_return_bikes": 20,
                "total_bikes": 20
            },
            "geometry": {
                "type": "Point",
                "coordinates": [
                    121.51683,
                    25.06157
                ]
            }
        },
        {
            "type": "Feature",
            "properties": {
                "sna": "寧夏涼州街口",
                "sno": 500103062,
                "available_rent_general_bikes": 0,
                "available_return_bikes": 14,
                "total_bikes": 14
            },
            "geometry": {
                "type": "Point",
                "coordinates": [
                    121.51428,
                    25.06095
                ]
            }
        },
        {
            "type": "Feature",
            "properties": {
                "sna": "延平涼州街口",
                "sno": 500103063,
                "available_rent_general_bikes": 1,
                "available_return_bikes": 10,
                "total_bikes": 11
            },
            "geometry": {
                "type": "Point",
                "coordinates": [
                    121.51126,
                    25.06092
                ]
            }
        },
        {
            "type": "Feature",
            "properties": {
                "sna": "大同行政中心",
                "sno": 500103064,
                "available_rent_general_bikes": 2,
                "available_return_bikes": 13,
                "total_bikes": 15
            },
            "geometry": {
                "type": "Point",
                "coordinates": [
                    121.51481,
                    25.06603
                ]
            }
        },
        {
            "type": "Feature",
            "properties": {
                "sna": "大龍市場",
                "sno": 500103065,
                "available_rent_general_bikes": 2,
                "available_return_bikes": 13,
                "total_bikes": 15
            },
            "geometry": {
                "type": "Point",
                "coordinates": [
                    121.51451,
                    25.07473
                ]
            }
        },
        {
            "type": "Feature",
            "properties": {
                "sna": "南京西寧北路口(西北側)",
                "sno": 500103066,
                "available_rent_general_bikes": 0,
                "available_return_bikes": 13,
                "total_bikes": 13
            },
            "geometry": {
                "type": "Point",
                "coordinates": [
                    121.50855,
                    25.05348
                ]
            }
        },
        {
            "type": "Feature",
            "properties": {
                "sna": "哈密街23巷19弄口",
                "sno": 500103068,
                "available_rent_general_bikes": 1,
                "available_return_bikes": 22,
                "total_bikes": 23
            },
            "geometry": {
                "type": "Point",
                "coordinates": [
                    121.51815,
                    25.07563
                ]
            }
        },
        {
            "type": "Feature",
            "properties": {
                "sna": "民權西路160巷口",
                "sno": 500103069,
                "available_rent_general_bikes": 1,
                "available_return_bikes": 14,
                "total_bikes": 15
            },
            "geometry": {
                "type": "Point",
                "coordinates": [
                    121.51544,
                    25.06289
                ]
            }
        },
        {
            "type": "Feature",
            "properties": {
                "sna": "重慶北路三段205巷口",
                "sno": 500103070,
                "available_rent_general_bikes": 0,
                "available_return_bikes": 14,
                "total_bikes": 14
            },
            "geometry": {
                "type": "Point",
                "coordinates": [
                    121.51388,
                    25.06997
                ]
            }
        },
        {
            "type": "Feature",
            "properties": {
                "sna": "承德路二段91巷口",
                "sno": 500103071,
                "available_rent_general_bikes": 8,
                "available_return_bikes": 8,
                "total_bikes": 16
            },
            "geometry": {
                "type": "Point",
                "coordinates": [
                    121.51847,
                    25.05621
                ]
            }
        },
        {
            "type": "Feature",
            "properties": {
                "sna": "酒泉庫倫街口",
                "sno": 500103072,
                "available_rent_general_bikes": 2,
                "available_return_bikes": 11,
                "total_bikes": 13
            },
            "geometry": {
                "type": "Point",
                "coordinates": [
                    121.51626,
                    25.07194
                ]
            }
        },
        {
            "type": "Feature",
            "properties": {
                "sna": "民族西大龍街口",
                "sno": 500103073,
                "available_rent_general_bikes": 2,
                "available_return_bikes": 15,
                "total_bikes": 17
            },
            "geometry": {
                "type": "Point",
                "coordinates": [
                    121.51559,
                    25.06864
                ]
            }
        },
        {
            "type": "Feature",
            "properties": {
                "sna": "劍潭抽水站",
                "sno": 500104001,
                "available_rent_general_bikes": 0,
                "available_return_bikes": 17,
                "total_bikes": 17
            },
            "geometry": {
                "type": "Point",
                "coordinates": [
                    121.51784,
                    25.08128
                ]
            }
        },
        {
            "type": "Feature",
            "properties": {
                "sna": "通河東街大南路口",
                "sno": 500104002,
                "available_rent_general_bikes": 1,
                "available_return_bikes": 13,
                "total_bikes": 14
            },
            "geometry": {
                "type": "Point",
                "coordinates": [
                    121.51542,
                    25.08914
                ]
            }
        },
        {
            "type": "Feature",
            "properties": {
                "sna": "福港街停車場",
                "sno": 500104003,
                "available_rent_general_bikes": 22,
                "available_return_bikes": 16,
                "total_bikes": 38
            },
            "geometry": {
                "type": "Point",
                "coordinates": [
                    121.51901,
                    25.08695
                ]
            }
        },
        {
            "type": "Feature",
            "properties": {
                "sna": "百齡國小",
                "sno": 500104004,
                "available_rent_general_bikes": 25,
                "available_return_bikes": 25,
                "total_bikes": 50
            },
            "geometry": {
                "type": "Point",
                "coordinates": [
                    121.51918,
                    25.08521
                ]
            }
        },
        {
            "type": "Feature",
            "properties": {
                "sna": "雨聲街165巷口",
                "sno": 500104005,
                "available_rent_general_bikes": 6,
                "available_return_bikes": 17,
                "total_bikes": 23
            },
            "geometry": {
                "type": "Point",
                "coordinates": [
                    121.53357,
                    25.10277
                ]
            }
        },
        {
            "type": "Feature",
            "properties": {
                "sna": "天和公園",
                "sno": 500104006,
                "available_rent_general_bikes": 8,
                "available_return_bikes": 8,
                "total_bikes": 16
            },
            "geometry": {
                "type": "Point",
                "coordinates": [
                    121.53357,
                    25.12011
                ]
            }
        },
        {
            "type": "Feature",
            "properties": {
                "sna": "中山天母路口",
                "sno": 500104007,
                "available_rent_general_bikes": 8,
                "available_return_bikes": 20,
                "total_bikes": 28
            },
            "geometry": {
                "type": "Point",
                "coordinates": [
                    121.52964,
                    25.11856
                ]
            }
        },
        {
            "type": "Feature",
            "properties": {
                "sna": "天母運動公園",
                "sno": 500104008,
                "available_rent_general_bikes": 32,
                "available_return_bikes": 16,
                "total_bikes": 48
            },
            "geometry": {
                "type": "Point",
                "coordinates": [
                    121.53414,
                    25.11633
                ]
            }
        },
        {
            "type": "Feature",
            "properties": {
                "sna": "臺北市立大學(天母校區)",
                "sno": 500104009,
                "available_rent_general_bikes": 12,
                "available_return_bikes": 32,
                "total_bikes": 44
            },
            "geometry": {
                "type": "Point",
                "coordinates": [
                    121.53718,
                    25.11356
                ]
            }
        },
        {
            "type": "Feature",
            "properties": {
                "sna": "忠誠路二段53巷",
                "sno": 500104010,
                "available_rent_general_bikes": 9,
                "available_return_bikes": 16,
                "total_bikes": 25
            },
            "geometry": {
                "type": "Point",
                "coordinates": [
                    121.53244,
                    25.11127
                ]
            }
        },
        {
            "type": "Feature",
            "properties": {
                "sna": "天母棒球場",
                "sno": 500104012,
                "available_rent_general_bikes": 10,
                "available_return_bikes": 16,
                "total_bikes": 26
            },
            "geometry": {
                "type": "Point",
                "coordinates": [
                    121.53195,
                    25.11341
                ]
            }
        },
        {
            "type": "Feature",
            "properties": {
                "sna": "天母北天玉街口",
                "sno": 500104013,
                "available_rent_general_bikes": 6,
                "available_return_bikes": 8,
                "total_bikes": 14
            },
            "geometry": {
                "type": "Point",
                "coordinates": [
                    121.52652,
                    25.12011
                ]
            }
        },
        {
            "type": "Feature",
            "properties": {
                "sna": "蘭興公園",
                "sno": 500104014,
                "available_rent_general_bikes": 17,
                "available_return_bikes": 36,
                "total_bikes": 53
            },
            "geometry": {
                "type": "Point",
                "coordinates": [
                    121.52589,
                    25.11184
                ]
            }
        },
        {
            "type": "Feature",
            "properties": {
                "sna": "明勝公園",
                "sno": 500104015,
                "available_rent_general_bikes": 4,
                "available_return_bikes": 9,
                "total_bikes": 13
            },
            "geometry": {
                "type": "Point",
                "coordinates": [
                    121.51895,
                    25.08009
                ]
            }
        },
        {
            "type": "Feature",
            "properties": {
                "sna": "劍潭海外青年活動中心",
                "sno": 500104016,
                "available_rent_general_bikes": 13,
                "available_return_bikes": 9,
                "total_bikes": 22
            },
            "geometry": {
                "type": "Point",
                "coordinates": [
                    121.52426,
                    25.07994
                ]
            }
        },
        {
            "type": "Feature",
            "properties": {
                "sna": "忠誠路一段173巷口",
                "sno": 500104018,
                "available_rent_general_bikes": 7,
                "available_return_bikes": 4,
                "total_bikes": 11
            },
            "geometry": {
                "type": "Point",
                "coordinates": [
                    121.5304,
                    25.10813
                ]
            }
        },
        {
            "type": "Feature",
            "properties": {
                "sna": "雨農國小",
                "sno": 500104019,
                "available_rent_general_bikes": 17,
                "available_return_bikes": 4,
                "total_bikes": 21
            },
            "geometry": {
                "type": "Point",
                "coordinates": [
                    121.5295,
                    25.1054
                ]
            }
        },
        {
            "type": "Feature",
            "properties": {
                "sna": "忠誠公園",
                "sno": 500104020,
                "available_rent_general_bikes": 11,
                "available_return_bikes": 12,
                "total_bikes": 23
            },
            "geometry": {
                "type": "Point",
                "coordinates": [
                    121.52593,
                    25.10399
                ]
            }
        },
        {
            "type": "Feature",
            "properties": {
                "sna": "芝山抽水站",
                "sno": 500104021,
                "available_rent_general_bikes": 1,
                "available_return_bikes": 39,
                "total_bikes": 40
            },
            "geometry": {
                "type": "Point",
                "coordinates": [
                    121.52832,
                    25.10155
                ]
            }
        },
        {
            "type": "Feature",
            "properties": {
                "sna": "至誠路一段305巷口",
                "sno": 500104022,
                "available_rent_general_bikes": 1,
                "available_return_bikes": 20,
                "total_bikes": 21
            },
            "geometry": {
                "type": "Point",
                "coordinates": [
                    121.53083,
                    25.10186
                ]
            }
        },
        {
            "type": "Feature",
            "properties": {
                "sna": "華齡公園",
                "sno": 500104023,
                "available_rent_general_bikes": 0,
                "available_return_bikes": 31,
                "total_bikes": 31
            },
            "geometry": {
                "type": "Point",
                "coordinates": [
                    121.52069,
                    25.08302
                ]
            }
        },
        {
            "type": "Feature",
            "properties": {
                "sna": "前港公園(福德宮)",
                "sno": 500104024,
                "available_rent_general_bikes": 5,
                "available_return_bikes": 13,
                "total_bikes": 18
            },
            "geometry": {
                "type": "Point",
                "coordinates": [
                    121.52096,
                    25.08671
                ]
            }
        },
        {
            "type": "Feature",
            "properties": {
                "sna": "華齡街185巷口",
                "sno": 500104025,
                "available_rent_general_bikes": 1,
                "available_return_bikes": 11,
                "total_bikes": 12
            },
            "geometry": {
                "type": "Point",
                "coordinates": [
                    121.51985,
                    25.08828
                ]
            }
        },
        {
            "type": "Feature",
            "properties": {
                "sna": "前港公園(前港街)",
                "sno": 500104026,
                "available_rent_general_bikes": 4,
                "available_return_bikes": 23,
                "total_bikes": 27
            },
            "geometry": {
                "type": "Point",
                "coordinates": [
                    121.52125,
                    25.0848
                ]
            }
        },
        {
            "type": "Feature",
            "properties": {
                "sna": "百齡高中",
                "sno": 500104027,
                "available_rent_general_bikes": 10,
                "available_return_bikes": 17,
                "total_bikes": 27
            },
            "geometry": {
                "type": "Point",
                "coordinates": [
                    121.52272,
                    25.08736
                ]
            }
        },
        {
            "type": "Feature",
            "properties": {
                "sna": "捷運芝山站(2號出口)",
                "sno": 500104028,
                "available_rent_general_bikes": 8,
                "available_return_bikes": 13,
                "total_bikes": 21
            },
            "geometry": {
                "type": "Point",
                "coordinates": [
                    121.52219,
                    25.10364
                ]
            }
        },
        {
            "type": "Feature",
            "properties": {
                "sna": "臺灣戲曲中心",
                "sno": 500104029,
                "available_rent_general_bikes": 19,
                "available_return_bikes": 5,
                "total_bikes": 24
            },
            "geometry": {
                "type": "Point",
                "coordinates": [
                    121.51979,
                    25.10208
                ]
            }
        },
        {
            "type": "Feature",
            "properties": {
                "sna": "捷運劍潭站(2號出口)",
                "sno": 500104030,
                "available_rent_general_bikes": 23,
                "available_return_bikes": 24,
                "total_bikes": 47
            },
            "geometry": {
                "type": "Point",
                "coordinates": [
                    121.52535,
                    25.08388
                ]
            }
        },
        {
            "type": "Feature",
            "properties": {
                "sna": "劍潭基河路口",
                "sno": 500104031,
                "available_rent_general_bikes": 5,
                "available_return_bikes": 16,
                "total_bikes": 21
            },
            "geometry": {
                "type": "Point",
                "coordinates": [
                    121.5249,
                    25.08403
                ]
            }
        },
        {
            "type": "Feature",
            "properties": {
                "sna": "志成公園",
                "sno": 500104032,
                "available_rent_general_bikes": 3,
                "available_return_bikes": 20,
                "total_bikes": 23
            },
            "geometry": {
                "type": "Point",
                "coordinates": [
                    121.53206,
                    25.09667
                ]
            }
        },
        {
            "type": "Feature",
            "properties": {
                "sna": "福林國小",
                "sno": 500104033,
                "available_rent_general_bikes": 0,
                "available_return_bikes": 14,
                "total_bikes": 14
            },
            "geometry": {
                "type": "Point",
                "coordinates": [
                    121.53025,
                    25.09896
                ]
            }
        },
        {
            "type": "Feature",
            "properties": {
                "sna": "中山中正路口",
                "sno": 500104034,
                "available_rent_general_bikes": 6,
                "available_return_bikes": 13,
                "total_bikes": 19
            },
            "geometry": {
                "type": "Point",
                "coordinates": [
                    121.52753,
                    25.09651
                ]
            }
        },
        {
            "type": "Feature",
            "properties": {
                "sna": "士林運動中心",
                "sno": 500104035,
                "available_rent_general_bikes": 1,
                "available_return_bikes": 29,
                "total_bikes": 30
            },
            "geometry": {
                "type": "Point",
                "coordinates": [
                    121.52154,
                    25.08911
                ]
            }
        },
        {
            "type": "Feature",
            "properties": {
                "sna": "陽明高中",
                "sno": 500104036,
                "available_rent_general_bikes": 25,
                "available_return_bikes": 10,
                "total_bikes": 35
            },
            "geometry": {
                "type": "Point",
                "coordinates": [
                    121.51706,
                    25.09164
                ]
            }
        },
        {
            "type": "Feature",
            "properties": {
                "sna": "兒童新樂園",
                "sno": 500104037,
                "available_rent_general_bikes": 4,
                "available_return_bikes": 19,
                "total_bikes": 23
            },
            "geometry": {
                "type": "Point",
                "coordinates": [
                    121.51449,
                    25.09631
                ]
            }
        },
        {
            "type": "Feature",
            "properties": {
                "sna": "臺北市立天文館",
                "sno": 500104038,
                "available_rent_general_bikes": 31,
                "available_return_bikes": 14,
                "total_bikes": 45
            },
            "geometry": {
                "type": "Point",
                "coordinates": [
                    121.51776,
                    25.09598
                ]
            }
        },
        {
            "type": "Feature",
            "properties": {
                "sna": "華聲公園",
                "sno": 500104039,
                "available_rent_general_bikes": 4,
                "available_return_bikes": 30,
                "total_bikes": 34
            },
            "geometry": {
                "type": "Point",
                "coordinates": [
                    121.5223,
                    25.09619
                ]
            }
        },
        {
            "type": "Feature",
            "properties": {
                "sna": "福林公園",
                "sno": 500104040,
                "available_rent_general_bikes": 12,
                "available_return_bikes": 13,
                "total_bikes": 25
            },
            "geometry": {
                "type": "Point",
                "coordinates": [
                    121.52833,
                    25.09419
                ]
            }
        },
        {
            "type": "Feature",
            "properties": {
                "sna": "捷運士林站(2號出口)",
                "sno": 500104041,
                "available_rent_general_bikes": 5,
                "available_return_bikes": 24,
                "total_bikes": 29
            },
            "geometry": {
                "type": "Point",
                "coordinates": [
                    121.52642,
                    25.09343
                ]
            }
        },
        {
            "type": "Feature",
            "properties": {
                "sna": "銘傳大學",
                "sno": 500104042,
                "available_rent_general_bikes": 21,
                "available_return_bikes": 4,
                "total_bikes": 25
            },
            "geometry": {
                "type": "Point",
                "coordinates": [
                    121.52677,
                    25.08771
                ]
            }
        },
        {
            "type": "Feature",
            "properties": {
                "sna": "士林高商",
                "sno": 500104043,
                "available_rent_general_bikes": 5,
                "available_return_bikes": 20,
                "total_bikes": 25
            },
            "geometry": {
                "type": "Point",
                "coordinates": [
                    121.51702,
                    25.09435
                ]
            }
        },
        {
            "type": "Feature",
            "properties": {
                "sna": "蘭雅公園",
                "sno": 500104044,
                "available_rent_general_bikes": 10,
                "available_return_bikes": 24,
                "total_bikes": 34
            },
            "geometry": {
                "type": "Point",
                "coordinates": [
                    121.53039,
                    25.10991
                ]
            }
        },
        {
            "type": "Feature",
            "properties": {
                "sna": "聯合醫院陽明院區",
                "sno": 500104045,
                "available_rent_general_bikes": 11,
                "available_return_bikes": 13,
                "total_bikes": 24
            },
            "geometry": {
                "type": "Point",
                "coordinates": [
                    121.53195,
                    25.10455
                ]
            }
        },
        {
            "type": "Feature",
            "properties": {
                "sna": "捷運芝山站(1號出口)",
                "sno": 500104046,
                "available_rent_general_bikes": 14,
                "available_return_bikes": 21,
                "total_bikes": 35
            },
            "geometry": {
                "type": "Point",
                "coordinates": [
                    121.52286,
                    25.10225
                ]
            }
        },
        {
            "type": "Feature",
            "properties": {
                "sna": "至誠公園",
                "sno": 500104047,
                "available_rent_general_bikes": 15,
                "available_return_bikes": 5,
                "total_bikes": 20
            },
            "geometry": {
                "type": "Point",
                "coordinates": [
                    121.53585,
                    25.10143
                ]
            }
        },
        {
            "type": "Feature",
            "properties": {
                "sna": "原住民文化主題公園",
                "sno": 500104048,
                "available_rent_general_bikes": 5,
                "available_return_bikes": 16,
                "total_bikes": 21
            },
            "geometry": {
                "type": "Point",
                "coordinates": [
                    121.55159,
                    25.10113
                ]
            }
        },
        {
            "type": "Feature",
            "properties": {
                "sna": "通河東街2段10巷口",
                "sno": 500104049,
                "available_rent_general_bikes": 5,
                "available_return_bikes": 9,
                "total_bikes": 14
            },
            "geometry": {
                "type": "Point",
                "coordinates": [
                    121.51502,
                    25.09106
                ]
            }
        },
        {
            "type": "Feature",
            "properties": {
                "sna": "梅林新村",
                "sno": 500104050,
                "available_rent_general_bikes": 7,
                "available_return_bikes": 18,
                "total_bikes": 25
            },
            "geometry": {
                "type": "Point",
                "coordinates": [
                    121.54036,
                    25.09755
                ]
            }
        },
        {
            "type": "Feature",
            "properties": {
                "sna": "延平北中正路口",
                "sno": 500104051,
                "available_rent_general_bikes": 8,
                "available_return_bikes": 17,
                "total_bikes": 25
            },
            "geometry": {
                "type": "Point",
                "coordinates": [
                    121.50948,
                    25.08678
                ]
            }
        },
        {
            "type": "Feature",
            "properties": {
                "sna": "重慶北路四段190巷口",
                "sno": 500104052,
                "available_rent_general_bikes": 3,
                "available_return_bikes": 6,
                "total_bikes": 9
            },
            "geometry": {
                "type": "Point",
                "coordinates": [
                    121.51166,
                    25.08505
                ]
            }
        },
        {
            "type": "Feature",
            "properties": {
                "sna": "重慶北葫東街口",
                "sno": 500104053,
                "available_rent_general_bikes": 5,
                "available_return_bikes": 10,
                "total_bikes": 15
            },
            "geometry": {
                "type": "Point",
                "coordinates": [
                    121.51169,
                    25.08393
                ]
            }
        },
        {
            "type": "Feature",
            "properties": {
                "sna": "葫蘆國小",
                "sno": 500104054,
                "available_rent_general_bikes": 12,
                "available_return_bikes": 16,
                "total_bikes": 28
            },
            "geometry": {
                "type": "Point",
                "coordinates": [
                    121.5075,
                    25.08254
                ]
            }
        },
        {
            "type": "Feature",
            "properties": {
                "sna": "士林3號廣場",
                "sno": 500104055,
                "available_rent_general_bikes": 27,
                "available_return_bikes": 11,
                "total_bikes": 38
            },
            "geometry": {
                "type": "Point",
                "coordinates": [
                    121.52417,
                    25.10459
                ]
            }
        },
        {
            "type": "Feature",
            "properties": {
                "sna": "社正公園",
                "sno": 500104056,
                "available_rent_general_bikes": 3,
                "available_return_bikes": 12,
                "total_bikes": 15
            },
            "geometry": {
                "type": "Point",
                "coordinates": [
                    121.51054,
                    25.08824
                ]
            }
        },
        {
            "type": "Feature",
            "properties": {
                "sna": "社子國小",
                "sno": 500104057,
                "available_rent_general_bikes": 0,
                "available_return_bikes": 15,
                "total_bikes": 15
            },
            "geometry": {
                "type": "Point",
                "coordinates": [
                    121.50142,
                    25.09058
                ]
            }
        },
        {
            "type": "Feature",
            "properties": {
                "sna": "社中街384巷口",
                "sno": 500104058,
                "available_rent_general_bikes": 10,
                "available_return_bikes": 12,
                "total_bikes": 22
            },
            "geometry": {
                "type": "Point",
                "coordinates": [
                    121.50376,
                    25.09346
                ]
            }
        },
        {
            "type": "Feature",
            "properties": {
                "sna": "忠誠路一段138號",
                "sno": 500104059,
                "available_rent_general_bikes": 3,
                "available_return_bikes": 11,
                "total_bikes": 14
            },
            "geometry": {
                "type": "Point",
                "coordinates": [
                    121.52944,
                    25.10641
                ]
            }
        },
        {
            "type": "Feature",
            "properties": {
                "sna": "社子公園",
                "sno": 500104060,
                "available_rent_general_bikes": 14,
                "available_return_bikes": 17,
                "total_bikes": 31
            },
            "geometry": {
                "type": "Point",
                "coordinates": [
                    121.50622,
                    25.0902
                ]
            }
        },
        {
            "type": "Feature",
            "properties": {
                "sna": "國立故宮博物院",
                "sno": 500104061,
                "available_rent_general_bikes": 4,
                "available_return_bikes": 13,
                "total_bikes": 17
            },
            "geometry": {
                "type": "Point",
                "coordinates": [
                    121.54788,
                    25.09833
                ]
            }
        },
        {
            "type": "Feature",
            "properties": {
                "sna": "泰北高中",
                "sno": 500104062,
                "available_rent_general_bikes": 13,
                "available_return_bikes": 6,
                "total_bikes": 19
            },
            "geometry": {
                "type": "Point",
                "coordinates": [
                    121.53402,
                    25.09763
                ]
            }
        },
        {
            "type": "Feature",
            "properties": {
                "sna": "後港公園",
                "sno": 500104063,
                "available_rent_general_bikes": 2,
                "available_return_bikes": 13,
                "total_bikes": 15
            },
            "geometry": {
                "type": "Point",
                "coordinates": [
                    121.51419,
                    25.09312
                ]
            }
        },
        {
            "type": "Feature",
            "properties": {
                "sna": "重慶北路四段117號",
                "sno": 500104064,
                "available_rent_general_bikes": 11,
                "available_return_bikes": 12,
                "total_bikes": 23
            },
            "geometry": {
                "type": "Point",
                "coordinates": [
                    121.51219,
                    25.08279
                ]
            }
        },
        {
            "type": "Feature",
            "properties": {
                "sna": "社子島島頭公園",
                "sno": 500104065,
                "available_rent_general_bikes": 13,
                "available_return_bikes": 5,
                "total_bikes": 18
            },
            "geometry": {
                "type": "Point",
                "coordinates": [
                    121.46639,
                    25.10893
                ]
            }
        },
        {
            "type": "Feature",
            "properties": {
                "sna": "延平北路八段133巷口",
                "sno": 500104066,
                "available_rent_general_bikes": 9,
                "available_return_bikes": 8,
                "total_bikes": 17
            },
            "geometry": {
                "type": "Point",
                "coordinates": [
                    121.48297,
                    25.10304
                ]
            }
        },
        {
            "type": "Feature",
            "properties": {
                "sna": "坤天亭",
                "sno": 500104067,
                "available_rent_general_bikes": 7,
                "available_return_bikes": 6,
                "total_bikes": 13
            },
            "geometry": {
                "type": "Point",
                "coordinates": [
                    121.4836,
                    25.1064
                ]
            }
        },
        {
            "type": "Feature",
            "properties": {
                "sna": "社子島濕地解說小築",
                "sno": 500104068,
                "available_rent_general_bikes": 5,
                "available_return_bikes": 9,
                "total_bikes": 14
            },
            "geometry": {
                "type": "Point",
                "coordinates": [
                    121.48974,
                    25.11314
                ]
            }
        },
        {
            "type": "Feature",
            "properties": {
                "sna": "福安國中",
                "sno": 500104069,
                "available_rent_general_bikes": 10,
                "available_return_bikes": 14,
                "total_bikes": 24
            },
            "geometry": {
                "type": "Point",
                "coordinates": [
                    121.48819,
                    25.10261
                ]
            }
        },
        {
            "type": "Feature",
            "properties": {
                "sna": "福安消防分隊",
                "sno": 500104070,
                "available_rent_general_bikes": 4,
                "available_return_bikes": 16,
                "total_bikes": 20
            },
            "geometry": {
                "type": "Point",
                "coordinates": [
                    121.49706,
                    25.09669
                ]
            }
        },
        {
            "type": "Feature",
            "properties": {
                "sna": "聖山綠地",
                "sno": 500104071,
                "available_rent_general_bikes": 0,
                "available_return_bikes": 15,
                "total_bikes": 15
            },
            "geometry": {
                "type": "Point",
                "coordinates": [
                    121.53234,
                    25.10696
                ]
            }
        },
        {
            "type": "Feature",
            "properties": {
                "sna": "芝山國小",
                "sno": 500104072,
                "available_rent_general_bikes": 8,
                "available_return_bikes": 28,
                "total_bikes": 36
            },
            "geometry": {
                "type": "Point",
                "coordinates": [
                    121.53595,
                    25.11044
                ]
            }
        },
        {
            "type": "Feature",
            "properties": {
                "sna": "士林新天地",
                "sno": 500104073,
                "available_rent_general_bikes": 9,
                "available_return_bikes": 18,
                "total_bikes": 27
            },
            "geometry": {
                "type": "Point",
                "coordinates": [
                    121.51751,
                    25.08899
                ]
            }
        },
        {
            "type": "Feature",
            "properties": {
                "sna": "蘭雅國小",
                "sno": 500104074,
                "available_rent_general_bikes": 0,
                "available_return_bikes": 29,
                "total_bikes": 29
            },
            "geometry": {
                "type": "Point",
                "coordinates": [
                    121.52312,
                    25.10775
                ]
            }
        },
        {
            "type": "Feature",
            "properties": {
                "sna": "中正基河路口",
                "sno": 500104075,
                "available_rent_general_bikes": 20,
                "available_return_bikes": 13,
                "total_bikes": 33
            },
            "geometry": {
                "type": "Point",
                "coordinates": [
                    121.51962,
                    25.0933
                ]
            }
        },
        {
            "type": "Feature",
            "properties": {
                "sna": "福林公園(中正路)",
                "sno": 500104076,
                "available_rent_general_bikes": 17,
                "available_return_bikes": 28,
                "total_bikes": 45
            },
            "geometry": {
                "type": "Point",
                "coordinates": [
                    121.53006,
                    25.09609
                ]
            }
        },
        {
            "type": "Feature",
            "properties": {
                "sna": "至善臨溪路口",
                "sno": 500104077,
                "available_rent_general_bikes": 30,
                "available_return_bikes": 16,
                "total_bikes": 46
            },
            "geometry": {
                "type": "Point",
                "coordinates": [
                    121.54229,
                    25.09709
                ]
            }
        },
        {
            "type": "Feature",
            "properties": {
                "sna": "市立圖書館葫蘆堵分館",
                "sno": 500104078,
                "available_rent_general_bikes": 2,
                "available_return_bikes": 11,
                "total_bikes": 13
            },
            "geometry": {
                "type": "Point",
                "coordinates": [
                    121.51074,
                    25.08217
                ]
            }
        },
        {
            "type": "Feature",
            "properties": {
                "sna": "東山路110巷口",
                "sno": 500104079,
                "available_rent_general_bikes": 7,
                "available_return_bikes": 7,
                "total_bikes": 14
            },
            "geometry": {
                "type": "Point",
                "coordinates": [
                    121.53945,
                    25.11306
                ]
            }
        },
        {
            "type": "Feature",
            "properties": {
                "sna": "永平社會住宅",
                "sno": 500104080,
                "available_rent_general_bikes": 4,
                "available_return_bikes": 10,
                "total_bikes": 14
            },
            "geometry": {
                "type": "Point",
                "coordinates": [
                    121.50314,
                    25.08887
                ]
            }
        },
        {
            "type": "Feature",
            "properties": {
                "sna": "雨農橋",
                "sno": 500104081,
                "available_rent_general_bikes": 0,
                "available_return_bikes": 16,
                "total_bikes": 16
            },
            "geometry": {
                "type": "Point",
                "coordinates": [
                    121.53253,
                    25.10012
                ]
            }
        },
        {
            "type": "Feature",
            "properties": {
                "sna": "通河街76巷/承德路四段10巷口",
                "sno": 500104082,
                "available_rent_general_bikes": 1,
                "available_return_bikes": 13,
                "total_bikes": 14
            },
            "geometry": {
                "type": "Point",
                "coordinates": [
                    121.5202,
                    25.08019
                ]
            }
        },
        {
            "type": "Feature",
            "properties": {
                "sna": "芝山聖佑宮",
                "sno": 500104083,
                "available_rent_general_bikes": 12,
                "available_return_bikes": 12,
                "total_bikes": 24
            },
            "geometry": {
                "type": "Point",
                "coordinates": [
                    121.53025,
                    25.10455
                ]
            }
        },
        {
            "type": "Feature",
            "properties": {
                "sna": "至誠雨聲街口",
                "sno": 500104084,
                "available_rent_general_bikes": 0,
                "available_return_bikes": 9,
                "total_bikes": 9
            },
            "geometry": {
                "type": "Point",
                "coordinates": [
                    121.52927,
                    25.10199
                ]
            }
        },
        {
            "type": "Feature",
            "properties": {
                "sna": "捷運線型公園(後街)",
                "sno": 500104085,
                "available_rent_general_bikes": 9,
                "available_return_bikes": 19,
                "total_bikes": 28
            },
            "geometry": {
                "type": "Point",
                "coordinates": [
                    121.52449,
                    25.09812
                ]
            }
        },
        {
            "type": "Feature",
            "properties": {
                "sna": "天母公園",
                "sno": 500104086,
                "available_rent_general_bikes": 7,
                "available_return_bikes": 4,
                "total_bikes": 11
            },
            "geometry": {
                "type": "Point",
                "coordinates": [
                    121.53003,
                    25.12408
                ]
            }
        },
        {
            "type": "Feature",
            "properties": {
                "sna": "基河文林路口",
                "sno": 500104087,
                "available_rent_general_bikes": 23,
                "available_return_bikes": 26,
                "total_bikes": 49
            },
            "geometry": {
                "type": "Point",
                "coordinates": [
                    121.5247,
                    25.08637
                ]
            }
        },
        {
            "type": "Feature",
            "properties": {
                "sna": "文林福華路口",
                "sno": 500104088,
                "available_rent_general_bikes": 2,
                "available_return_bikes": 16,
                "total_bikes": 18
            },
            "geometry": {
                "type": "Point",
                "coordinates": [
                    121.52243,
                    25.10094
                ]
            }
        },
        {
            "type": "Feature",
            "properties": {
                "sna": "劍潭海外青年活動中心_1",
                "sno": 500104089,
                "available_rent_general_bikes": 1,
                "available_return_bikes": 37,
                "total_bikes": 38
            },
            "geometry": {
                "type": "Point",
                "coordinates": [
                    121.5237,
                    25.0796
                ]
            }
        },
        {
            "type": "Feature",
            "properties": {
                "sna": "社子國小_1",
                "sno": 500104090,
                "available_rent_general_bikes": 4,
                "available_return_bikes": 31,
                "total_bikes": 35
            },
            "geometry": {
                "type": "Point",
                "coordinates": [
                    121.50189,
                    25.09029
                ]
            }
        },
        {
            "type": "Feature",
            "properties": {
                "sna": "捷運劍潭站(1號出口)",
                "sno": 500104091,
                "available_rent_general_bikes": 20,
                "available_return_bikes": 49,
                "total_bikes": 69
            },
            "geometry": {
                "type": "Point",
                "coordinates": [
                    121.52531,
                    25.08577
                ]
            }
        },
        {
            "type": "Feature",
            "properties": {
                "sna": "德行東山路口",
                "sno": 500104092,
                "available_rent_general_bikes": 4,
                "available_return_bikes": 7,
                "total_bikes": 11
            },
            "geometry": {
                "type": "Point",
                "coordinates": [
                    121.53999,
                    25.1107
                ]
            }
        },
        {
            "type": "Feature",
            "properties": {
                "sna": "重慶北通河西街口",
                "sno": 500104094,
                "available_rent_general_bikes": 4,
                "available_return_bikes": 7,
                "total_bikes": 11
            },
            "geometry": {
                "type": "Point",
                "coordinates": [
                    121.51177,
                    25.08756
                ]
            }
        },
        {
            "type": "Feature",
            "properties": {
                "sna": "葫蘆國小(延平北路五段285巷)",
                "sno": 500104095,
                "available_rent_general_bikes": 10,
                "available_return_bikes": 15,
                "total_bikes": 25
            },
            "geometry": {
                "type": "Point",
                "coordinates": [
                    121.5067,
                    25.08406
                ]
            }
        },
        {
            "type": "Feature",
            "properties": {
                "sna": "社子市場",
                "sno": 500104096,
                "available_rent_general_bikes": 1,
                "available_return_bikes": 13,
                "total_bikes": 14
            },
            "geometry": {
                "type": "Point",
                "coordinates": [
                    121.50873,
                    25.0881
                ]
            }
        },
        {
            "type": "Feature",
            "properties": {
                "sna": "士林區農會社子分部",
                "sno": 500104097,
                "available_rent_general_bikes": 0,
                "available_return_bikes": 7,
                "total_bikes": 7
            },
            "geometry": {
                "type": "Point",
                "coordinates": [
                    121.5049,
                    25.08912
                ]
            }
        },
        {
            "type": "Feature",
            "properties": {
                "sna": "承德劍潭路口",
                "sno": 500104098,
                "available_rent_general_bikes": 6,
                "available_return_bikes": 12,
                "total_bikes": 18
            },
            "geometry": {
                "type": "Point",
                "coordinates": [
                    121.52341,
                    25.0841
                ]
            }
        },
        {
            "type": "Feature",
            "properties": {
                "sna": "文林路101巷口",
                "sno": 500104099,
                "available_rent_general_bikes": 3,
                "available_return_bikes": 14,
                "total_bikes": 17
            },
            "geometry": {
                "type": "Point",
                "coordinates": [
                    121.52608,
                    25.08761
                ]
            }
        },
        {
            "type": "Feature",
            "properties": {
                "sna": "延平北路五段257巷15弄口",
                "sno": 500104100,
                "available_rent_general_bikes": 3,
                "available_return_bikes": 8,
                "total_bikes": 11
            },
            "geometry": {
                "type": "Point",
                "coordinates": [
                    121.50959,
                    25.08408
                ]
            }
        },
        {
            "type": "Feature",
            "properties": {
                "sna": "延平北路五段257巷4弄口",
                "sno": 500104101,
                "available_rent_general_bikes": 4,
                "available_return_bikes": 10,
                "total_bikes": 14
            },
            "geometry": {
                "type": "Point",
                "coordinates": [
                    121.5089,
                    25.08471
                ]
            }
        },
        {
            "type": "Feature",
            "properties": {
                "sna": "啟明學校",
                "sno": 500104102,
                "available_rent_general_bikes": 4,
                "available_return_bikes": 11,
                "total_bikes": 15
            },
            "geometry": {
                "type": "Point",
                "coordinates": [
                    121.53472,
                    25.11742
                ]
            }
        },
        {
            "type": "Feature",
            "properties": {
                "sna": "中山福國路口",
                "sno": 500104103,
                "available_rent_general_bikes": 1,
                "available_return_bikes": 13,
                "total_bikes": 14
            },
            "geometry": {
                "type": "Point",
                "coordinates": [
                    121.52561,
                    25.10203
                ]
            }
        },
        {
            "type": "Feature",
            "properties": {
                "sna": "德行公園",
                "sno": 500104104,
                "available_rent_general_bikes": 2,
                "available_return_bikes": 9,
                "total_bikes": 11
            },
            "geometry": {
                "type": "Point",
                "coordinates": [
                    121.52376,
                    25.10585
                ]
            }
        },
        {
            "type": "Feature",
            "properties": {
                "sna": "承德後港街口",
                "sno": 500104105,
                "available_rent_general_bikes": 1,
                "available_return_bikes": 19,
                "total_bikes": 20
            },
            "geometry": {
                "type": "Point",
                "coordinates": [
                    121.52309,
                    25.08238
                ]
            }
        },
        {
            "type": "Feature",
            "properties": {
                "sna": "中山北路五段698巷口",
                "sno": 500104106,
                "available_rent_general_bikes": 6,
                "available_return_bikes": 7,
                "total_bikes": 13
            },
            "geometry": {
                "type": "Point",
                "coordinates": [
                    121.52757,
                    25.09765
                ]
            }
        },
        {
            "type": "Feature",
            "properties": {
                "sna": "捷運士林站(1號出口)",
                "sno": 500104107,
                "available_rent_general_bikes": 33,
                "available_return_bikes": 5,
                "total_bikes": 38
            },
            "geometry": {
                "type": "Point",
                "coordinates": [
                    121.52552,
                    25.09561
                ]
            }
        },
        {
            "type": "Feature",
            "properties": {
                "sna": "捷運芝山站(2號出口)_1",
                "sno": 500104108,
                "available_rent_general_bikes": 24,
                "available_return_bikes": 37,
                "total_bikes": 61
            },
            "geometry": {
                "type": "Point",
                "coordinates": [
                    121.52263,
                    25.10336
                ]
            }
        },
        {
            "type": "Feature",
            "properties": {
                "sna": "銘傳大學(中山北路五段280巷口)",
                "sno": 500104109,
                "available_rent_general_bikes": 3,
                "available_return_bikes": 19,
                "total_bikes": 22
            },
            "geometry": {
                "type": "Point",
                "coordinates": [
                    121.52711,
                    25.08762
                ]
            }
        },
        {
            "type": "Feature",
            "properties": {
                "sna": "海光公園南側",
                "sno": 500104110,
                "available_rent_general_bikes": 0,
                "available_return_bikes": 12,
                "total_bikes": 12
            },
            "geometry": {
                "type": "Point",
                "coordinates": [
                    121.5084,
                    25.08036
                ]
            }
        },
        {
            "type": "Feature",
            "properties": {
                "sna": "士商路40巷口",
                "sno": 500104111,
                "available_rent_general_bikes": 3,
                "available_return_bikes": 12,
                "total_bikes": 15
            },
            "geometry": {
                "type": "Point",
                "coordinates": [
                    121.52054,
                    25.09013
                ]
            }
        },
        {
            "type": "Feature",
            "properties": {
                "sna": "劍潭郵局",
                "sno": 500104112,
                "available_rent_general_bikes": 25,
                "available_return_bikes": 6,
                "total_bikes": 31
            },
            "geometry": {
                "type": "Point",
                "coordinates": [
                    121.52431,
                    25.08182
                ]
            }
        },
        {
            "type": "Feature",
            "properties": {
                "sna": "士東路91巷口",
                "sno": 500104113,
                "available_rent_general_bikes": 2,
                "available_return_bikes": 13,
                "total_bikes": 15
            },
            "geometry": {
                "type": "Point",
                "coordinates": [
                    121.52914,
                    25.11247
                ]
            }
        },
        {
            "type": "Feature",
            "properties": {
                "sna": "美崙公園",
                "sno": 500104114,
                "available_rent_general_bikes": 5,
                "available_return_bikes": 7,
                "total_bikes": 12
            },
            "geometry": {
                "type": "Point",
                "coordinates": [
                    121.51931,
                    25.09677
                ]
            }
        },
        {
            "type": "Feature",
            "properties": {
                "sna": "臺北市立大學(忠誠路二段207巷)",
                "sno": 500104115,
                "available_rent_general_bikes": 2,
                "available_return_bikes": 14,
                "total_bikes": 16
            },
            "geometry": {
                "type": "Point",
                "coordinates": [
                    121.53743,
                    25.11642
                ]
            }
        },
        {
            "type": "Feature",
            "properties": {
                "sna": "天母東路8巷/忠誠路二段154巷口",
                "sno": 500104116,
                "available_rent_general_bikes": 7,
                "available_return_bikes": 7,
                "total_bikes": 14
            },
            "geometry": {
                "type": "Point",
                "coordinates": [
                    121.53113,
                    25.11579
                ]
            }
        },
        {
            "type": "Feature",
            "properties": {
                "sna": "美崙公園(東北側)",
                "sno": 500104117,
                "available_rent_general_bikes": 3,
                "available_return_bikes": 11,
                "total_bikes": 14
            },
            "geometry": {
                "type": "Point",
                "coordinates": [
                    121.51835,
                    25.09886
                ]
            }
        },
        {
            "type": "Feature",
            "properties": {
                "sna": "福安河濱公園",
                "sno": 500104118,
                "available_rent_general_bikes": 7,
                "available_return_bikes": 7,
                "total_bikes": 14
            },
            "geometry": {
                "type": "Point",
                "coordinates": [
                    121.49358,
                    25.09646
                ]
            }
        },
        {
            "type": "Feature",
            "properties": {
                "sna": "忠誠忠義街口(北側)",
                "sno": 500104119,
                "available_rent_general_bikes": 7,
                "available_return_bikes": 6,
                "total_bikes": 13
            },
            "geometry": {
                "type": "Point",
                "coordinates": [
                    121.52922,
                    25.10566
                ]
            }
        },
        {
            "type": "Feature",
            "properties": {
                "sna": "忠誠忠義街口(南側)",
                "sno": 500104120,
                "available_rent_general_bikes": 11,
                "available_return_bikes": 3,
                "total_bikes": 14
            },
            "geometry": {
                "type": "Point",
                "coordinates": [
                    121.52869,
                    25.10519
                ]
            }
        },
        {
            "type": "Feature",
            "properties": {
                "sna": "士林國小",
                "sno": 500104121,
                "available_rent_general_bikes": 4,
                "available_return_bikes": 11,
                "total_bikes": 15
            },
            "geometry": {
                "type": "Point",
                "coordinates": [
                    121.52472,
                    25.09204
                ]
            }
        },
        {
            "type": "Feature",
            "properties": {
                "sna": "雙溪濕地公園",
                "sno": 500104122,
                "available_rent_general_bikes": 3,
                "available_return_bikes": 12,
                "total_bikes": 15
            },
            "geometry": {
                "type": "Point",
                "coordinates": [
                    121.51321,
                    25.09762
                ]
            }
        },
        {
            "type": "Feature",
            "properties": {
                "sna": "劍潭海外青年活動中心(志清大樓)",
                "sno": 500104123,
                "available_rent_general_bikes": 13,
                "available_return_bikes": 16,
                "total_bikes": 29
            },
            "geometry": {
                "type": "Point",
                "coordinates": [
                    121.52357,
                    25.07793
                ]
            }
        },
        {
            "type": "Feature",
            "properties": {
                "sna": "天和一號公園",
                "sno": 500104124,
                "available_rent_general_bikes": 13,
                "available_return_bikes": 2,
                "total_bikes": 15
            },
            "geometry": {
                "type": "Point",
                "coordinates": [
                    121.53466,
                    25.11836
                ]
            }
        },
        {
            "type": "Feature",
            "properties": {
                "sna": "忠誠路二段178巷口",
                "sno": 500104125,
                "available_rent_general_bikes": 7,
                "available_return_bikes": 6,
                "total_bikes": 13
            },
            "geometry": {
                "type": "Point",
                "coordinates": [
                    121.53295,
                    25.11633
                ]
            }
        },
        {
            "type": "Feature",
            "properties": {
                "sna": "克強磺溪街口",
                "sno": 500104126,
                "available_rent_general_bikes": 2,
                "available_return_bikes": 12,
                "total_bikes": 14
            },
            "geometry": {
                "type": "Point",
                "coordinates": [
                    121.52319,
                    25.10893
                ]
            }
        },
        {
            "type": "Feature",
            "properties": {
                "sna": "蘭雅公園(西側)",
                "sno": 500104128,
                "available_rent_general_bikes": 4,
                "available_return_bikes": 9,
                "total_bikes": 13
            },
            "geometry": {
                "type": "Point",
                "coordinates": [
                    121.52859,
                    25.10985
                ]
            }
        },
        {
            "type": "Feature",
            "properties": {
                "sna": "福林路100巷77弄口",
                "sno": 500104129,
                "available_rent_general_bikes": 6,
                "available_return_bikes": 11,
                "total_bikes": 17
            },
            "geometry": {
                "type": "Point",
                "coordinates": [
                    121.53285,
                    25.09441
                ]
            }
        },
        {
            "type": "Feature",
            "properties": {
                "sna": "福林路100巷11弄口",
                "sno": 500104130,
                "available_rent_general_bikes": 8,
                "available_return_bikes": 7,
                "total_bikes": 15
            },
            "geometry": {
                "type": "Point",
                "coordinates": [
                    121.53262,
                    25.09601
                ]
            }
        },
        {
            "type": "Feature",
            "properties": {
                "sna": "重慶北路四段190巷口(通河西街側)",
                "sno": 500104131,
                "available_rent_general_bikes": 6,
                "available_return_bikes": 6,
                "total_bikes": 12
            },
            "geometry": {
                "type": "Point",
                "coordinates": [
                    121.51253,
                    25.0848
                ]
            }
        },
        {
            "type": "Feature",
            "properties": {
                "sna": "承德區民活動中心",
                "sno": 500104132,
                "available_rent_general_bikes": 10,
                "available_return_bikes": 15,
                "total_bikes": 25
            },
            "geometry": {
                "type": "Point",
                "coordinates": [
                    121.52157,
                    25.07892
                ]
            }
        },
        {
            "type": "Feature",
            "properties": {
                "sna": "福林路255巷口",
                "sno": 500104133,
                "available_rent_general_bikes": 10,
                "available_return_bikes": 7,
                "total_bikes": 17
            },
            "geometry": {
                "type": "Point",
                "coordinates": [
                    121.53528,
                    25.09854
                ]
            }
        },
        {
            "type": "Feature",
            "properties": {
                "sna": "中山北路五段378巷口",
                "sno": 500104134,
                "available_rent_general_bikes": 12,
                "available_return_bikes": 15,
                "total_bikes": 27
            },
            "geometry": {
                "type": "Point",
                "coordinates": [
                    121.52765,
                    25.09064
                ]
            }
        },
        {
            "type": "Feature",
            "properties": {
                "sna": "台北花木批發市場",
                "sno": 500105001,
                "available_rent_general_bikes": 4,
                "available_return_bikes": 36,
                "total_bikes": 40
            },
            "geometry": {
                "type": "Point",
                "coordinates": [
                    121.54074,
                    25.00402
                ]
            }
        },
        {
            "type": "Feature",
            "properties": {
                "sna": "捷運萬隆站(4號出口)",
                "sno": 500105002,
                "available_rent_general_bikes": 3,
                "available_return_bikes": 19,
                "total_bikes": 22
            },
            "geometry": {
                "type": "Point",
                "coordinates": [
                    121.53861,
                    25.0027
                ]
            }
        },
        {
            "type": "Feature",
            "properties": {
                "sna": "捷運萬隆站(1號出口)",
                "sno": 500105003,
                "available_rent_general_bikes": 9,
                "available_return_bikes": 23,
                "total_bikes": 32
            },
            "geometry": {
                "type": "Point",
                "coordinates": [
                    121.53916,
                    25.00115
                ]
            }
        },
        {
            "type": "Feature",
            "properties": {
                "sna": "萬和二號公園",
                "sno": 500105004,
                "available_rent_general_bikes": 0,
                "available_return_bikes": 34,
                "total_bikes": 34
            },
            "geometry": {
                "type": "Point",
                "coordinates": [
                    121.5364,
                    25.00154
                ]
            }
        },
        {
            "type": "Feature",
            "properties": {
                "sna": "捷運萬隆站(2號出口)",
                "sno": 500105005,
                "available_rent_general_bikes": 11,
                "available_return_bikes": 1,
                "total_bikes": 12
            },
            "geometry": {
                "type": "Point",
                "coordinates": [
                    121.53983,
                    25.00144
                ]
            }
        },
        {
            "type": "Feature",
            "properties": {
                "sna": "景仁公園",
                "sno": 500105006,
                "available_rent_general_bikes": 2,
                "available_return_bikes": 11,
                "total_bikes": 13
            },
            "geometry": {
                "type": "Point",
                "coordinates": [
                    121.54043,
                    24.99621
                ]
            }
        },
        {
            "type": "Feature",
            "properties": {
                "sna": "捷運景美站(2號出口)",
                "sno": 500105007,
                "available_rent_general_bikes": 11,
                "available_return_bikes": 50,
                "total_bikes": 61
            },
            "geometry": {
                "type": "Point",
                "coordinates": [
                    121.54124,
                    24.99366
                ]
            }
        },
        {
            "type": "Feature",
            "properties": {
                "sna": "羅斯福景隆街口",
                "sno": 500105008,
                "available_rent_general_bikes": 1,
                "available_return_bikes": 48,
                "total_bikes": 49
            },
            "geometry": {
                "type": "Point",
                "coordinates": [
                    121.5403,
                    24.99898
                ]
            }
        },
        {
            "type": "Feature",
            "properties": {
                "sna": "景福街/羅斯福路6段142巷口",
                "sno": 500105009,
                "available_rent_general_bikes": 1,
                "available_return_bikes": 26,
                "total_bikes": 27
            },
            "geometry": {
                "type": "Point",
                "coordinates": [
                    121.53686287812,
                    24.998336212959
                ]
            }
        },
        {
            "type": "Feature",
            "properties": {
                "sna": "興旺公園",
                "sno": 500105010,
                "available_rent_general_bikes": 1,
                "available_return_bikes": 29,
                "total_bikes": 30
            },
            "geometry": {
                "type": "Point",
                "coordinates": [
                    121.55012,
                    25.00587
                ]
            }
        },
        {
            "type": "Feature",
            "properties": {
                "sna": "興福國中",
                "sno": 500105011,
                "available_rent_general_bikes": 1,
                "available_return_bikes": 24,
                "total_bikes": 25
            },
            "geometry": {
                "type": "Point",
                "coordinates": [
                    121.54916,
                    25.00465
                ]
            }
        },
        {
            "type": "Feature",
            "properties": {
                "sna": "興隆路2段203巷",
                "sno": 500105012,
                "available_rent_general_bikes": 6,
                "available_return_bikes": 26,
                "total_bikes": 32
            },
            "geometry": {
                "type": "Point",
                "coordinates": [
                    121.54709,
                    25.00346
                ]
            }
        },
        {
            "type": "Feature",
            "properties": {
                "sna": "景美運動公園",
                "sno": 500105013,
                "available_rent_general_bikes": 1,
                "available_return_bikes": 25,
                "total_bikes": 26
            },
            "geometry": {
                "type": "Point",
                "coordinates": [
                    121.54454,
                    25.00219
                ]
            }
        },
        {
            "type": "Feature",
            "properties": {
                "sna": "景美醫院",
                "sno": 500105014,
                "available_rent_general_bikes": 2,
                "available_return_bikes": 15,
                "total_bikes": 17
            },
            "geometry": {
                "type": "Point",
                "coordinates": [
                    121.54008,
                    24.99136
                ]
            }
        },
        {
            "type": "Feature",
            "properties": {
                "sna": "師範大學公館校區",
                "sno": 500105015,
                "available_rent_general_bikes": 0,
                "available_return_bikes": 14,
                "total_bikes": 14
            },
            "geometry": {
                "type": "Point",
                "coordinates": [
                    121.53731,
                    25.00792
                ]
            }
        },
        {
            "type": "Feature",
            "properties": {
                "sna": "景華街128巷口",
                "sno": 500105016,
                "available_rent_general_bikes": 3,
                "available_return_bikes": 24,
                "total_bikes": 27
            },
            "geometry": {
                "type": "Point",
                "coordinates": [
                    121.54725,
                    24.99543
                ]
            }
        },
        {
            "type": "Feature",
            "properties": {
                "sna": "仙跡岩登山口(景興路)",
                "sno": 500105017,
                "available_rent_general_bikes": 2,
                "available_return_bikes": 20,
                "total_bikes": 22
            },
            "geometry": {
                "type": "Point",
                "coordinates": [
                    121.5436,
                    24.99118
                ]
            }
        },
        {
            "type": "Feature",
            "properties": {
                "sna": "國立政治大學",
                "sno": 500105018,
                "available_rent_general_bikes": 49,
                "available_return_bikes": 10,
                "total_bikes": 59
            },
            "geometry": {
                "type": "Point",
                "coordinates": [
                    121.57726,
                    24.98737
                ]
            }
        },
        {
            "type": "Feature",
            "properties": {
                "sna": "捷運動物園站",
                "sno": 500105019,
                "available_rent_general_bikes": 20,
                "available_return_bikes": 35,
                "total_bikes": 55
            },
            "geometry": {
                "type": "Point",
                "coordinates": [
                    121.57985,
                    24.99873
                ]
            }
        },
        {
            "type": "Feature",
            "properties": {
                "sna": "捷運木柵站",
                "sno": 500105020,
                "available_rent_general_bikes": 12,
                "available_return_bikes": 19,
                "total_bikes": 31
            },
            "geometry": {
                "type": "Point",
                "coordinates": [
                    121.57455,
                    24.99798
                ]
            }
        },
        {
            "type": "Feature",
            "properties": {
                "sna": "捷運萬芳社區站",
                "sno": 500105021,
                "available_rent_general_bikes": 11,
                "available_return_bikes": 20,
                "total_bikes": 31
            },
            "geometry": {
                "type": "Point",
                "coordinates": [
                    121.56769,
                    24.99886
                ]
            }
        },
        {
            "type": "Feature",
            "properties": {
                "sna": "文山運動中心",
                "sno": 500105022,
                "available_rent_general_bikes": 1,
                "available_return_bikes": 34,
                "total_bikes": 35
            },
            "geometry": {
                "type": "Point",
                "coordinates": [
                    121.5596,
                    24.99676
                ]
            }
        },
        {
            "type": "Feature",
            "properties": {
                "sna": "捷運辛亥站",
                "sno": 500105023,
                "available_rent_general_bikes": 19,
                "available_return_bikes": 17,
                "total_bikes": 36
            },
            "geometry": {
                "type": "Point",
                "coordinates": [
                    121.55684,
                    25.00467
                ]
            }
        },
        {
            "type": "Feature",
            "properties": {
                "sna": "興豐公園",
                "sno": 500105024,
                "available_rent_general_bikes": 1,
                "available_return_bikes": 23,
                "total_bikes": 24
            },
            "geometry": {
                "type": "Point",
                "coordinates": [
                    121.54761,
                    24.99982
                ]
            }
        },
        {
            "type": "Feature",
            "properties": {
                "sna": "木柵光輝路口",
                "sno": 500105025,
                "available_rent_general_bikes": 1,
                "available_return_bikes": 31,
                "total_bikes": 32
            },
            "geometry": {
                "type": "Point",
                "coordinates": [
                    121.55528,
                    24.98816
                ]
            }
        },
        {
            "type": "Feature",
            "properties": {
                "sna": "考試院",
                "sno": 500105026,
                "available_rent_general_bikes": 21,
                "available_return_bikes": 3,
                "total_bikes": 24
            },
            "geometry": {
                "type": "Point",
                "coordinates": [
                    121.54984,
                    24.98747
                ]
            }
        },
        {
            "type": "Feature",
            "properties": {
                "sna": "和興路26巷口",
                "sno": 500105027,
                "available_rent_general_bikes": 0,
                "available_return_bikes": 21,
                "total_bikes": 21
            },
            "geometry": {
                "type": "Point",
                "coordinates": [
                    121.54532,
                    24.98573
                ]
            }
        },
        {
            "type": "Feature",
            "properties": {
                "sna": "世新大學",
                "sno": 500105028,
                "available_rent_general_bikes": 5,
                "available_return_bikes": 21,
                "total_bikes": 26
            },
            "geometry": {
                "type": "Point",
                "coordinates": [
                    121.54336,
                    24.98859
                ]
            }
        },
        {
            "type": "Feature",
            "properties": {
                "sna": "一壽橋",
                "sno": 500105029,
                "available_rent_general_bikes": 3,
                "available_return_bikes": 25,
                "total_bikes": 28
            },
            "geometry": {
                "type": "Point",
                "coordinates": [
                    121.55548,
                    24.97837
                ]
            }
        },
        {
            "type": "Feature",
            "properties": {
                "sna": "臺北市立景美女中",
                "sno": 500105030,
                "available_rent_general_bikes": 13,
                "available_return_bikes": 11,
                "total_bikes": 24
            },
            "geometry": {
                "type": "Point",
                "coordinates": [
                    121.55624,
                    24.98058
                ]
            }
        },
        {
            "type": "Feature",
            "properties": {
                "sna": "永安藝文館-表演36房",
                "sno": 500105031,
                "available_rent_general_bikes": 3,
                "available_return_bikes": 25,
                "total_bikes": 28
            },
            "geometry": {
                "type": "Point",
                "coordinates": [
                    121.56907,
                    24.98414
                ]
            }
        },
        {
            "type": "Feature",
            "properties": {
                "sna": "忠順區民活動中心",
                "sno": 500105032,
                "available_rent_general_bikes": 4,
                "available_return_bikes": 27,
                "total_bikes": 31
            },
            "geometry": {
                "type": "Point",
                "coordinates": [
                    121.56332,
                    24.98471
                ]
            }
        },
        {
            "type": "Feature",
            "properties": {
                "sna": "景文中學",
                "sno": 500105033,
                "available_rent_general_bikes": 28,
                "available_return_bikes": 5,
                "total_bikes": 33
            },
            "geometry": {
                "type": "Point",
                "coordinates": [
                    121.56745,
                    24.98574
                ]
            }
        },
        {
            "type": "Feature",
            "properties": {
                "sna": "老泉街籃球場",
                "sno": 500105034,
                "available_rent_general_bikes": 7,
                "available_return_bikes": 6,
                "total_bikes": 13
            },
            "geometry": {
                "type": "Point",
                "coordinates": [
                    121.5583,
                    24.97619
                ]
            }
        },
        {
            "type": "Feature",
            "properties": {
                "sna": "文山行政中心",
                "sno": 500105035,
                "available_rent_general_bikes": 13,
                "available_return_bikes": 13,
                "total_bikes": 26
            },
            "geometry": {
                "type": "Point",
                "coordinates": [
                    121.56959,
                    24.98959
                ]
            }
        },
        {
            "type": "Feature",
            "properties": {
                "sna": "木柵公園",
                "sno": 500105036,
                "available_rent_general_bikes": 2,
                "available_return_bikes": 36,
                "total_bikes": 38
            },
            "geometry": {
                "type": "Point",
                "coordinates": [
                    121.56059,
                    24.98718
                ]
            }
        },
        {
            "type": "Feature",
            "properties": {
                "sna": "興隆公共住宅D2區",
                "sno": 500105037,
                "available_rent_general_bikes": 6,
                "available_return_bikes": 13,
                "total_bikes": 19
            },
            "geometry": {
                "type": "Point",
                "coordinates": [
                    121.56356,
                    24.98814
                ]
            }
        },
        {
            "type": "Feature",
            "properties": {
                "sna": "木新路3段95巷口",
                "sno": 500105038,
                "available_rent_general_bikes": 0,
                "available_return_bikes": 15,
                "total_bikes": 15
            },
            "geometry": {
                "type": "Point",
                "coordinates": [
                    121.56313,
                    24.98088
                ]
            }
        },
        {
            "type": "Feature",
            "properties": {
                "sna": "樟腳里公園",
                "sno": 500105039,
                "available_rent_general_bikes": 0,
                "available_return_bikes": 14,
                "total_bikes": 14
            },
            "geometry": {
                "type": "Point",
                "coordinates": [
                    121.56567,
                    24.98181
                ]
            }
        },
        {
            "type": "Feature",
            "properties": {
                "sna": "實踐國中",
                "sno": 500105040,
                "available_rent_general_bikes": 10,
                "available_return_bikes": 3,
                "total_bikes": 13
            },
            "geometry": {
                "type": "Point",
                "coordinates": [
                    121.55404,
                    24.98301
                ]
            }
        },
        {
            "type": "Feature",
            "properties": {
                "sna": "指南路3段2巷",
                "sno": 500105041,
                "available_rent_general_bikes": 6,
                "available_return_bikes": 7,
                "total_bikes": 13
            },
            "geometry": {
                "type": "Point",
                "coordinates": [
                    121.57959,
                    24.98537
                ]
            }
        },
        {
            "type": "Feature",
            "properties": {
                "sna": "萊茵公園",
                "sno": 500105042,
                "available_rent_general_bikes": 6,
                "available_return_bikes": 8,
                "total_bikes": 14
            },
            "geometry": {
                "type": "Point",
                "coordinates": [
                    121.56514,
                    24.98642
                ]
            }
        },
        {
            "type": "Feature",
            "properties": {
                "sna": "木柵社會住宅",
                "sno": 500105043,
                "available_rent_general_bikes": 4,
                "available_return_bikes": 8,
                "total_bikes": 12
            },
            "geometry": {
                "type": "Point",
                "coordinates": [
                    121.56651,
                    24.98935
                ]
            }
        },
        {
            "type": "Feature",
            "properties": {
                "sna": "秀明路一段185巷口",
                "sno": 500105044,
                "available_rent_general_bikes": 17,
                "available_return_bikes": 3,
                "total_bikes": 20
            },
            "geometry": {
                "type": "Point",
                "coordinates": [
                    121.56836,
                    24.99151
                ]
            }
        },
        {
            "type": "Feature",
            "properties": {
                "sna": "秀明路一段129巷口",
                "sno": 500105045,
                "available_rent_general_bikes": 9,
                "available_return_bikes": 11,
                "total_bikes": 20
            },
            "geometry": {
                "type": "Point",
                "coordinates": [
                    121.56703,
                    24.99111
                ]
            }
        },
        {
            "type": "Feature",
            "properties": {
                "sna": "恆光橋(老泉街)",
                "sno": 500105046,
                "available_rent_general_bikes": 0,
                "available_return_bikes": 12,
                "total_bikes": 12
            },
            "geometry": {
                "type": "Point",
                "coordinates": [
                    121.56753,
                    24.97989
                ]
            }
        },
        {
            "type": "Feature",
            "properties": {
                "sna": "萬有3號公園",
                "sno": 500105047,
                "available_rent_general_bikes": 1,
                "available_return_bikes": 13,
                "total_bikes": 14
            },
            "geometry": {
                "type": "Point",
                "coordinates": [
                    121.5433,
                    24.99889
                ]
            }
        },
        {
            "type": "Feature",
            "properties": {
                "sna": "捷運萬芳醫院站(興隆路三段115巷)",
                "sno": 500105048,
                "available_rent_general_bikes": 6,
                "available_return_bikes": 14,
                "total_bikes": 20
            },
            "geometry": {
                "type": "Point",
                "coordinates": [
                    121.55848,
                    24.99939
                ]
            }
        },
        {
            "type": "Feature",
            "properties": {
                "sna": "興得閱覽室",
                "sno": 500105049,
                "available_rent_general_bikes": 10,
                "available_return_bikes": 13,
                "total_bikes": 23
            },
            "geometry": {
                "type": "Point",
                "coordinates": [
                    121.55498,
                    24.99579
                ]
            }
        },
        {
            "type": "Feature",
            "properties": {
                "sna": "辛亥生態公園",
                "sno": 500105050,
                "available_rent_general_bikes": 12,
                "available_return_bikes": 11,
                "total_bikes": 23
            },
            "geometry": {
                "type": "Point",
                "coordinates": [
                    121.55642,
                    25.00348
                ]
            }
        },
        {
            "type": "Feature",
            "properties": {
                "sna": "博嘉運動公園",
                "sno": 500105051,
                "available_rent_general_bikes": 9,
                "available_return_bikes": 2,
                "total_bikes": 11
            },
            "geometry": {
                "type": "Point",
                "coordinates": [
                    121.57534,
                    25.00079
                ]
            }
        },
        {
            "type": "Feature",
            "properties": {
                "sna": "仙岩公園",
                "sno": 500105053,
                "available_rent_general_bikes": 0,
                "available_return_bikes": 11,
                "total_bikes": 11
            },
            "geometry": {
                "type": "Point",
                "coordinates": [
                    121.54982,
                    24.99797
                ]
            }
        },
        {
            "type": "Feature",
            "properties": {
                "sna": "政大一街口",
                "sno": 500105054,
                "available_rent_general_bikes": 4,
                "available_return_bikes": 10,
                "total_bikes": 14
            },
            "geometry": {
                "type": "Point",
                "coordinates": [
                    121.58006,
                    24.98543
                ]
            }
        },
        {
            "type": "Feature",
            "properties": {
                "sna": "文山第二行政中心",
                "sno": 500105055,
                "available_rent_general_bikes": 5,
                "available_return_bikes": 32,
                "total_bikes": 37
            },
            "geometry": {
                "type": "Point",
                "coordinates": [
                    121.55142,
                    25.00115
                ]
            }
        },
        {
            "type": "Feature",
            "properties": {
                "sna": "移民署訓練中心",
                "sno": 500105056,
                "available_rent_general_bikes": 1,
                "available_return_bikes": 12,
                "total_bikes": 13
            },
            "geometry": {
                "type": "Point",
                "coordinates": [
                    121.55865,
                    24.99271
                ]
            }
        },
        {
            "type": "Feature",
            "properties": {
                "sna": "海巡署(南側)",
                "sno": 500105057,
                "available_rent_general_bikes": 2,
                "available_return_bikes": 8,
                "total_bikes": 10
            },
            "geometry": {
                "type": "Point",
                "coordinates": [
                    121.55949,
                    24.99472
                ]
            }
        },
        {
            "type": "Feature",
            "properties": {
                "sna": "明道國小東南側",
                "sno": 500105058,
                "available_rent_general_bikes": 2,
                "available_return_bikes": 26,
                "total_bikes": 28
            },
            "geometry": {
                "type": "Point",
                "coordinates": [
                    121.56456,
                    24.98695
                ]
            }
        },
        {
            "type": "Feature",
            "properties": {
                "sna": "木南公園",
                "sno": 500105059,
                "available_rent_general_bikes": 5,
                "available_return_bikes": 12,
                "total_bikes": 17
            },
            "geometry": {
                "type": "Point",
                "coordinates": [
                    121.57071,
                    24.98662
                ]
            }
        },
        {
            "type": "Feature",
            "properties": {
                "sna": "實踐國中(木新路三段310巷口)",
                "sno": 500105060,
                "available_rent_general_bikes": 8,
                "available_return_bikes": 9,
                "total_bikes": 17
            },
            "geometry": {
                "type": "Point",
                "coordinates": [
                    121.55645,
                    24.98339
                ]
            }
        },
        {
            "type": "Feature",
            "properties": {
                "sna": "師範大學公館校區_1",
                "sno": 500105061,
                "available_rent_general_bikes": 0,
                "available_return_bikes": 34,
                "total_bikes": 34
            },
            "geometry": {
                "type": "Point",
                "coordinates": [
                    121.53719,
                    25.00753
                ]
            }
        },
        {
            "type": "Feature",
            "properties": {
                "sna": "捷運動物園站(2號出口)",
                "sno": 500105062,
                "available_rent_general_bikes": 0,
                "available_return_bikes": 39,
                "total_bikes": 39
            },
            "geometry": {
                "type": "Point",
                "coordinates": [
                    121.57875,
                    24.99766
                ]
            }
        },
        {
            "type": "Feature",
            "properties": {
                "sna": "政大水岸電梯",
                "sno": 500105063,
                "available_rent_general_bikes": 8,
                "available_return_bikes": 2,
                "total_bikes": 10
            },
            "geometry": {
                "type": "Point",
                "coordinates": [
                    121.5717,
                    24.982
                ]
            }
        },
        {
            "type": "Feature",
            "properties": {
                "sna": "敦南山林",
                "sno": 500105064,
                "available_rent_general_bikes": 1,
                "available_return_bikes": 13,
                "total_bikes": 14
            },
            "geometry": {
                "type": "Point",
                "coordinates": [
                    121.5768,
                    25.00264
                ]
            }
        },
        {
            "type": "Feature",
            "properties": {
                "sna": "景美污水抽水站",
                "sno": 500105066,
                "available_rent_general_bikes": 0,
                "available_return_bikes": 15,
                "total_bikes": 15
            },
            "geometry": {
                "type": "Point",
                "coordinates": [
                    121.53637,
                    25.01076
                ]
            }
        },
        {
            "type": "Feature",
            "properties": {
                "sna": "萬和三號公園(北側)",
                "sno": 500105067,
                "available_rent_general_bikes": 9,
                "available_return_bikes": 2,
                "total_bikes": 11
            },
            "geometry": {
                "type": "Point",
                "coordinates": [
                    121.53636,
                    25.00345
                ]
            }
        },
        {
            "type": "Feature",
            "properties": {
                "sna": "景興國中",
                "sno": 500105068,
                "available_rent_general_bikes": 0,
                "available_return_bikes": 10,
                "total_bikes": 10
            },
            "geometry": {
                "type": "Point",
                "coordinates": [
                    121.54284,
                    24.99609
                ]
            }
        },
        {
            "type": "Feature",
            "properties": {
                "sna": "景仁公園_1",
                "sno": 500105069,
                "available_rent_general_bikes": 13,
                "available_return_bikes": 14,
                "total_bikes": 27
            },
            "geometry": {
                "type": "Point",
                "coordinates": [
                    121.5403,
                    24.9966
                ]
            }
        },
        {
            "type": "Feature",
            "properties": {
                "sna": "師大公館校區學二舍",
                "sno": 500105070,
                "available_rent_general_bikes": 7,
                "available_return_bikes": 33,
                "total_bikes": 40
            },
            "geometry": {
                "type": "Point",
                "coordinates": [
                    121.53419,
                    25.00825
                ]
            }
        },
        {
            "type": "Feature",
            "properties": {
                "sna": "景行公園",
                "sno": 500105071,
                "available_rent_general_bikes": 0,
                "available_return_bikes": 15,
                "total_bikes": 15
            },
            "geometry": {
                "type": "Point",
                "coordinates": [
                    121.54255,
                    24.99279
                ]
            }
        },
        {
            "type": "Feature",
            "properties": {
                "sna": "萬興國小",
                "sno": 500105072,
                "available_rent_general_bikes": 10,
                "available_return_bikes": 14,
                "total_bikes": 24
            },
            "geometry": {
                "type": "Point",
                "coordinates": [
                    121.57682,
                    24.98939
                ]
            }
        },
        {
            "type": "Feature",
            "properties": {
                "sna": "辛亥路四段77巷口",
                "sno": 500105073,
                "available_rent_general_bikes": 1,
                "available_return_bikes": 13,
                "total_bikes": 14
            },
            "geometry": {
                "type": "Point",
                "coordinates": [
                    121.55877,
                    25.00743
                ]
            }
        },
        {
            "type": "Feature",
            "properties": {
                "sna": "景興路42巷口",
                "sno": 500105074,
                "available_rent_general_bikes": 0,
                "available_return_bikes": 12,
                "total_bikes": 12
            },
            "geometry": {
                "type": "Point",
                "coordinates": [
                    121.54454,
                    24.99696
                ]
            }
        },
        {
            "type": "Feature",
            "properties": {
                "sna": "木柵路三段48巷",
                "sno": 500105075,
                "available_rent_general_bikes": 11,
                "available_return_bikes": 4,
                "total_bikes": 15
            },
            "geometry": {
                "type": "Point",
                "coordinates": [
                    121.56565,
                    24.98768
                ]
            }
        },
        {
            "type": "Feature",
            "properties": {
                "sna": "木柵路二段109巷",
                "sno": 500105076,
                "available_rent_general_bikes": 5,
                "available_return_bikes": 8,
                "total_bikes": 13
            },
            "geometry": {
                "type": "Point",
                "coordinates": [
                    121.56195,
                    24.98944
                ]
            }
        },
        {
            "type": "Feature",
            "properties": {
                "sna": "試院公園",
                "sno": 500105077,
                "available_rent_general_bikes": 0,
                "available_return_bikes": 14,
                "total_bikes": 14
            },
            "geometry": {
                "type": "Point",
                "coordinates": [
                    121.54723,
                    24.98808
                ]
            }
        },
        {
            "type": "Feature",
            "properties": {
                "sna": "樟樹公園",
                "sno": 500105079,
                "available_rent_general_bikes": 1,
                "available_return_bikes": 14,
                "total_bikes": 15
            },
            "geometry": {
                "type": "Point",
                "coordinates": [
                    121.55949,
                    24.9825
                ]
            }
        },
        {
            "type": "Feature",
            "properties": {
                "sna": "萬美萬安街口",
                "sno": 500105080,
                "available_rent_general_bikes": 0,
                "available_return_bikes": 20,
                "total_bikes": 20
            },
            "geometry": {
                "type": "Point",
                "coordinates": [
                    121.57039,
                    25.00223
                ]
            }
        },
        {
            "type": "Feature",
            "properties": {
                "sna": "興隆路二段203巷(敦南)",
                "sno": 500105081,
                "available_rent_general_bikes": 0,
                "available_return_bikes": 27,
                "total_bikes": 27
            },
            "geometry": {
                "type": "Point",
                "coordinates": [
                    121.54856,
                    25.00198
                ]
            }
        },
        {
            "type": "Feature",
            "properties": {
                "sna": "新光秀明路口",
                "sno": 500105082,
                "available_rent_general_bikes": 1,
                "available_return_bikes": 14,
                "total_bikes": 15
            },
            "geometry": {
                "type": "Point",
                "coordinates": [
                    121.57371,
                    24.99197
                ]
            }
        },
        {
            "type": "Feature",
            "properties": {
                "sna": "光輝路134巷口",
                "sno": 500105083,
                "available_rent_general_bikes": 1,
                "available_return_bikes": 14,
                "total_bikes": 15
            },
            "geometry": {
                "type": "Point",
                "coordinates": [
                    121.55831,
                    24.98532
                ]
            }
        },
        {
            "type": "Feature",
            "properties": {
                "sna": "光輝公園",
                "sno": 500105084,
                "available_rent_general_bikes": 0,
                "available_return_bikes": 27,
                "total_bikes": 27
            },
            "geometry": {
                "type": "Point",
                "coordinates": [
                    121.5552,
                    24.98655
                ]
            }
        },
        {
            "type": "Feature",
            "properties": {
                "sna": "木新公園",
                "sno": 500105085,
                "available_rent_general_bikes": 3,
                "available_return_bikes": 9,
                "total_bikes": 12
            },
            "geometry": {
                "type": "Point",
                "coordinates": [
                    121.55782,
                    24.98217
                ]
            }
        },
        {
            "type": "Feature",
            "properties": {
                "sna": "興隆路二段275巷1弄口",
                "sno": 500105086,
                "available_rent_general_bikes": 0,
                "available_return_bikes": 15,
                "total_bikes": 15
            },
            "geometry": {
                "type": "Point",
                "coordinates": [
                    121.55277,
                    25.00268
                ]
            }
        },
        {
            "type": "Feature",
            "properties": {
                "sna": "中國科技大學",
                "sno": 500105087,
                "available_rent_general_bikes": 6,
                "available_return_bikes": 15,
                "total_bikes": 21
            },
            "geometry": {
                "type": "Point",
                "coordinates": [
                    121.55553,
                    24.99925
                ]
            }
        },
        {
            "type": "Feature",
            "properties": {
                "sna": "樟新街8巷",
                "sno": 500105088,
                "available_rent_general_bikes": 8,
                "available_return_bikes": 9,
                "total_bikes": 17
            },
            "geometry": {
                "type": "Point",
                "coordinates": [
                    121.55406,
                    24.97932
                ]
            }
        },
        {
            "type": "Feature",
            "properties": {
                "sna": "仙岩路22巷口",
                "sno": 500105089,
                "available_rent_general_bikes": 0,
                "available_return_bikes": 28,
                "total_bikes": 28
            },
            "geometry": {
                "type": "Point",
                "coordinates": [
                    121.54887,
                    24.99892
                ]
            }
        },
        {
            "type": "Feature",
            "properties": {
                "sna": "木柵萬芳路口",
                "sno": 500105090,
                "available_rent_general_bikes": 14,
                "available_return_bikes": 13,
                "total_bikes": 27
            },
            "geometry": {
                "type": "Point",
                "coordinates": [
                    121.57199,
                    24.99509
                ]
            }
        },
        {
            "type": "Feature",
            "properties": {
                "sna": "福興路78巷",
                "sno": 500105091,
                "available_rent_general_bikes": 7,
                "available_return_bikes": 6,
                "total_bikes": 13
            },
            "geometry": {
                "type": "Point",
                "coordinates": [
                    121.55048,
                    25.00437
                ]
            }
        },
        {
            "type": "Feature",
            "properties": {
                "sna": "辛亥木柵路口",
                "sno": 500105092,
                "available_rent_general_bikes": 2,
                "available_return_bikes": 18,
                "total_bikes": 20
            },
            "geometry": {
                "type": "Point",
                "coordinates": [
                    121.55238,
                    24.98839
                ]
            }
        },
        {
            "type": "Feature",
            "properties": {
                "sna": "興泰公園",
                "sno": 500105093,
                "available_rent_general_bikes": 5,
                "available_return_bikes": 7,
                "total_bikes": 12
            },
            "geometry": {
                "type": "Point",
                "coordinates": [
                    121.55582,
                    25.00492
                ]
            }
        },
        {
            "type": "Feature",
            "properties": {
                "sna": "興岩社會福利綜合大樓",
                "sno": 500105094,
                "available_rent_general_bikes": 0,
                "available_return_bikes": 18,
                "total_bikes": 18
            },
            "geometry": {
                "type": "Point",
                "coordinates": [
                    121.54941,
                    25.00061
                ]
            }
        },
        {
            "type": "Feature",
            "properties": {
                "sna": "興隆路二段22巷9弄口",
                "sno": 500105095,
                "available_rent_general_bikes": 0,
                "available_return_bikes": 12,
                "total_bikes": 12
            },
            "geometry": {
                "type": "Point",
                "coordinates": [
                    121.54543,
                    24.99746
                ]
            }
        },
        {
            "type": "Feature",
            "properties": {
                "sna": "木新路三段155巷口",
                "sno": 500105096,
                "available_rent_general_bikes": 3,
                "available_return_bikes": 11,
                "total_bikes": 14
            },
            "geometry": {
                "type": "Point",
                "coordinates": [
                    121.56125,
                    24.98184
                ]
            }
        },
        {
            "type": "Feature",
            "properties": {
                "sna": "景興路102巷口",
                "sno": 500105097,
                "available_rent_general_bikes": 1,
                "available_return_bikes": 13,
                "total_bikes": 14
            },
            "geometry": {
                "type": "Point",
                "coordinates": [
                    121.54376,
                    24.99438
                ]
            }
        },
        {
            "type": "Feature",
            "properties": {
                "sna": "景福街223巷",
                "sno": 500105098,
                "available_rent_general_bikes": 8,
                "available_return_bikes": 7,
                "total_bikes": 15
            },
            "geometry": {
                "type": "Point",
                "coordinates": [
                    121.53844,
                    24.99442
                ]
            }
        },
        {
            "type": "Feature",
            "properties": {
                "sna": "達賢圖書館",
                "sno": 500105100,
                "available_rent_general_bikes": 15,
                "available_return_bikes": 7,
                "total_bikes": 22
            },
            "geometry": {
                "type": "Point",
                "coordinates": [
                    121.57786,
                    24.9884
                ]
            }
        },
        {
            "type": "Feature",
            "properties": {
                "sna": "捷運木柵站(西側)",
                "sno": 500105101,
                "available_rent_general_bikes": 1,
                "available_return_bikes": 25,
                "total_bikes": 26
            },
            "geometry": {
                "type": "Point",
                "coordinates": [
                    121.57279,
                    24.9983
                ]
            }
        },
        {
            "type": "Feature",
            "properties": {
                "sna": "世新大學(試院路)",
                "sno": 500105102,
                "available_rent_general_bikes": 4,
                "available_return_bikes": 11,
                "total_bikes": 15
            },
            "geometry": {
                "type": "Point",
                "coordinates": [
                    121.54783,
                    24.98981
                ]
            }
        },
        {
            "type": "Feature",
            "properties": {
                "sna": "興隆社會住宅D1區",
                "sno": 500105103,
                "available_rent_general_bikes": 16,
                "available_return_bikes": 14,
                "total_bikes": 30
            },
            "geometry": {
                "type": "Point",
                "coordinates": [
                    121.55831,
                    24.98783
                ]
            }
        },
        {
            "type": "Feature",
            "properties": {
                "sna": "名門社區",
                "sno": 500105104,
                "available_rent_general_bikes": 1,
                "available_return_bikes": 17,
                "total_bikes": 18
            },
            "geometry": {
                "type": "Point",
                "coordinates": [
                    121.56757,
                    25.00516
                ]
            }
        },
        {
            "type": "Feature",
            "properties": {
                "sna": "政大國際會館",
                "sno": 500105106,
                "available_rent_general_bikes": 0,
                "available_return_bikes": 18,
                "total_bikes": 18
            },
            "geometry": {
                "type": "Point",
                "coordinates": [
                    121.57513,
                    24.98994
                ]
            }
        },
        {
            "type": "Feature",
            "properties": {
                "sna": "萬芳出租國宅",
                "sno": 500105107,
                "available_rent_general_bikes": 9,
                "available_return_bikes": 27,
                "total_bikes": 36
            },
            "geometry": {
                "type": "Point",
                "coordinates": [
                    121.5655,
                    25.00335
                ]
            }
        },
        {
            "type": "Feature",
            "properties": {
                "sna": "景美國小",
                "sno": 500105108,
                "available_rent_general_bikes": 1,
                "available_return_bikes": 23,
                "total_bikes": 24
            },
            "geometry": {
                "type": "Point",
                "coordinates": [
                    121.53976,
                    24.9893
                ]
            }
        },
        {
            "type": "Feature",
            "properties": {
                "sna": "景文街142巷口",
                "sno": 500105109,
                "available_rent_general_bikes": 4,
                "available_return_bikes": 11,
                "total_bikes": 15
            },
            "geometry": {
                "type": "Point",
                "coordinates": [
                    121.54065,
                    24.98826
                ]
            }
        },
        {
            "type": "Feature",
            "properties": {
                "sna": "保儀路142巷",
                "sno": 500105110,
                "available_rent_general_bikes": 8,
                "available_return_bikes": 6,
                "total_bikes": 14
            },
            "geometry": {
                "type": "Point",
                "coordinates": [
                    121.56515,
                    24.98327
                ]
            }
        },
        {
            "type": "Feature",
            "properties": {
                "sna": "臺北自來水事業處",
                "sno": 500106001,
                "available_rent_general_bikes": 2,
                "available_return_bikes": 18,
                "total_bikes": 20
            },
            "geometry": {
                "type": "Point",
                "coordinates": [
                    121.53068,
                    25.013741
                ]
            }
        },
        {
            "type": "Feature",
            "properties": {
                "sna": "汀州思源街口東南側",
                "sno": 500106002,
                "available_rent_general_bikes": 5,
                "available_return_bikes": 14,
                "total_bikes": 19
            },
            "geometry": {
                "type": "Point",
                "coordinates": [
                    121.531908,
                    25.014697
                ]
            }
        },
        {
            "type": "Feature",
            "properties": {
                "sna": "捷運公館站(1號出口)",
                "sno": 500106003,
                "available_rent_general_bikes": 2,
                "available_return_bikes": 10,
                "total_bikes": 12
            },
            "geometry": {
                "type": "Point",
                "coordinates": [
                    121.534374,
                    25.014529
                ]
            }
        },
        {
            "type": "Feature",
            "properties": {
                "sna": "捷運公館站(4號出口)",
                "sno": 500106004,
                "available_rent_general_bikes": 2,
                "available_return_bikes": 9,
                "total_bikes": 11
            },
            "geometry": {
                "type": "Point",
                "coordinates": [
                    121.533828,
                    25.015069
                ]
            }
        },
        {
            "type": "Feature",
            "properties": {
                "sna": "捷運古亭站(9號出口)",
                "sno": 500106005,
                "available_rent_general_bikes": 0,
                "available_return_bikes": 0,
                "total_bikes": 0
            },
            "geometry": {
                "type": "Point",
                "coordinates": [
                    121.52224,
                    25.02694
                ]
            }
        },
        {
            "type": "Feature",
            "properties": {
                "sna": "捷運古亭站(2號出口)",
                "sno": 500106006,
                "available_rent_general_bikes": 1,
                "available_return_bikes": 54,
                "total_bikes": 55
            },
            "geometry": {
                "type": "Point",
                "coordinates": [
                    121.52346,
                    25.0255
                ]
            }
        },
        {
            "type": "Feature",
            "properties": {
                "sna": "捷運臺電大樓站(1號出口)",
                "sno": 500106007,
                "available_rent_general_bikes": 0,
                "available_return_bikes": 32,
                "total_bikes": 32
            },
            "geometry": {
                "type": "Point",
                "coordinates": [
                    121.529,
                    25.0197
                ]
            }
        },
        {
            "type": "Feature",
            "properties": {
                "sna": "客家文化主題公園",
                "sno": 500106008,
                "available_rent_general_bikes": 0,
                "available_return_bikes": 14,
                "total_bikes": 14
            },
            "geometry": {
                "type": "Point",
                "coordinates": [
                    121.52456,
                    25.02069
                ]
            }
        },
        {
            "type": "Feature",
            "properties": {
                "sna": "河堤國小",
                "sno": 500106009,
                "available_rent_general_bikes": 8,
                "available_return_bikes": 31,
                "total_bikes": 39
            },
            "geometry": {
                "type": "Point",
                "coordinates": [
                    121.52289,
                    25.02277
                ]
            }
        },
        {
            "type": "Feature",
            "properties": {
                "sna": "紀州庵",
                "sno": 500106010,
                "available_rent_general_bikes": 1,
                "available_return_bikes": 24,
                "total_bikes": 25
            },
            "geometry": {
                "type": "Point",
                "coordinates": [
                    121.52049,
                    25.02092
                ]
            }
        },
        {
            "type": "Feature",
            "properties": {
                "sna": "捷運臺電大樓站(5號出口)",
                "sno": 500106011,
                "available_rent_general_bikes": 0,
                "available_return_bikes": 20,
                "total_bikes": 20
            },
            "geometry": {
                "type": "Point",
                "coordinates": [
                    121.52771,
                    25.02075
                ]
            }
        },
        {
            "type": "Feature",
            "properties": {
                "sna": "捷運臺電大樓站(4號出口)",
                "sno": 500106012,
                "available_rent_general_bikes": 0,
                "available_return_bikes": 13,
                "total_bikes": 13
            },
            "geometry": {
                "type": "Point",
                "coordinates": [
                    121.52751,
                    25.02102
                ]
            }
        },
        {
            "type": "Feature",
            "properties": {
                "sna": "羅斯福三段金門街口",
                "sno": 500106013,
                "available_rent_general_bikes": 1,
                "available_return_bikes": 13,
                "total_bikes": 14
            },
            "geometry": {
                "type": "Point",
                "coordinates": [
                    121.52498,
                    25.02345
                ]
            }
        },
        {
            "type": "Feature",
            "properties": {
                "sna": "牯嶺公園",
                "sno": 500106014,
                "available_rent_general_bikes": 0,
                "available_return_bikes": 55,
                "total_bikes": 55
            },
            "geometry": {
                "type": "Point",
                "coordinates": [
                    121.51889,
                    25.02338
                ]
            }
        },
        {
            "type": "Feature",
            "properties": {
                "sna": "捷運古亭站(8號出口)",
                "sno": 500106015,
                "available_rent_general_bikes": 2,
                "available_return_bikes": 13,
                "total_bikes": 15
            },
            "geometry": {
                "type": "Point",
                "coordinates": [
                    121.52164,
                    25.02701
                ]
            }
        },
        {
            "type": "Feature",
            "properties": {
                "sna": "捷運古亭站(7號出口)",
                "sno": 500106016,
                "available_rent_general_bikes": 2,
                "available_return_bikes": 9,
                "total_bikes": 11
            },
            "geometry": {
                "type": "Point",
                "coordinates": [
                    121.52155,
                    25.02805
                ]
            }
        },
        {
            "type": "Feature",
            "properties": {
                "sna": "南昌公園",
                "sno": 500106017,
                "available_rent_general_bikes": 18,
                "available_return_bikes": 35,
                "total_bikes": 53
            },
            "geometry": {
                "type": "Point",
                "coordinates": [
                    121.52081,
                    25.02698
                ]
            }
        },
        {
            "type": "Feature",
            "properties": {
                "sna": "和平重慶路口",
                "sno": 500106018,
                "available_rent_general_bikes": 2,
                "available_return_bikes": 40,
                "total_bikes": 42
            },
            "geometry": {
                "type": "Point",
                "coordinates": [
                    121.51659,
                    25.02723
                ]
            }
        },
        {
            "type": "Feature",
            "properties": {
                "sna": "孫立人將軍官邸",
                "sno": 500106019,
                "available_rent_general_bikes": 10,
                "available_return_bikes": 13,
                "total_bikes": 23
            },
            "geometry": {
                "type": "Point",
                "coordinates": [
                    121.51854,
                    25.02933
                ]
            }
        },
        {
            "type": "Feature",
            "properties": {
                "sna": "羅斯福路二段6巷口",
                "sno": 500106020,
                "available_rent_general_bikes": 1,
                "available_return_bikes": 13,
                "total_bikes": 14
            },
            "geometry": {
                "type": "Point",
                "coordinates": [
                    121.52058,
                    25.02923
                ]
            }
        },
        {
            "type": "Feature",
            "properties": {
                "sna": "金華杭州南路口",
                "sno": 500106021,
                "available_rent_general_bikes": 0,
                "available_return_bikes": 35,
                "total_bikes": 35
            },
            "geometry": {
                "type": "Point",
                "coordinates": [
                    121.52211,
                    25.031
                ]
            }
        },
        {
            "type": "Feature",
            "properties": {
                "sna": "捷運中正紀念堂站(3號出口)",
                "sno": 500106022,
                "available_rent_general_bikes": 0,
                "available_return_bikes": 35,
                "total_bikes": 35
            },
            "geometry": {
                "type": "Point",
                "coordinates": [
                    121.51866,
                    25.03239
                ]
            }
        },
        {
            "type": "Feature",
            "properties": {
                "sna": "捷運中正紀念堂站(4號出口)",
                "sno": 500106023,
                "available_rent_general_bikes": 7,
                "available_return_bikes": 14,
                "total_bikes": 21
            },
            "geometry": {
                "type": "Point",
                "coordinates": [
                    121.51772,
                    25.03376
                ]
            }
        },
        {
            "type": "Feature",
            "properties": {
                "sna": "螢橋國小",
                "sno": 500106025,
                "available_rent_general_bikes": 0,
                "available_return_bikes": 39,
                "total_bikes": 39
            },
            "geometry": {
                "type": "Point",
                "coordinates": [
                    121.51389,
                    25.02609
                ]
            }
        },
        {
            "type": "Feature",
            "properties": {
                "sna": "古亭智慧圖書館",
                "sno": 500106026,
                "available_rent_general_bikes": 1,
                "available_return_bikes": 19,
                "total_bikes": 20
            },
            "geometry": {
                "type": "Point",
                "coordinates": [
                    121.51052,
                    25.02543
                ]
            }
        },
        {
            "type": "Feature",
            "properties": {
                "sna": "永昌公園",
                "sno": 500106027,
                "available_rent_general_bikes": 3,
                "available_return_bikes": 11,
                "total_bikes": 14
            },
            "geometry": {
                "type": "Point",
                "coordinates": [
                    121.50936,
                    25.02643
                ]
            }
        },
        {
            "type": "Feature",
            "properties": {
                "sna": "中華路二段409巷口",
                "sno": 500106028,
                "available_rent_general_bikes": 6,
                "available_return_bikes": 8,
                "total_bikes": 14
            },
            "geometry": {
                "type": "Point",
                "coordinates": [
                    121.50806,
                    25.02598
                ]
            }
        },
        {
            "type": "Feature",
            "properties": {
                "sna": "南機場夜市(中華路二段)",
                "sno": 500106029,
                "available_rent_general_bikes": 12,
                "available_return_bikes": 26,
                "total_bikes": 38
            },
            "geometry": {
                "type": "Point",
                "coordinates": [
                    121.50518,
                    25.02886
                ]
            }
        },
        {
            "type": "Feature",
            "properties": {
                "sna": "南海和平路口西南側",
                "sno": 500106030,
                "available_rent_general_bikes": 6,
                "available_return_bikes": 11,
                "total_bikes": 17
            },
            "geometry": {
                "type": "Point",
                "coordinates": [
                    121.50904,
                    25.03024
                ]
            }
        },
        {
            "type": "Feature",
            "properties": {
                "sna": "莒光和平路口",
                "sno": 500106031,
                "available_rent_general_bikes": 1,
                "available_return_bikes": 18,
                "total_bikes": 19
            },
            "geometry": {
                "type": "Point",
                "coordinates": [
                    121.50745,
                    25.03132
                ]
            }
        },
        {
            "type": "Feature",
            "properties": {
                "sna": "水源路11-1號旁",
                "sno": 500106037,
                "available_rent_general_bikes": 7,
                "available_return_bikes": 24,
                "total_bikes": 31
            },
            "geometry": {
                "type": "Point",
                "coordinates": [
                    121.52565,
                    25.01602
                ]
            }
        },
        {
            "type": "Feature",
            "properties": {
                "sna": "南門國中",
                "sno": 500106038,
                "available_rent_general_bikes": 15,
                "available_return_bikes": 1,
                "total_bikes": 16
            },
            "geometry": {
                "type": "Point",
                "coordinates": [
                    121.50834,
                    25.03543
                ]
            }
        },
        {
            "type": "Feature",
            "properties": {
                "sna": "捷運小南門站(2號出口)",
                "sno": 500106039,
                "available_rent_general_bikes": 19,
                "available_return_bikes": 0,
                "total_bikes": 19
            },
            "geometry": {
                "type": "Point",
                "coordinates": [
                    121.51006,
                    25.03567
                ]
            }
        },
        {
            "type": "Feature",
            "properties": {
                "sna": "介壽公園",
                "sno": 500106040,
                "available_rent_general_bikes": 10,
                "available_return_bikes": 10,
                "total_bikes": 20
            },
            "geometry": {
                "type": "Point",
                "coordinates": [
                    121.5138,
                    25.03907
                ]
            }
        },
        {
            "type": "Feature",
            "properties": {
                "sna": "中華貴陽街口",
                "sno": 500106041,
                "available_rent_general_bikes": 9,
                "available_return_bikes": 9,
                "total_bikes": 18
            },
            "geometry": {
                "type": "Point",
                "coordinates": [
                    121.50772,
                    25.03938
                ]
            }
        },
        {
            "type": "Feature",
            "properties": {
                "sna": "華山文創園區",
                "sno": 500106042,
                "available_rent_general_bikes": 7,
                "available_return_bikes": 31,
                "total_bikes": 38
            },
            "geometry": {
                "type": "Point",
                "coordinates": [
                    121.52849,
                    25.04367
                ]
            }
        },
        {
            "type": "Feature",
            "properties": {
                "sna": "捷運善導寺站(1號出口)",
                "sno": 500106043,
                "available_rent_general_bikes": 12,
                "available_return_bikes": 33,
                "total_bikes": 45
            },
            "geometry": {
                "type": "Point",
                "coordinates": [
                    121.5222,
                    25.04527
                ]
            }
        },
        {
            "type": "Feature",
            "properties": {
                "sna": "濟南紹興路口",
                "sno": 500106044,
                "available_rent_general_bikes": 4,
                "available_return_bikes": 35,
                "total_bikes": 39
            },
            "geometry": {
                "type": "Point",
                "coordinates": [
                    121.52459,
                    25.04193
                ]
            }
        },
        {
            "type": "Feature",
            "properties": {
                "sna": "林森仁愛路口",
                "sno": 500106046,
                "available_rent_general_bikes": 4,
                "available_return_bikes": 6,
                "total_bikes": 10
            },
            "geometry": {
                "type": "Point",
                "coordinates": [
                    121.52163,
                    25.03915
                ]
            }
        },
        {
            "type": "Feature",
            "properties": {
                "sna": "中正運動中心",
                "sno": 500106047,
                "available_rent_general_bikes": 7,
                "available_return_bikes": 31,
                "total_bikes": 38
            },
            "geometry": {
                "type": "Point",
                "coordinates": [
                    121.51985,
                    25.03786
                ]
            }
        },
        {
            "type": "Feature",
            "properties": {
                "sna": "信義杭州路口",
                "sno": 500106048,
                "available_rent_general_bikes": 39,
                "available_return_bikes": 18,
                "total_bikes": 57
            },
            "geometry": {
                "type": "Point",
                "coordinates": [
                    121.5241,
                    25.0357
                ]
            }
        },
        {
            "type": "Feature",
            "properties": {
                "sna": "捷運善導寺站(3號出口)",
                "sno": 500106049,
                "available_rent_general_bikes": 0,
                "available_return_bikes": 20,
                "total_bikes": 20
            },
            "geometry": {
                "type": "Point",
                "coordinates": [
                    121.52336,
                    25.04428
                ]
            }
        },
        {
            "type": "Feature",
            "properties": {
                "sna": "捷運小南門站(1號出口)",
                "sno": 500106050,
                "available_rent_general_bikes": 38,
                "available_return_bikes": 6,
                "total_bikes": 44
            },
            "geometry": {
                "type": "Point",
                "coordinates": [
                    121.50951,
                    25.03648
                ]
            }
        },
        {
            "type": "Feature",
            "properties": {
                "sna": "延平南路133巷口",
                "sno": 500106051,
                "available_rent_general_bikes": 10,
                "available_return_bikes": 4,
                "total_bikes": 14
            },
            "geometry": {
                "type": "Point",
                "coordinates": [
                    121.50846,
                    25.03792
                ]
            }
        },
        {
            "type": "Feature",
            "properties": {
                "sna": "捷運西門站(2號出口)",
                "sno": 500106052,
                "available_rent_general_bikes": 1,
                "available_return_bikes": 33,
                "total_bikes": 34
            },
            "geometry": {
                "type": "Point",
                "coordinates": [
                    121.50842,
                    25.0416
                ]
            }
        },
        {
            "type": "Feature",
            "properties": {
                "sna": "寶慶博愛路口",
                "sno": 500106053,
                "available_rent_general_bikes": 35,
                "available_return_bikes": 6,
                "total_bikes": 41
            },
            "geometry": {
                "type": "Point",
                "coordinates": [
                    121.5112,
                    25.04129
                ]
            }
        },
        {
            "type": "Feature",
            "properties": {
                "sna": "法務部",
                "sno": 500106054,
                "available_rent_general_bikes": 8,
                "available_return_bikes": 7,
                "total_bikes": 15
            },
            "geometry": {
                "type": "Point",
                "coordinates": [
                    121.51249,
                    25.03705
                ]
            }
        },
        {
            "type": "Feature",
            "properties": {
                "sna": "臺北市立大學(博愛校區)",
                "sno": 500106055,
                "available_rent_general_bikes": 58,
                "available_return_bikes": 16,
                "total_bikes": 74
            },
            "geometry": {
                "type": "Point",
                "coordinates": [
                    121.51327,
                    25.03545
                ]
            }
        },
        {
            "type": "Feature",
            "properties": {
                "sna": "國家圖書館",
                "sno": 500106056,
                "available_rent_general_bikes": 34,
                "available_return_bikes": 0,
                "total_bikes": 34
            },
            "geometry": {
                "type": "Point",
                "coordinates": [
                    121.51709,
                    25.03763
                ]
            }
        },
        {
            "type": "Feature",
            "properties": {
                "sna": "市民金山路口",
                "sno": 500106057,
                "available_rent_general_bikes": 26,
                "available_return_bikes": 42,
                "total_bikes": 68
            },
            "geometry": {
                "type": "Point",
                "coordinates": [
                    121.53068,
                    25.0459
                ]
            }
        },
        {
            "type": "Feature",
            "properties": {
                "sna": "聯合醫院和平院區",
                "sno": 500106058,
                "available_rent_general_bikes": 18,
                "available_return_bikes": 14,
                "total_bikes": 32
            },
            "geometry": {
                "type": "Point",
                "coordinates": [
                    121.50641,
                    25.03516
                ]
            }
        },
        {
            "type": "Feature",
            "properties": {
                "sna": "中山堂",
                "sno": 500106059,
                "available_rent_general_bikes": 19,
                "available_return_bikes": 24,
                "total_bikes": 43
            },
            "geometry": {
                "type": "Point",
                "coordinates": [
                    121.51025,
                    25.04412
                ]
            }
        },
        {
            "type": "Feature",
            "properties": {
                "sna": "中華漢口街口",
                "sno": 500106060,
                "available_rent_general_bikes": 15,
                "available_return_bikes": 2,
                "total_bikes": 17
            },
            "geometry": {
                "type": "Point",
                "coordinates": [
                    121.50944,
                    25.04533
                ]
            }
        },
        {
            "type": "Feature",
            "properties": {
                "sna": "中華路一段21巷口",
                "sno": 500106061,
                "available_rent_general_bikes": 1,
                "available_return_bikes": 19,
                "total_bikes": 20
            },
            "geometry": {
                "type": "Point",
                "coordinates": [
                    121.50989,
                    25.04677
                ]
            }
        },
        {
            "type": "Feature",
            "properties": {
                "sna": "捷運臺大醫院站(4號出口)",
                "sno": 500106062,
                "available_rent_general_bikes": 15,
                "available_return_bikes": 44,
                "total_bikes": 59
            },
            "geometry": {
                "type": "Point",
                "coordinates": [
                    121.51643,
                    25.04297
                ]
            }
        },
        {
            "type": "Feature",
            "properties": {
                "sna": "寶藏巖觀音亭",
                "sno": 500106063,
                "available_rent_general_bikes": 9,
                "available_return_bikes": 13,
                "total_bikes": 22
            },
            "geometry": {
                "type": "Point",
                "coordinates": [
                    121.5331,
                    25.01027
                ]
            }
        },
        {
            "type": "Feature",
            "properties": {
                "sna": "師大水源路口",
                "sno": 500106064,
                "available_rent_general_bikes": 6,
                "available_return_bikes": 15,
                "total_bikes": 21
            },
            "geometry": {
                "type": "Point",
                "coordinates": [
                    121.52302,
                    25.0203
                ]
            }
        },
        {
            "type": "Feature",
            "properties": {
                "sna": "中山徐州路口",
                "sno": 500106065,
                "available_rent_general_bikes": 19,
                "available_return_bikes": 2,
                "total_bikes": 21
            },
            "geometry": {
                "type": "Point",
                "coordinates": [
                    121.51907,
                    25.04178
                ]
            }
        },
        {
            "type": "Feature",
            "properties": {
                "sna": "信義連雲街口",
                "sno": 500106066,
                "available_rent_general_bikes": 0,
                "available_return_bikes": 38,
                "total_bikes": 38
            },
            "geometry": {
                "type": "Point",
                "coordinates": [
                    121.53041,
                    25.03377
                ]
            }
        },
        {
            "type": "Feature",
            "properties": {
                "sna": "臺北轉運站",
                "sno": 500106067,
                "available_rent_general_bikes": 22,
                "available_return_bikes": 45,
                "total_bikes": 67
            },
            "geometry": {
                "type": "Point",
                "coordinates": [
                    121.51994,
                    25.04842
                ]
            }
        },
        {
            "type": "Feature",
            "properties": {
                "sna": "莒光大埔街口",
                "sno": 500106068,
                "available_rent_general_bikes": 2,
                "available_return_bikes": 28,
                "total_bikes": 30
            },
            "geometry": {
                "type": "Point",
                "coordinates": [
                    121.50519,
                    25.03132
                ]
            }
        },
        {
            "type": "Feature",
            "properties": {
                "sna": "捷運忠孝新生站(2號出口)",
                "sno": 500106069,
                "available_rent_general_bikes": 0,
                "available_return_bikes": 32,
                "total_bikes": 32
            },
            "geometry": {
                "type": "Point",
                "coordinates": [
                    121.53222,
                    25.04235
                ]
            }
        },
        {
            "type": "Feature",
            "properties": {
                "sna": "光華商場",
                "sno": 500106070,
                "available_rent_general_bikes": 15,
                "available_return_bikes": 22,
                "total_bikes": 37
            },
            "geometry": {
                "type": "Point",
                "coordinates": [
                    121.53274,
                    25.04478
                ]
            }
        },
        {
            "type": "Feature",
            "properties": {
                "sna": "中山青島路口",
                "sno": 500106071,
                "available_rent_general_bikes": 24,
                "available_return_bikes": 14,
                "total_bikes": 38
            },
            "geometry": {
                "type": "Point",
                "coordinates": [
                    121.51968,
                    25.04503
                ]
            }
        },
        {
            "type": "Feature",
            "properties": {
                "sna": "捷運中正紀念堂站(5號出口)",
                "sno": 500106072,
                "available_rent_general_bikes": 2,
                "available_return_bikes": 27,
                "total_bikes": 29
            },
            "geometry": {
                "type": "Point",
                "coordinates": [
                    121.5168,
                    25.03526
                ]
            }
        },
        {
            "type": "Feature",
            "properties": {
                "sna": "北平東杭州北路口",
                "sno": 500106073,
                "available_rent_general_bikes": 9,
                "available_return_bikes": 10,
                "total_bikes": 19
            },
            "geometry": {
                "type": "Point",
                "coordinates": [
                    121.52736,
                    25.04553
                ]
            }
        },
        {
            "type": "Feature",
            "properties": {
                "sna": "王貫英先生紀念圖書館",
                "sno": 500106074,
                "available_rent_general_bikes": 0,
                "available_return_bikes": 12,
                "total_bikes": 12
            },
            "geometry": {
                "type": "Point",
                "coordinates": [
                    121.52362,
                    25.02266
                ]
            }
        },
        {
            "type": "Feature",
            "properties": {
                "sna": "金山信義路口",
                "sno": 500106075,
                "available_rent_general_bikes": 0,
                "available_return_bikes": 25,
                "total_bikes": 25
            },
            "geometry": {
                "type": "Point",
                "coordinates": [
                    121.52721,
                    25.03443
                ]
            }
        },
        {
            "type": "Feature",
            "properties": {
                "sna": "林森徐州路口",
                "sno": 500106077,
                "available_rent_general_bikes": 26,
                "available_return_bikes": 5,
                "total_bikes": 31
            },
            "geometry": {
                "type": "Point",
                "coordinates": [
                    121.52215,
                    25.04094
                ]
            }
        },
        {
            "type": "Feature",
            "properties": {
                "sna": "徐州杭州路口",
                "sno": 500106078,
                "available_rent_general_bikes": 1,
                "available_return_bikes": 29,
                "total_bikes": 30
            },
            "geometry": {
                "type": "Point",
                "coordinates": [
                    121.52565,
                    25.04023
                ]
            }
        },
        {
            "type": "Feature",
            "properties": {
                "sna": "捷運中正紀念堂站(6號出口)",
                "sno": 500106079,
                "available_rent_general_bikes": 9,
                "available_return_bikes": 7,
                "total_bikes": 16
            },
            "geometry": {
                "type": "Point",
                "coordinates": [
                    121.5166,
                    25.03615
                ]
            }
        },
        {
            "type": "Feature",
            "properties": {
                "sna": "捷運臺北車站(M2出口)",
                "sno": 500106080,
                "available_rent_general_bikes": 1,
                "available_return_bikes": 17,
                "total_bikes": 18
            },
            "geometry": {
                "type": "Point",
                "coordinates": [
                    121.51903,
                    25.04821
                ]
            }
        },
        {
            "type": "Feature",
            "properties": {
                "sna": "臺北市國父史蹟館(逸仙公園)",
                "sno": 500106083,
                "available_rent_general_bikes": 8,
                "available_return_bikes": 23,
                "total_bikes": 31
            },
            "geometry": {
                "type": "Point",
                "coordinates": [
                    121.52042,
                    25.04779
                ]
            }
        },
        {
            "type": "Feature",
            "properties": {
                "sna": "捷運西門站(5號出口)",
                "sno": 500106084,
                "available_rent_general_bikes": 0,
                "available_return_bikes": 29,
                "total_bikes": 29
            },
            "geometry": {
                "type": "Point",
                "coordinates": [
                    121.50864,
                    25.04244
                ]
            }
        },
        {
            "type": "Feature",
            "properties": {
                "sna": "弘道國中",
                "sno": 500106085,
                "available_rent_general_bikes": 20,
                "available_return_bikes": 10,
                "total_bikes": 30
            },
            "geometry": {
                "type": "Point",
                "coordinates": [
                    121.51524,
                    25.03828
                ]
            }
        },
        {
            "type": "Feature",
            "properties": {
                "sna": "臺北市第一女子高級中學",
                "sno": 500106086,
                "available_rent_general_bikes": 13,
                "available_return_bikes": 1,
                "total_bikes": 14
            },
            "geometry": {
                "type": "Point",
                "coordinates": [
                    121.51288,
                    25.0385
                ]
            }
        },
        {
            "type": "Feature",
            "properties": {
                "sna": "台北市替代役中心",
                "sno": 500106087,
                "available_rent_general_bikes": 0,
                "available_return_bikes": 15,
                "total_bikes": 15
            },
            "geometry": {
                "type": "Point",
                "coordinates": [
                    121.5275,
                    25.01808
                ]
            }
        },
        {
            "type": "Feature",
            "properties": {
                "sna": "紹興徐州路口",
                "sno": 500106088,
                "available_rent_general_bikes": 1,
                "available_return_bikes": 17,
                "total_bikes": 18
            },
            "geometry": {
                "type": "Point",
                "coordinates": [
                    121.52401,
                    25.04051
                ]
            }
        },
        {
            "type": "Feature",
            "properties": {
                "sna": "羅斯福寧波東街口",
                "sno": 500106089,
                "available_rent_general_bikes": 1,
                "available_return_bikes": 25,
                "total_bikes": 26
            },
            "geometry": {
                "type": "Point",
                "coordinates": [
                    121.51941,
                    25.03145
                ]
            }
        },
        {
            "type": "Feature",
            "properties": {
                "sna": "自來水園區",
                "sno": 500106090,
                "available_rent_general_bikes": 1,
                "available_return_bikes": 39,
                "total_bikes": 40
            },
            "geometry": {
                "type": "Point",
                "coordinates": [
                    121.53004,
                    25.01328
                ]
            }
        },
        {
            "type": "Feature",
            "properties": {
                "sna": "仁愛林森路口",
                "sno": 500106091,
                "available_rent_general_bikes": 25,
                "available_return_bikes": 3,
                "total_bikes": 28
            },
            "geometry": {
                "type": "Point",
                "coordinates": [
                    121.52233,
                    25.03895
                ]
            }
        },
        {
            "type": "Feature",
            "properties": {
                "sna": "捷運西門站(3號出口)",
                "sno": 500106092,
                "available_rent_general_bikes": 1,
                "available_return_bikes": 34,
                "total_bikes": 35
            },
            "geometry": {
                "type": "Point",
                "coordinates": [
                    121.50869,
                    25.04178
                ]
            }
        },
        {
            "type": "Feature",
            "properties": {
                "sna": "仁愛金山路口",
                "sno": 500106093,
                "available_rent_general_bikes": 0,
                "available_return_bikes": 9,
                "total_bikes": 9
            },
            "geometry": {
                "type": "Point",
                "coordinates": [
                    121.52801,
                    25.0384
                ]
            }
        },
        {
            "type": "Feature",
            "properties": {
                "sna": "杭州南路一段101巷口",
                "sno": 500106094,
                "available_rent_general_bikes": 3,
                "available_return_bikes": 11,
                "total_bikes": 14
            },
            "geometry": {
                "type": "Point",
                "coordinates": [
                    121.52799,
                    25.03746
                ]
            }
        },
        {
            "type": "Feature",
            "properties": {
                "sna": "仁愛杭州路口",
                "sno": 500106095,
                "available_rent_general_bikes": 10,
                "available_return_bikes": 13,
                "total_bikes": 23
            },
            "geometry": {
                "type": "Point",
                "coordinates": [
                    121.52497,
                    25.03846
                ]
            }
        },
        {
            "type": "Feature",
            "properties": {
                "sna": "龍興里活動中心",
                "sno": 500106096,
                "available_rent_general_bikes": 2,
                "available_return_bikes": 17,
                "total_bikes": 19
            },
            "geometry": {
                "type": "Point",
                "coordinates": [
                    121.51108,
                    25.02815
                ]
            }
        },
        {
            "type": "Feature",
            "properties": {
                "sna": "植物園",
                "sno": 500106097,
                "available_rent_general_bikes": 18,
                "available_return_bikes": 11,
                "total_bikes": 29
            },
            "geometry": {
                "type": "Point",
                "coordinates": [
                    121.51033,
                    25.0299
                ]
            }
        },
        {
            "type": "Feature",
            "properties": {
                "sna": "郵政博物館",
                "sno": 500106098,
                "available_rent_general_bikes": 9,
                "available_return_bikes": 12,
                "total_bikes": 21
            },
            "geometry": {
                "type": "Point",
                "coordinates": [
                    121.51464,
                    25.03158
                ]
            }
        },
        {
            "type": "Feature",
            "properties": {
                "sna": "林森北平路口",
                "sno": 500106099,
                "available_rent_general_bikes": 4,
                "available_return_bikes": 16,
                "total_bikes": 20
            },
            "geometry": {
                "type": "Point",
                "coordinates": [
                    121.52377,
                    25.04659
                ]
            }
        },
        {
            "type": "Feature",
            "properties": {
                "sna": "北平紹興路口",
                "sno": 500106100,
                "available_rent_general_bikes": 10,
                "available_return_bikes": 4,
                "total_bikes": 14
            },
            "geometry": {
                "type": "Point",
                "coordinates": [
                    121.52579,
                    25.04597
                ]
            }
        },
        {
            "type": "Feature",
            "properties": {
                "sna": "天津北平路口",
                "sno": 500106101,
                "available_rent_general_bikes": 10,
                "available_return_bikes": 14,
                "total_bikes": 24
            },
            "geometry": {
                "type": "Point",
                "coordinates": [
                    121.52208,
                    25.04692
                ]
            }
        },
        {
            "type": "Feature",
            "properties": {
                "sna": "捷運忠孝新生站(1號出口)",
                "sno": 500106102,
                "available_rent_general_bikes": 1,
                "available_return_bikes": 17,
                "total_bikes": 18
            },
            "geometry": {
                "type": "Point",
                "coordinates": [
                    121.53207,
                    25.04272
                ]
            }
        },
        {
            "type": "Feature",
            "properties": {
                "sna": "捷運忠孝新生站(5號出口)",
                "sno": 500106103,
                "available_rent_general_bikes": 3,
                "available_return_bikes": 9,
                "total_bikes": 12
            },
            "geometry": {
                "type": "Point",
                "coordinates": [
                    121.53273,
                    25.04113
                ]
            }
        },
        {
            "type": "Feature",
            "properties": {
                "sna": "捷運臺大醫院站(1號出口)",
                "sno": 500106104,
                "available_rent_general_bikes": 7,
                "available_return_bikes": 12,
                "total_bikes": 19
            },
            "geometry": {
                "type": "Point",
                "coordinates": [
                    121.51586,
                    25.04074
                ]
            }
        },
        {
            "type": "Feature",
            "properties": {
                "sna": "臺大醫院兒童醫院",
                "sno": 500106105,
                "available_rent_general_bikes": 12,
                "available_return_bikes": 7,
                "total_bikes": 19
            },
            "geometry": {
                "type": "Point",
                "coordinates": [
                    121.5188,
                    25.04461
                ]
            }
        },
        {
            "type": "Feature",
            "properties": {
                "sna": "林森濟南路口(東北側)",
                "sno": 500106106,
                "available_rent_general_bikes": 3,
                "available_return_bikes": 22,
                "total_bikes": 25
            },
            "geometry": {
                "type": "Point",
                "coordinates": [
                    121.5227,
                    25.0425
                ]
            }
        },
        {
            "type": "Feature",
            "properties": {
                "sna": "仁愛紹興街口(南側)",
                "sno": 500106107,
                "available_rent_general_bikes": 10,
                "available_return_bikes": 6,
                "total_bikes": 16
            },
            "geometry": {
                "type": "Point",
                "coordinates": [
                    121.52345,
                    25.03837
                ]
            }
        },
        {
            "type": "Feature",
            "properties": {
                "sna": "中華南海路口",
                "sno": 500106108,
                "available_rent_general_bikes": 9,
                "available_return_bikes": 4,
                "total_bikes": 13
            },
            "geometry": {
                "type": "Point",
                "coordinates": [
                    121.50686,
                    25.02703
                ]
            }
        },
        {
            "type": "Feature",
            "properties": {
                "sna": "立法院台北會館",
                "sno": 500106109,
                "available_rent_general_bikes": 2,
                "available_return_bikes": 12,
                "total_bikes": 14
            },
            "geometry": {
                "type": "Point",
                "coordinates": [
                    121.51068,
                    25.03371
                ]
            }
        },
        {
            "type": "Feature",
            "properties": {
                "sna": "捷運善導寺站(3號出口)(忠孝東路側)",
                "sno": 500106110,
                "available_rent_general_bikes": 0,
                "available_return_bikes": 31,
                "total_bikes": 31
            },
            "geometry": {
                "type": "Point",
                "coordinates": [
                    121.52357,
                    25.04467
                ]
            }
        },
        {
            "type": "Feature",
            "properties": {
                "sna": "國家音樂廳",
                "sno": 500106111,
                "available_rent_general_bikes": 10,
                "available_return_bikes": 12,
                "total_bikes": 22
            },
            "geometry": {
                "type": "Point",
                "coordinates": [
                    121.51904,
                    25.03788
                ]
            }
        },
        {
            "type": "Feature",
            "properties": {
                "sna": "忠孝西重慶南路口",
                "sno": 500106112,
                "available_rent_general_bikes": 19,
                "available_return_bikes": 10,
                "total_bikes": 29
            },
            "geometry": {
                "type": "Point",
                "coordinates": [
                    121.51272,
                    25.04724
                ]
            }
        },
        {
            "type": "Feature",
            "properties": {
                "sna": "濟南路二段8巷口",
                "sno": 500106113,
                "available_rent_general_bikes": 2,
                "available_return_bikes": 12,
                "total_bikes": 14
            },
            "geometry": {
                "type": "Point",
                "coordinates": [
                    121.52697,
                    25.04127
                ]
            }
        },
        {
            "type": "Feature",
            "properties": {
                "sna": "仁愛金山路口(東南側)",
                "sno": 500106114,
                "available_rent_general_bikes": 0,
                "available_return_bikes": 14,
                "total_bikes": 14
            },
            "geometry": {
                "type": "Point",
                "coordinates": [
                    121.52855,
                    25.03811
                ]
            }
        },
        {
            "type": "Feature",
            "properties": {
                "sna": "臺灣文學基地",
                "sno": 500106115,
                "available_rent_general_bikes": 0,
                "available_return_bikes": 23,
                "total_bikes": 23
            },
            "geometry": {
                "type": "Point",
                "coordinates": [
                    121.5287,
                    25.04148
                ]
            }
        },
        {
            "type": "Feature",
            "properties": {
                "sna": "重慶南詔安街口",
                "sno": 500106116,
                "available_rent_general_bikes": 2,
                "available_return_bikes": 17,
                "total_bikes": 19
            },
            "geometry": {
                "type": "Point",
                "coordinates": [
                    121.51645,
                    25.02507
                ]
            }
        },
        {
            "type": "Feature",
            "properties": {
                "sna": "文光公園",
                "sno": 500106117,
                "available_rent_general_bikes": 5,
                "available_return_bikes": 23,
                "total_bikes": 28
            },
            "geometry": {
                "type": "Point",
                "coordinates": [
                    121.53058,
                    25.03898
                ]
            }
        },
        {
            "type": "Feature",
            "properties": {
                "sna": "捷運中正紀念堂站(2號出口)",
                "sno": 500106118,
                "available_rent_general_bikes": 1,
                "available_return_bikes": 11,
                "total_bikes": 12
            },
            "geometry": {
                "type": "Point",
                "coordinates": [
                    121.51861,
                    25.03212
                ]
            }
        },
        {
            "type": "Feature",
            "properties": {
                "sna": "螢圃里小公園",
                "sno": 500106119,
                "available_rent_general_bikes": 1,
                "available_return_bikes": 24,
                "total_bikes": 25
            },
            "geometry": {
                "type": "Point",
                "coordinates": [
                    121.51973,
                    25.02484
                ]
            }
        },
        {
            "type": "Feature",
            "properties": {
                "sna": "螢橋公園",
                "sno": 500106120,
                "available_rent_general_bikes": 0,
                "available_return_bikes": 27,
                "total_bikes": 27
            },
            "geometry": {
                "type": "Point",
                "coordinates": [
                    121.51737,
                    25.02682
                ]
            }
        },
        {
            "type": "Feature",
            "properties": {
                "sna": "泉州寧波西街口",
                "sno": 500106121,
                "available_rent_general_bikes": 25,
                "available_return_bikes": 22,
                "total_bikes": 47
            },
            "geometry": {
                "type": "Point",
                "coordinates": [
                    121.51415,
                    25.02965
                ]
            }
        },
        {
            "type": "Feature",
            "properties": {
                "sna": "和平西路二段98巷口",
                "sno": 500106122,
                "available_rent_general_bikes": 1,
                "available_return_bikes": 13,
                "total_bikes": 14
            },
            "geometry": {
                "type": "Point",
                "coordinates": [
                    121.5097,
                    25.0289
                ]
            }
        },
        {
            "type": "Feature",
            "properties": {
                "sna": "仁愛新生路口(西南側)",
                "sno": 500106123,
                "available_rent_general_bikes": 0,
                "available_return_bikes": 16,
                "total_bikes": 16
            },
            "geometry": {
                "type": "Point",
                "coordinates": [
                    121.53261,
                    25.03796
                ]
            }
        },
        {
            "type": "Feature",
            "properties": {
                "sna": "幸安市場",
                "sno": 500106124,
                "available_rent_general_bikes": 1,
                "available_return_bikes": 13,
                "total_bikes": 14
            },
            "geometry": {
                "type": "Point",
                "coordinates": [
                    121.53141,
                    25.04032
                ]
            }
        },
        {
            "type": "Feature",
            "properties": {
                "sna": "龍口市場",
                "sno": 500106125,
                "available_rent_general_bikes": 4,
                "available_return_bikes": 10,
                "total_bikes": 14
            },
            "geometry": {
                "type": "Point",
                "coordinates": [
                    121.51013,
                    25.0275
                ]
            }
        },
        {
            "type": "Feature",
            "properties": {
                "sna": "捷運善導寺站(5號出口)",
                "sno": 500106126,
                "available_rent_general_bikes": 4,
                "available_return_bikes": 26,
                "total_bikes": 30
            },
            "geometry": {
                "type": "Point",
                "coordinates": [
                    121.52552,
                    25.04418
                ]
            }
        },
        {
            "type": "Feature",
            "properties": {
                "sna": "青島杭州路口",
                "sno": 500106127,
                "available_rent_general_bikes": 5,
                "available_return_bikes": 12,
                "total_bikes": 17
            },
            "geometry": {
                "type": "Point",
                "coordinates": [
                    121.52629,
                    25.04281
                ]
            }
        },
        {
            "type": "Feature",
            "properties": {
                "sna": "詔安街37巷口",
                "sno": 500106128,
                "available_rent_general_bikes": 3,
                "available_return_bikes": 12,
                "total_bikes": 15
            },
            "geometry": {
                "type": "Point",
                "coordinates": [
                    121.51233,
                    25.02542
                ]
            }
        },
        {
            "type": "Feature",
            "properties": {
                "sna": "南海路112巷口",
                "sno": 500106129,
                "available_rent_general_bikes": 2,
                "available_return_bikes": 11,
                "total_bikes": 13
            },
            "geometry": {
                "type": "Point",
                "coordinates": [
                    121.50771,
                    25.02757
                ]
            }
        },
        {
            "type": "Feature",
            "properties": {
                "sna": "牯嶺街95巷",
                "sno": 500106130,
                "available_rent_general_bikes": 1,
                "available_return_bikes": 14,
                "total_bikes": 15
            },
            "geometry": {
                "type": "Point",
                "coordinates": [
                    121.52067,
                    25.0255
                ]
            }
        },
        {
            "type": "Feature",
            "properties": {
                "sna": "仁愛紹興路口(北側)",
                "sno": 500106131,
                "available_rent_general_bikes": 15,
                "available_return_bikes": 8,
                "total_bikes": 23
            },
            "geometry": {
                "type": "Point",
                "coordinates": [
                    121.52385,
                    25.03862
                ]
            }
        },
        {
            "type": "Feature",
            "properties": {
                "sna": "貴陽博愛路口",
                "sno": 500106132,
                "available_rent_general_bikes": 23,
                "available_return_bikes": 11,
                "total_bikes": 34
            },
            "geometry": {
                "type": "Point",
                "coordinates": [
                    121.51093,
                    25.03896
                ]
            }
        },
        {
            "type": "Feature",
            "properties": {
                "sna": "國立臺灣博物館南門館",
                "sno": 500106133,
                "available_rent_general_bikes": 14,
                "available_return_bikes": 5,
                "total_bikes": 19
            },
            "geometry": {
                "type": "Point",
                "coordinates": [
                    121.5156,
                    25.03351
                ]
            }
        },
        {
            "type": "Feature",
            "properties": {
                "sna": "汀州路一段106巷口",
                "sno": 500106134,
                "available_rent_general_bikes": 1,
                "available_return_bikes": 19,
                "total_bikes": 20
            },
            "geometry": {
                "type": "Point",
                "coordinates": [
                    121.50768,
                    25.03008
                ]
            }
        },
        {
            "type": "Feature",
            "properties": {
                "sna": "羅斯福路四段108巷口",
                "sno": 500106135,
                "available_rent_general_bikes": 9,
                "available_return_bikes": 11,
                "total_bikes": 20
            },
            "geometry": {
                "type": "Point",
                "coordinates": [
                    121.5355,
                    25.01346
                ]
            }
        },
        {
            "type": "Feature",
            "properties": {
                "sna": "公館水岸廣場",
                "sno": 500106136,
                "available_rent_general_bikes": 0,
                "available_return_bikes": 26,
                "total_bikes": 26
            },
            "geometry": {
                "type": "Point",
                "coordinates": [
                    121.52861,
                    25.01193
                ]
            }
        },
        {
            "type": "Feature",
            "properties": {
                "sna": "通北街65巷口",
                "sno": 500107001,
                "available_rent_general_bikes": 0,
                "available_return_bikes": 16,
                "total_bikes": 16
            },
            "geometry": {
                "type": "Point",
                "coordinates": [
                    121.54004,
                    25.08251
                ]
            }
        },
        {
            "type": "Feature",
            "properties": {
                "sna": "圓山風景區",
                "sno": 500107002,
                "available_rent_general_bikes": 5,
                "available_return_bikes": 9,
                "total_bikes": 14
            },
            "geometry": {
                "type": "Point",
                "coordinates": [
                    121.5295,
                    25.07805
                ]
            }
        },
        {
            "type": "Feature",
            "properties": {
                "sna": "樂群二堤頂大道口",
                "sno": 500107003,
                "available_rent_general_bikes": 8,
                "available_return_bikes": 11,
                "total_bikes": 19
            },
            "geometry": {
                "type": "Point",
                "coordinates": [
                    121.56251,
                    25.0803
                ]
            }
        },
        {
            "type": "Feature",
            "properties": {
                "sna": "劍潭社區",
                "sno": 500107004,
                "available_rent_general_bikes": 6,
                "available_return_bikes": 7,
                "total_bikes": 13
            },
            "geometry": {
                "type": "Point",
                "coordinates": [
                    121.53748,
                    25.08524
                ]
            }
        },
        {
            "type": "Feature",
            "properties": {
                "sna": "培英公園",
                "sno": 500107005,
                "available_rent_general_bikes": 20,
                "available_return_bikes": 18,
                "total_bikes": 38
            },
            "geometry": {
                "type": "Point",
                "coordinates": [
                    121.54462,
                    25.08258
                ]
            }
        },
        {
            "type": "Feature",
            "properties": {
                "sna": "樂群二明水路口",
                "sno": 500107006,
                "available_rent_general_bikes": 6,
                "available_return_bikes": 13,
                "total_bikes": 19
            },
            "geometry": {
                "type": "Point",
                "coordinates": [
                    121.55226,
                    25.08009
                ]
            }
        },
        {
            "type": "Feature",
            "properties": {
                "sna": "北安大直街口",
                "sno": 500107007,
                "available_rent_general_bikes": 5,
                "available_return_bikes": 26,
                "total_bikes": 31
            },
            "geometry": {
                "type": "Point",
                "coordinates": [
                    121.54968,
                    25.08474
                ]
            }
        },
        {
            "type": "Feature",
            "properties": {
                "sna": "捷運劍南路站(2號出口)",
                "sno": 500107008,
                "available_rent_general_bikes": 22,
                "available_return_bikes": 17,
                "total_bikes": 39
            },
            "geometry": {
                "type": "Point",
                "coordinates": [
                    121.555090270105,
                    25.084751813542
                ]
            }
        },
        {
            "type": "Feature",
            "properties": {
                "sna": "樂群二敬業三路口",
                "sno": 500107009,
                "available_rent_general_bikes": 0,
                "available_return_bikes": 20,
                "total_bikes": 20
            },
            "geometry": {
                "type": "Point",
                "coordinates": [
                    121.55609,
                    25.07985
                ]
            }
        },
        {
            "type": "Feature",
            "properties": {
                "sna": "樂群二敬業四路口",
                "sno": 500107010,
                "available_rent_general_bikes": 0,
                "available_return_bikes": 35,
                "total_bikes": 35
            },
            "geometry": {
                "type": "Point",
                "coordinates": [
                    121.55813,
                    25.07976
                ]
            }
        },
        {
            "type": "Feature",
            "properties": {
                "sna": "捷運大直站(3號出口)",
                "sno": 500107011,
                "available_rent_general_bikes": 8,
                "available_return_bikes": 24,
                "total_bikes": 32
            },
            "geometry": {
                "type": "Point",
                "coordinates": [
                    121.5473,
                    25.07923
                ]
            }
        },
        {
            "type": "Feature",
            "properties": {
                "sna": "復興市民路口",
                "sno": 500107012,
                "available_rent_general_bikes": 50,
                "available_return_bikes": 1,
                "total_bikes": 51
            },
            "geometry": {
                "type": "Point",
                "coordinates": [
                    121.54375,
                    25.04585
                ]
            }
        },
        {
            "type": "Feature",
            "properties": {
                "sna": "南京遼寧街口",
                "sno": 500107013,
                "available_rent_general_bikes": 1,
                "available_return_bikes": 40,
                "total_bikes": 41
            },
            "geometry": {
                "type": "Point",
                "coordinates": [
                    121.54217,
                    25.05176
                ]
            }
        },
        {
            "type": "Feature",
            "properties": {
                "sna": "伊通長安路口",
                "sno": 500107014,
                "available_rent_general_bikes": 9,
                "available_return_bikes": 8,
                "total_bikes": 17
            },
            "geometry": {
                "type": "Point",
                "coordinates": [
                    121.53469,
                    25.04833
                ]
            }
        },
        {
            "type": "Feature",
            "properties": {
                "sna": "新生長安路口",
                "sno": 500107015,
                "available_rent_general_bikes": 3,
                "available_return_bikes": 27,
                "total_bikes": 30
            },
            "geometry": {
                "type": "Point",
                "coordinates": [
                    121.52935,
                    25.04861
                ]
            }
        },
        {
            "type": "Feature",
            "properties": {
                "sna": "市民林森路口",
                "sno": 500107016,
                "available_rent_general_bikes": 0,
                "available_return_bikes": 38,
                "total_bikes": 38
            },
            "geometry": {
                "type": "Point",
                "coordinates": [
                    121.52439,
                    25.04796
                ]
            }
        },
        {
            "type": "Feature",
            "properties": {
                "sna": "南京新生路口",
                "sno": 500107017,
                "available_rent_general_bikes": 9,
                "available_return_bikes": 25,
                "total_bikes": 34
            },
            "geometry": {
                "type": "Point",
                "coordinates": [
                    121.52766,
                    25.05194
                ]
            }
        },
        {
            "type": "Feature",
            "properties": {
                "sna": "一江公園",
                "sno": 500107018,
                "available_rent_general_bikes": 8,
                "available_return_bikes": 27,
                "total_bikes": 35
            },
            "geometry": {
                "type": "Point",
                "coordinates": [
                    121.53146,
                    25.05316
                ]
            }
        },
        {
            "type": "Feature",
            "properties": {
                "sna": "松江公園",
                "sno": 500107019,
                "available_rent_general_bikes": 13,
                "available_return_bikes": 23,
                "total_bikes": 36
            },
            "geometry": {
                "type": "Point",
                "coordinates": [
                    121.53273,
                    25.05025
                ]
            }
        },
        {
            "type": "Feature",
            "properties": {
                "sna": "新生長春路口",
                "sno": 500107020,
                "available_rent_general_bikes": 1,
                "available_return_bikes": 30,
                "total_bikes": 31
            },
            "geometry": {
                "type": "Point",
                "coordinates": [
                    121.52752,
                    25.05639
                ]
            }
        },
        {
            "type": "Feature",
            "properties": {
                "sna": "第二果菜批發市場",
                "sno": 500107021,
                "available_rent_general_bikes": 4,
                "available_return_bikes": 36,
                "total_bikes": 40
            },
            "geometry": {
                "type": "Point",
                "coordinates": [
                    121.53735,
                    25.06642
                ]
            }
        },
        {
            "type": "Feature",
            "properties": {
                "sna": "民生建國路口",
                "sno": 500107022,
                "available_rent_general_bikes": 26,
                "available_return_bikes": 17,
                "total_bikes": 43
            },
            "geometry": {
                "type": "Point",
                "coordinates": [
                    121.53692,
                    25.05778
                ]
            }
        },
        {
            "type": "Feature",
            "properties": {
                "sna": "興安華城",
                "sno": 500107023,
                "available_rent_general_bikes": 0,
                "available_return_bikes": 61,
                "total_bikes": 61
            },
            "geometry": {
                "type": "Point",
                "coordinates": [
                    121.54175,
                    25.05606
                ]
            }
        },
        {
            "type": "Feature",
            "properties": {
                "sna": "捷運中山國中站",
                "sno": 500107024,
                "available_rent_general_bikes": 26,
                "available_return_bikes": 13,
                "total_bikes": 39
            },
            "geometry": {
                "type": "Point",
                "coordinates": [
                    121.54406,
                    25.06106
                ]
            }
        },
        {
            "type": "Feature",
            "properties": {
                "sna": "龍江錦州街口",
                "sno": 500107025,
                "available_rent_general_bikes": 0,
                "available_return_bikes": 16,
                "total_bikes": 16
            },
            "geometry": {
                "type": "Point",
                "coordinates": [
                    121.54077,
                    25.06045
                ]
            }
        },
        {
            "type": "Feature",
            "properties": {
                "sna": "建國長春路口",
                "sno": 500107026,
                "available_rent_general_bikes": 15,
                "available_return_bikes": 1,
                "total_bikes": 16
            },
            "geometry": {
                "type": "Point",
                "coordinates": [
                    121.53686,
                    25.05469
                ]
            }
        },
        {
            "type": "Feature",
            "properties": {
                "sna": "南京建國路口",
                "sno": 500107027,
                "available_rent_general_bikes": 24,
                "available_return_bikes": 16,
                "total_bikes": 40
            },
            "geometry": {
                "type": "Point",
                "coordinates": [
                    121.5368,
                    25.05214
                ]
            }
        },
        {
            "type": "Feature",
            "properties": {
                "sna": "捷運松江南京站(7號出口)",
                "sno": 500107028,
                "available_rent_general_bikes": 6,
                "available_return_bikes": 69,
                "total_bikes": 75
            },
            "geometry": {
                "type": "Point",
                "coordinates": [
                    121.5332,
                    25.05246
                ]
            }
        },
        {
            "type": "Feature",
            "properties": {
                "sna": "朱崙商場",
                "sno": 500107029,
                "available_rent_general_bikes": 15,
                "available_return_bikes": 21,
                "total_bikes": 36
            },
            "geometry": {
                "type": "Point",
                "coordinates": [
                    121.54043,
                    25.04762
                ]
            }
        },
        {
            "type": "Feature",
            "properties": {
                "sna": "中吉公園",
                "sno": 500107030,
                "available_rent_general_bikes": 7,
                "available_return_bikes": 8,
                "total_bikes": 15
            },
            "geometry": {
                "type": "Point",
                "coordinates": [
                    121.53166,
                    25.05604
                ]
            }
        },
        {
            "type": "Feature",
            "properties": {
                "sna": "華山公園",
                "sno": 500107031,
                "available_rent_general_bikes": 1,
                "available_return_bikes": 18,
                "total_bikes": 19
            },
            "geometry": {
                "type": "Point",
                "coordinates": [
                    121.5277,
                    25.0471
                ]
            }
        },
        {
            "type": "Feature",
            "properties": {
                "sna": "建國北路一段17巷",
                "sno": 500107032,
                "available_rent_general_bikes": 26,
                "available_return_bikes": 18,
                "total_bikes": 44
            },
            "geometry": {
                "type": "Point",
                "coordinates": [
                    121.53735,
                    25.04699
                ]
            }
        },
        {
            "type": "Feature",
            "properties": {
                "sna": "江寧公園",
                "sno": 500107033,
                "available_rent_general_bikes": 0,
                "available_return_bikes": 15,
                "total_bikes": 15
            },
            "geometry": {
                "type": "Point",
                "coordinates": [
                    121.53929,
                    25.0614
                ]
            }
        },
        {
            "type": "Feature",
            "properties": {
                "sna": "民權龍江路口",
                "sno": 500107034,
                "available_rent_general_bikes": 1,
                "available_return_bikes": 28,
                "total_bikes": 29
            },
            "geometry": {
                "type": "Point",
                "coordinates": [
                    121.54107,
                    25.06225
                ]
            }
        },
        {
            "type": "Feature",
            "properties": {
                "sna": "捷運中山國小站(2號出口)",
                "sno": 500107035,
                "available_rent_general_bikes": 15,
                "available_return_bikes": 44,
                "total_bikes": 59
            },
            "geometry": {
                "type": "Point",
                "coordinates": [
                    121.52705,
                    25.06246
                ]
            }
        },
        {
            "type": "Feature",
            "properties": {
                "sna": "捷運行天宮站(3號出口)",
                "sno": 500107036,
                "available_rent_general_bikes": 2,
                "available_return_bikes": 44,
                "total_bikes": 46
            },
            "geometry": {
                "type": "Point",
                "coordinates": [
                    121.5333,
                    25.05992
                ]
            }
        },
        {
            "type": "Feature",
            "properties": {
                "sna": "林森農安街口",
                "sno": 500107037,
                "available_rent_general_bikes": 3,
                "available_return_bikes": 14,
                "total_bikes": 17
            },
            "geometry": {
                "type": "Point",
                "coordinates": [
                    121.52565,
                    25.06531
                ]
            }
        },
        {
            "type": "Feature",
            "properties": {
                "sna": "捷運中山國小站(4號出口)",
                "sno": 500107038,
                "available_rent_general_bikes": 10,
                "available_return_bikes": 6,
                "total_bikes": 16
            },
            "geometry": {
                "type": "Point",
                "coordinates": [
                    121.52697,
                    25.06283
                ]
            }
        },
        {
            "type": "Feature",
            "properties": {
                "sna": "農安雙城街口",
                "sno": 500107039,
                "available_rent_general_bikes": 2,
                "available_return_bikes": 10,
                "total_bikes": 12
            },
            "geometry": {
                "type": "Point",
                "coordinates": [
                    121.52449,
                    25.06491
                ]
            }
        },
        {
            "type": "Feature",
            "properties": {
                "sna": "新生德惠街口",
                "sno": 500107040,
                "available_rent_general_bikes": 17,
                "available_return_bikes": 18,
                "total_bikes": 35
            },
            "geometry": {
                "type": "Point",
                "coordinates": [
                    121.52762,
                    25.06652
                ]
            }
        },
        {
            "type": "Feature",
            "properties": {
                "sna": "民族林森路口",
                "sno": 500107041,
                "available_rent_general_bikes": 16,
                "available_return_bikes": 20,
                "total_bikes": 36
            },
            "geometry": {
                "type": "Point",
                "coordinates": [
                    121.52559,
                    25.06847
                ]
            }
        },
        {
            "type": "Feature",
            "properties": {
                "sna": "臺北市立美術館",
                "sno": 500107042,
                "available_rent_general_bikes": 7,
                "available_return_bikes": 17,
                "total_bikes": 24
            },
            "geometry": {
                "type": "Point",
                "coordinates": [
                    121.52291,
                    25.06987
                ]
            }
        },
        {
            "type": "Feature",
            "properties": {
                "sna": "中山民族路口",
                "sno": 500107043,
                "available_rent_general_bikes": 15,
                "available_return_bikes": 1,
                "total_bikes": 16
            },
            "geometry": {
                "type": "Point",
                "coordinates": [
                    121.52265,
                    25.06816
                ]
            }
        },
        {
            "type": "Feature",
            "properties": {
                "sna": "新生高架停車場(林森北路107巷口)",
                "sno": 500107044,
                "available_rent_general_bikes": 1,
                "available_return_bikes": 12,
                "total_bikes": 13
            },
            "geometry": {
                "type": "Point",
                "coordinates": [
                    121.52853,
                    25.04983
                ]
            }
        },
        {
            "type": "Feature",
            "properties": {
                "sna": "南京林森路口(東南側)",
                "sno": 500107045,
                "available_rent_general_bikes": 4,
                "available_return_bikes": 6,
                "total_bikes": 10
            },
            "geometry": {
                "type": "Point",
                "coordinates": [
                    121.52556,
                    25.05201
                ]
            }
        },
        {
            "type": "Feature",
            "properties": {
                "sna": "仁德公園",
                "sno": 500107046,
                "available_rent_general_bikes": 2,
                "available_return_bikes": 15,
                "total_bikes": 17
            },
            "geometry": {
                "type": "Point",
                "coordinates": [
                    121.5289,
                    25.05337
                ]
            }
        },
        {
            "type": "Feature",
            "properties": {
                "sna": "中原公園",
                "sno": 500107047,
                "available_rent_general_bikes": 2,
                "available_return_bikes": 13,
                "total_bikes": 15
            },
            "geometry": {
                "type": "Point",
                "coordinates": [
                    121.52821,
                    25.05583
                ]
            }
        },
        {
            "type": "Feature",
            "properties": {
                "sna": "下埤公園",
                "sno": 500107048,
                "available_rent_general_bikes": 13,
                "available_return_bikes": 11,
                "total_bikes": 24
            },
            "geometry": {
                "type": "Point",
                "coordinates": [
                    121.54213,
                    25.06682
                ]
            }
        },
        {
            "type": "Feature",
            "properties": {
                "sna": "五常國中",
                "sno": 500107049,
                "available_rent_general_bikes": 4,
                "available_return_bikes": 11,
                "total_bikes": 15
            },
            "geometry": {
                "type": "Point",
                "coordinates": [
                    121.54366,
                    25.06505
                ]
            }
        },
        {
            "type": "Feature",
            "properties": {
                "sna": "榮星花園",
                "sno": 500107050,
                "available_rent_general_bikes": 0,
                "available_return_bikes": 46,
                "total_bikes": 46
            },
            "geometry": {
                "type": "Point",
                "coordinates": [
                    121.54037,
                    25.06424
                ]
            }
        },
        {
            "type": "Feature",
            "properties": {
                "sna": "民權建國路口",
                "sno": 500107051,
                "available_rent_general_bikes": 5,
                "available_return_bikes": 45,
                "total_bikes": 50
            },
            "geometry": {
                "type": "Point",
                "coordinates": [
                    121.53765,
                    25.06251
                ]
            }
        },
        {
            "type": "Feature",
            "properties": {
                "sna": "松江路431巷口",
                "sno": 500107052,
                "available_rent_general_bikes": 3,
                "available_return_bikes": 10,
                "total_bikes": 13
            },
            "geometry": {
                "type": "Point",
                "coordinates": [
                    121.53338,
                    25.06585
                ]
            }
        },
        {
            "type": "Feature",
            "properties": {
                "sna": "新喜公園",
                "sno": 500107053,
                "available_rent_general_bikes": 1,
                "available_return_bikes": 12,
                "total_bikes": 13
            },
            "geometry": {
                "type": "Point",
                "coordinates": [
                    121.53177,
                    25.06533
                ]
            }
        },
        {
            "type": "Feature",
            "properties": {
                "sna": "吉林路407巷口",
                "sno": 500107054,
                "available_rent_general_bikes": 1,
                "available_return_bikes": 13,
                "total_bikes": 14
            },
            "geometry": {
                "type": "Point",
                "coordinates": [
                    121.53041,
                    25.06595
                ]
            }
        },
        {
            "type": "Feature",
            "properties": {
                "sna": "民族松江路口",
                "sno": 500107055,
                "available_rent_general_bikes": 16,
                "available_return_bikes": 1,
                "total_bikes": 17
            },
            "geometry": {
                "type": "Point",
                "coordinates": [
                    121.5328,
                    25.06833
                ]
            }
        },
        {
            "type": "Feature",
            "properties": {
                "sna": "林安泰古厝",
                "sno": 500107056,
                "available_rent_general_bikes": 15,
                "available_return_bikes": 19,
                "total_bikes": 34
            },
            "geometry": {
                "type": "Point",
                "coordinates": [
                    121.53058,
                    25.07154
                ]
            }
        },
        {
            "type": "Feature",
            "properties": {
                "sna": "中山公民會館",
                "sno": 500107057,
                "available_rent_general_bikes": 13,
                "available_return_bikes": 6,
                "total_bikes": 19
            },
            "geometry": {
                "type": "Point",
                "coordinates": [
                    121.5226,
                    25.06185
                ]
            }
        },
        {
            "type": "Feature",
            "properties": {
                "sna": "渭水八德路口",
                "sno": 500107058,
                "available_rent_general_bikes": 12,
                "available_return_bikes": 10,
                "total_bikes": 22
            },
            "geometry": {
                "type": "Point",
                "coordinates": [
                    121.53508,
                    25.04573
                ]
            }
        },
        {
            "type": "Feature",
            "properties": {
                "sna": "捷運中山站(2號出口)",
                "sno": 500107059,
                "available_rent_general_bikes": 18,
                "available_return_bikes": 11,
                "total_bikes": 29
            },
            "geometry": {
                "type": "Point",
                "coordinates": [
                    121.52176,
                    25.05228
                ]
            }
        },
        {
            "type": "Feature",
            "properties": {
                "sna": "撫順公園",
                "sno": 500107060,
                "available_rent_general_bikes": 21,
                "available_return_bikes": 2,
                "total_bikes": 23
            },
            "geometry": {
                "type": "Point",
                "coordinates": [
                    121.52203,
                    25.06416
                ]
            }
        },
        {
            "type": "Feature",
            "properties": {
                "sna": "新生公園",
                "sno": 500107061,
                "available_rent_general_bikes": 25,
                "available_return_bikes": 4,
                "total_bikes": 29
            },
            "geometry": {
                "type": "Point",
                "coordinates": [
                    121.53032,
                    25.06839
                ]
            }
        },
        {
            "type": "Feature",
            "properties": {
                "sna": "捷運行天宮站(1號出口)",
                "sno": 500107062,
                "available_rent_general_bikes": 6,
                "available_return_bikes": 43,
                "total_bikes": 49
            },
            "geometry": {
                "type": "Point",
                "coordinates": [
                    121.53305,
                    25.05867
                ]
            }
        },
        {
            "type": "Feature",
            "properties": {
                "sna": "林森長春路口",
                "sno": 500107063,
                "available_rent_general_bikes": 21,
                "available_return_bikes": 7,
                "total_bikes": 28
            },
            "geometry": {
                "type": "Point",
                "coordinates": [
                    121.52536,
                    25.05497
                ]
            }
        },
        {
            "type": "Feature",
            "properties": {
                "sna": "建國農安街口",
                "sno": 500107064,
                "available_rent_general_bikes": 4,
                "available_return_bikes": 45,
                "total_bikes": 49
            },
            "geometry": {
                "type": "Point",
                "coordinates": [
                    121.53678,
                    25.06503
                ]
            }
        },
        {
            "type": "Feature",
            "properties": {
                "sna": "松江路77巷口",
                "sno": 500107065,
                "available_rent_general_bikes": 4,
                "available_return_bikes": 5,
                "total_bikes": 9
            },
            "geometry": {
                "type": "Point",
                "coordinates": [
                    121.53312,
                    25.04985
                ]
            }
        },
        {
            "type": "Feature",
            "properties": {
                "sna": "建國長安路口",
                "sno": 500107066,
                "available_rent_general_bikes": 13,
                "available_return_bikes": 3,
                "total_bikes": 16
            },
            "geometry": {
                "type": "Point",
                "coordinates": [
                    121.53669,
                    25.04836
                ]
            }
        },
        {
            "type": "Feature",
            "properties": {
                "sna": "市民新生路口",
                "sno": 500107067,
                "available_rent_general_bikes": 2,
                "available_return_bikes": 13,
                "total_bikes": 15
            },
            "geometry": {
                "type": "Point",
                "coordinates": [
                    121.53193,
                    25.04611
                ]
            }
        },
        {
            "type": "Feature",
            "properties": {
                "sna": "民權吉林路口",
                "sno": 500107068,
                "available_rent_general_bikes": 2,
                "available_return_bikes": 13,
                "total_bikes": 15
            },
            "geometry": {
                "type": "Point",
                "coordinates": [
                    121.53061,
                    25.06269
                ]
            }
        },
        {
            "type": "Feature",
            "properties": {
                "sna": "中山農安街口",
                "sno": 500107069,
                "available_rent_general_bikes": 10,
                "available_return_bikes": 7,
                "total_bikes": 17
            },
            "geometry": {
                "type": "Point",
                "coordinates": [
                    121.5224,
                    25.0651
                ]
            }
        },
        {
            "type": "Feature",
            "properties": {
                "sna": "捷運行政大樓",
                "sno": 500107070,
                "available_rent_general_bikes": 1,
                "available_return_bikes": 11,
                "total_bikes": 12
            },
            "geometry": {
                "type": "Point",
                "coordinates": [
                    121.52168,
                    25.05575
                ]
            }
        },
        {
            "type": "Feature",
            "properties": {
                "sna": "中吉公園(松江路188巷)",
                "sno": 500107071,
                "available_rent_general_bikes": 8,
                "available_return_bikes": 14,
                "total_bikes": 22
            },
            "geometry": {
                "type": "Point",
                "coordinates": [
                    121.53191,
                    25.0568
                ]
            }
        },
        {
            "type": "Feature",
            "properties": {
                "sna": "吉林路123巷口",
                "sno": 500107072,
                "available_rent_general_bikes": 1,
                "available_return_bikes": 11,
                "total_bikes": 12
            },
            "geometry": {
                "type": "Point",
                "coordinates": [
                    121.53021,
                    25.05731
                ]
            }
        },
        {
            "type": "Feature",
            "properties": {
                "sna": "中原民生路口",
                "sno": 500107074,
                "available_rent_general_bikes": 2,
                "available_return_bikes": 13,
                "total_bikes": 15
            },
            "geometry": {
                "type": "Point",
                "coordinates": [
                    121.52887,
                    25.05808
                ]
            }
        },
        {
            "type": "Feature",
            "properties": {
                "sna": "國立臺北大學(臺北校區)",
                "sno": 500107075,
                "available_rent_general_bikes": 26,
                "available_return_bikes": 11,
                "total_bikes": 37
            },
            "geometry": {
                "type": "Point",
                "coordinates": [
                    121.54244,
                    25.05794
                ]
            }
        },
        {
            "type": "Feature",
            "properties": {
                "sna": "錦州吉林路口",
                "sno": 500107076,
                "available_rent_general_bikes": 0,
                "available_return_bikes": 30,
                "total_bikes": 30
            },
            "geometry": {
                "type": "Point",
                "coordinates": [
                    121.52991,
                    25.06028
                ]
            }
        },
        {
            "type": "Feature",
            "properties": {
                "sna": "中山北路二段59巷口",
                "sno": 500107077,
                "available_rent_general_bikes": 0,
                "available_return_bikes": 12,
                "total_bikes": 12
            },
            "geometry": {
                "type": "Point",
                "coordinates": [
                    121.5229,
                    25.05606
                ]
            }
        },
        {
            "type": "Feature",
            "properties": {
                "sna": "永盛公園(民生東路一段23巷)",
                "sno": 500107078,
                "available_rent_general_bikes": 7,
                "available_return_bikes": 16,
                "total_bikes": 23
            },
            "geometry": {
                "type": "Point",
                "coordinates": [
                    121.52488,
                    25.05873
                ]
            }
        },
        {
            "type": "Feature",
            "properties": {
                "sna": "新生錦州街口",
                "sno": 500107079,
                "available_rent_general_bikes": 1,
                "available_return_bikes": 19,
                "total_bikes": 20
            },
            "geometry": {
                "type": "Point",
                "coordinates": [
                    121.52744,
                    25.05955
                ]
            }
        },
        {
            "type": "Feature",
            "properties": {
                "sna": "濱江街199巷口",
                "sno": 500107080,
                "available_rent_general_bikes": 2,
                "available_return_bikes": 11,
                "total_bikes": 13
            },
            "geometry": {
                "type": "Point",
                "coordinates": [
                    121.53985,
                    25.0734
                ]
            }
        },
        {
            "type": "Feature",
            "properties": {
                "sna": "大佳社區公園",
                "sno": 500107081,
                "available_rent_general_bikes": 0,
                "available_return_bikes": 15,
                "total_bikes": 15
            },
            "geometry": {
                "type": "Point",
                "coordinates": [
                    121.5373,
                    25.07275
                ]
            }
        },
        {
            "type": "Feature",
            "properties": {
                "sna": "濱江果菜市場",
                "sno": 500107082,
                "available_rent_general_bikes": 1,
                "available_return_bikes": 21,
                "total_bikes": 22
            },
            "geometry": {
                "type": "Point",
                "coordinates": [
                    121.53673,
                    25.06807
                ]
            }
        },
        {
            "type": "Feature",
            "properties": {
                "sna": "興安合江路口",
                "sno": 500107083,
                "available_rent_general_bikes": 0,
                "available_return_bikes": 29,
                "total_bikes": 29
            },
            "geometry": {
                "type": "Point",
                "coordinates": [
                    121.53949,
                    25.05619
                ]
            }
        },
        {
            "type": "Feature",
            "properties": {
                "sna": "復興北路514巷口東側",
                "sno": 500107084,
                "available_rent_general_bikes": 1,
                "available_return_bikes": 11,
                "total_bikes": 12
            },
            "geometry": {
                "type": "Point",
                "coordinates": [
                    121.54117,
                    25.06597
                ]
            }
        },
        {
            "type": "Feature",
            "properties": {
                "sna": "台泥大樓",
                "sno": 500107085,
                "available_rent_general_bikes": 15,
                "available_return_bikes": 2,
                "total_bikes": 17
            },
            "geometry": {
                "type": "Point",
                "coordinates": [
                    121.52305,
                    25.06142
                ]
            }
        },
        {
            "type": "Feature",
            "properties": {
                "sna": "植福樂群路口",
                "sno": 500107086,
                "available_rent_general_bikes": 4,
                "available_return_bikes": 6,
                "total_bikes": 10
            },
            "geometry": {
                "type": "Point",
                "coordinates": [
                    121.5604,
                    25.08303
                ]
            }
        },
        {
            "type": "Feature",
            "properties": {
                "sna": "新興公園",
                "sno": 500107087,
                "available_rent_general_bikes": 8,
                "available_return_bikes": 15,
                "total_bikes": 23
            },
            "geometry": {
                "type": "Point",
                "coordinates": [
                    121.52439,
                    25.06157
                ]
            }
        },
        {
            "type": "Feature",
            "properties": {
                "sna": "南京伊通街口",
                "sno": 500107088,
                "available_rent_general_bikes": 10,
                "available_return_bikes": 0,
                "total_bikes": 10
            },
            "geometry": {
                "type": "Point",
                "coordinates": [
                    121.53517,
                    25.05189
                ]
            }
        },
        {
            "type": "Feature",
            "properties": {
                "sna": "南京龍江路口",
                "sno": 500107089,
                "available_rent_general_bikes": 16,
                "available_return_bikes": 7,
                "total_bikes": 23
            },
            "geometry": {
                "type": "Point",
                "coordinates": [
                    121.54012,
                    25.05205
                ]
            }
        },
        {
            "type": "Feature",
            "properties": {
                "sna": "撫順街41巷(崇德宮前)",
                "sno": 500107090,
                "available_rent_general_bikes": 16,
                "available_return_bikes": 3,
                "total_bikes": 19
            },
            "geometry": {
                "type": "Point",
                "coordinates": [
                    121.51916,
                    25.06389
                ]
            }
        },
        {
            "type": "Feature",
            "properties": {
                "sna": "臺北市立圖書館大直分館",
                "sno": 500107091,
                "available_rent_general_bikes": 5,
                "available_return_bikes": 15,
                "total_bikes": 20
            },
            "geometry": {
                "type": "Point",
                "coordinates": [
                    121.54646,
                    25.08152
                ]
            }
        },
        {
            "type": "Feature",
            "properties": {
                "sna": "捷運大直站(1號出口)",
                "sno": 500107092,
                "available_rent_general_bikes": 11,
                "available_return_bikes": 15,
                "total_bikes": 26
            },
            "geometry": {
                "type": "Point",
                "coordinates": [
                    121.54708,
                    25.0801
                ]
            }
        },
        {
            "type": "Feature",
            "properties": {
                "sna": "捷運松江南京站(4號出口)",
                "sno": 500107093,
                "available_rent_general_bikes": 6,
                "available_return_bikes": 26,
                "total_bikes": 32
            },
            "geometry": {
                "type": "Point",
                "coordinates": [
                    121.53312,
                    25.0512
                ]
            }
        },
        {
            "type": "Feature",
            "properties": {
                "sna": "中429公園",
                "sno": 500107095,
                "available_rent_general_bikes": 7,
                "available_return_bikes": 14,
                "total_bikes": 21
            },
            "geometry": {
                "type": "Point",
                "coordinates": [
                    121.55557,
                    25.07864
                ]
            }
        },
        {
            "type": "Feature",
            "properties": {
                "sna": "長春路137巷口",
                "sno": 500107096,
                "available_rent_general_bikes": 1,
                "available_return_bikes": 20,
                "total_bikes": 21
            },
            "geometry": {
                "type": "Point",
                "coordinates": [
                    121.53114,
                    25.05791
                ]
            }
        },
        {
            "type": "Feature",
            "properties": {
                "sna": "松江民生路口",
                "sno": 500107097,
                "available_rent_general_bikes": 2,
                "available_return_bikes": 19,
                "total_bikes": 21
            },
            "geometry": {
                "type": "Point",
                "coordinates": [
                    121.53299,
                    25.05765
                ]
            }
        },
        {
            "type": "Feature",
            "properties": {
                "sna": "松江路132巷口",
                "sno": 500107098,
                "available_rent_general_bikes": 10,
                "available_return_bikes": 4,
                "total_bikes": 14
            },
            "geometry": {
                "type": "Point",
                "coordinates": [
                    121.53013,
                    25.05277
                ]
            }
        },
        {
            "type": "Feature",
            "properties": {
                "sna": "長春吉林路口",
                "sno": 500107099,
                "available_rent_general_bikes": 3,
                "available_return_bikes": 7,
                "total_bikes": 10
            },
            "geometry": {
                "type": "Point",
                "coordinates": [
                    121.53032,
                    25.05481
                ]
            }
        },
        {
            "type": "Feature",
            "properties": {
                "sna": "長春一江街口",
                "sno": 500107100,
                "available_rent_general_bikes": 6,
                "available_return_bikes": 4,
                "total_bikes": 10
            },
            "geometry": {
                "type": "Point",
                "coordinates": [
                    121.53142,
                    25.05488
                ]
            }
        },
        {
            "type": "Feature",
            "properties": {
                "sna": "捷運松江南京站(8號出口)",
                "sno": 500107101,
                "available_rent_general_bikes": 11,
                "available_return_bikes": 17,
                "total_bikes": 28
            },
            "geometry": {
                "type": "Point",
                "coordinates": [
                    121.53276,
                    25.05215
                ]
            }
        },
        {
            "type": "Feature",
            "properties": {
                "sna": "南京一江街口",
                "sno": 500107102,
                "available_rent_general_bikes": 10,
                "available_return_bikes": 10,
                "total_bikes": 20
            },
            "geometry": {
                "type": "Point",
                "coordinates": [
                    121.53171,
                    25.05215
                ]
            }
        },
        {
            "type": "Feature",
            "properties": {
                "sna": "松江長春路口",
                "sno": 500107103,
                "available_rent_general_bikes": 13,
                "available_return_bikes": 3,
                "total_bikes": 16
            },
            "geometry": {
                "type": "Point",
                "coordinates": [
                    121.53295,
                    25.05499
                ]
            }
        },
        {
            "type": "Feature",
            "properties": {
                "sna": "經國七海文化園區",
                "sno": 500107104,
                "available_rent_general_bikes": 10,
                "available_return_bikes": 4,
                "total_bikes": 14
            },
            "geometry": {
                "type": "Point",
                "coordinates": [
                    121.53511,
                    25.07802
                ]
            }
        },
        {
            "type": "Feature",
            "properties": {
                "sna": "民族玉門街口",
                "sno": 500107105,
                "available_rent_general_bikes": 15,
                "available_return_bikes": 4,
                "total_bikes": 19
            },
            "geometry": {
                "type": "Point",
                "coordinates": [
                    121.52003,
                    25.06873
                ]
            }
        },
        {
            "type": "Feature",
            "properties": {
                "sna": "新生農安街口",
                "sno": 500107106,
                "available_rent_general_bikes": 2,
                "available_return_bikes": 13,
                "total_bikes": 15
            },
            "geometry": {
                "type": "Point",
                "coordinates": [
                    121.52778,
                    25.06493
                ]
            }
        },
        {
            "type": "Feature",
            "properties": {
                "sna": "稻江高級護理家事職業學校",
                "sno": 500107107,
                "available_rent_general_bikes": 3,
                "available_return_bikes": 9,
                "total_bikes": 12
            },
            "geometry": {
                "type": "Point",
                "coordinates": [
                    121.52848,
                    25.06532
                ]
            }
        },
        {
            "type": "Feature",
            "properties": {
                "sna": "捷運大直站(3號出口)_1",
                "sno": 500107108,
                "available_rent_general_bikes": 7,
                "available_return_bikes": 9,
                "total_bikes": 16
            },
            "geometry": {
                "type": "Point",
                "coordinates": [
                    121.54671,
                    25.07934
                ]
            }
        },
        {
            "type": "Feature",
            "properties": {
                "sna": "樂群二明水路口_1",
                "sno": 500107109,
                "available_rent_general_bikes": 11,
                "available_return_bikes": 22,
                "total_bikes": 33
            },
            "geometry": {
                "type": "Point",
                "coordinates": [
                    121.55236,
                    25.07983
                ]
            }
        },
        {
            "type": "Feature",
            "properties": {
                "sna": "民權吉林路口(南側)",
                "sno": 500107110,
                "available_rent_general_bikes": 0,
                "available_return_bikes": 15,
                "total_bikes": 15
            },
            "geometry": {
                "type": "Point",
                "coordinates": [
                    121.53043,
                    25.06245
                ]
            }
        },
        {
            "type": "Feature",
            "properties": {
                "sna": "長春龍江路口",
                "sno": 500107111,
                "available_rent_general_bikes": 6,
                "available_return_bikes": 33,
                "total_bikes": 39
            },
            "geometry": {
                "type": "Point",
                "coordinates": [
                    121.54026,
                    25.05473
                ]
            }
        },
        {
            "type": "Feature",
            "properties": {
                "sna": "民權新生路口",
                "sno": 500107112,
                "available_rent_general_bikes": 6,
                "available_return_bikes": 20,
                "total_bikes": 26
            },
            "geometry": {
                "type": "Point",
                "coordinates": [
                    121.52776,
                    25.06305
                ]
            }
        },
        {
            "type": "Feature",
            "properties": {
                "sna": "建國長春路口(北側)",
                "sno": 500107113,
                "available_rent_general_bikes": 7,
                "available_return_bikes": 21,
                "total_bikes": 28
            },
            "geometry": {
                "type": "Point",
                "coordinates": [
                    121.53693,
                    25.05476
                ]
            }
        },
        {
            "type": "Feature",
            "properties": {
                "sna": "中山行政中心",
                "sno": 500107114,
                "available_rent_general_bikes": 10,
                "available_return_bikes": 18,
                "total_bikes": 28
            },
            "geometry": {
                "type": "Point",
                "coordinates": [
                    121.53349,
                    25.06432
                ]
            }
        },
        {
            "type": "Feature",
            "properties": {
                "sna": "臺北市立美術館_1",
                "sno": 500107115,
                "available_rent_general_bikes": 19,
                "available_return_bikes": 10,
                "total_bikes": 29
            },
            "geometry": {
                "type": "Point",
                "coordinates": [
                    121.52327,
                    25.07063
                ]
            }
        },
        {
            "type": "Feature",
            "properties": {
                "sna": "劍潭社區_1",
                "sno": 500107116,
                "available_rent_general_bikes": 3,
                "available_return_bikes": 39,
                "total_bikes": 42
            },
            "geometry": {
                "type": "Point",
                "coordinates": [
                    121.53789,
                    25.08476
                ]
            }
        },
        {
            "type": "Feature",
            "properties": {
                "sna": "濱江國小游泳池",
                "sno": 500107117,
                "available_rent_general_bikes": 2,
                "available_return_bikes": 13,
                "total_bikes": 15
            },
            "geometry": {
                "type": "Point",
                "coordinates": [
                    121.56175,
                    25.07818
                ]
            }
        },
        {
            "type": "Feature",
            "properties": {
                "sna": "林森公園",
                "sno": 500107118,
                "available_rent_general_bikes": 19,
                "available_return_bikes": 22,
                "total_bikes": 41
            },
            "geometry": {
                "type": "Point",
                "coordinates": [
                    121.52581,
                    25.05223
                ]
            }
        },
        {
            "type": "Feature",
            "properties": {
                "sna": "中428公園",
                "sno": 500107119,
                "available_rent_general_bikes": 8,
                "available_return_bikes": 6,
                "total_bikes": 14
            },
            "geometry": {
                "type": "Point",
                "coordinates": [
                    121.55337,
                    25.07825
                ]
            }
        },
        {
            "type": "Feature",
            "properties": {
                "sna": "復華公園",
                "sno": 500107120,
                "available_rent_general_bikes": 8,
                "available_return_bikes": 12,
                "total_bikes": 20
            },
            "geometry": {
                "type": "Point",
                "coordinates": [
                    121.5401,
                    25.05339
                ]
            }
        },
        {
            "type": "Feature",
            "properties": {
                "sna": "新生民族路口(西南側)",
                "sno": 500107121,
                "available_rent_general_bikes": 5,
                "available_return_bikes": 8,
                "total_bikes": 13
            },
            "geometry": {
                "type": "Point",
                "coordinates": [
                    121.52767,
                    25.06819
                ]
            }
        },
        {
            "type": "Feature",
            "properties": {
                "sna": "捷運南京復興站(1號出口)",
                "sno": 500107122,
                "available_rent_general_bikes": 13,
                "available_return_bikes": 6,
                "total_bikes": 19
            },
            "geometry": {
                "type": "Point",
                "coordinates": [
                    121.54256,
                    25.05253
                ]
            }
        },
        {
            "type": "Feature",
            "properties": {
                "sna": "八德市場(北側)",
                "sno": 500107123,
                "available_rent_general_bikes": 16,
                "available_return_bikes": 9,
                "total_bikes": 25
            },
            "geometry": {
                "type": "Point",
                "coordinates": [
                    121.53661,
                    25.04478
                ]
            }
        },
        {
            "type": "Feature",
            "properties": {
                "sna": "龍江朱崙街口",
                "sno": 500107124,
                "available_rent_general_bikes": 11,
                "available_return_bikes": 3,
                "total_bikes": 14
            },
            "geometry": {
                "type": "Point",
                "coordinates": [
                    121.54043,
                    25.05004
                ]
            }
        },
        {
            "type": "Feature",
            "properties": {
                "sna": "大直街94巷",
                "sno": 500107125,
                "available_rent_general_bikes": 13,
                "available_return_bikes": 2,
                "total_bikes": 15
            },
            "geometry": {
                "type": "Point",
                "coordinates": [
                    121.54755,
                    25.08431
                ]
            }
        },
        {
            "type": "Feature",
            "properties": {
                "sna": "捷運南京復興站(8號出口)",
                "sno": 500107126,
                "available_rent_general_bikes": 3,
                "available_return_bikes": 21,
                "total_bikes": 24
            },
            "geometry": {
                "type": "Point",
                "coordinates": [
                    121.5433,
                    25.05196
                ]
            }
        },
        {
            "type": "Feature",
            "properties": {
                "sna": "民權建國路口(南側)",
                "sno": 500107127,
                "available_rent_general_bikes": 11,
                "available_return_bikes": 2,
                "total_bikes": 13
            },
            "geometry": {
                "type": "Point",
                "coordinates": [
                    121.53702,
                    25.06228
                ]
            }
        },
        {
            "type": "Feature",
            "properties": {
                "sna": "林森德惠街口",
                "sno": 500107128,
                "available_rent_general_bikes": 10,
                "available_return_bikes": 5,
                "total_bikes": 15
            },
            "geometry": {
                "type": "Point",
                "coordinates": [
                    121.5257,
                    25.06688
                ]
            }
        },
        {
            "type": "Feature",
            "properties": {
                "sna": "新生濱江街口(東南側)",
                "sno": 500107129,
                "available_rent_general_bikes": 13,
                "available_return_bikes": 8,
                "total_bikes": 21
            },
            "geometry": {
                "type": "Point",
                "coordinates": [
                    121.52812,
                    25.07059
                ]
            }
        },
        {
            "type": "Feature",
            "properties": {
                "sna": "新生北路一段62巷口",
                "sno": 500107130,
                "available_rent_general_bikes": 7,
                "available_return_bikes": 23,
                "total_bikes": 30
            },
            "geometry": {
                "type": "Point",
                "coordinates": [
                    121.53075,
                    25.04699
                ]
            }
        },
        {
            "type": "Feature",
            "properties": {
                "sna": "新生長春路口(東北側)",
                "sno": 500107131,
                "available_rent_general_bikes": 1,
                "available_return_bikes": 17,
                "total_bikes": 18
            },
            "geometry": {
                "type": "Point",
                "coordinates": [
                    121.52769,
                    25.05532
                ]
            }
        },
        {
            "type": "Feature",
            "properties": {
                "sna": "捷運劍南路站(1號出口)",
                "sno": 500107132,
                "available_rent_general_bikes": 1,
                "available_return_bikes": 7,
                "total_bikes": 8
            },
            "geometry": {
                "type": "Point",
                "coordinates": [
                    121.55498,
                    25.08519
                ]
            }
        },
        {
            "type": "Feature",
            "properties": {
                "sna": "敬業三樂群三路口(西北側)",
                "sno": 500107133,
                "available_rent_general_bikes": 0,
                "available_return_bikes": 22,
                "total_bikes": 22
            },
            "geometry": {
                "type": "Point",
                "coordinates": [
                    121.55624,
                    25.08272
                ]
            }
        },
        {
            "type": "Feature",
            "properties": {
                "sna": "長春路258巷2弄口",
                "sno": 500107134,
                "available_rent_general_bikes": 2,
                "available_return_bikes": 13,
                "total_bikes": 15
            },
            "geometry": {
                "type": "Point",
                "coordinates": [
                    121.53896,
                    25.05427
                ]
            }
        },
        {
            "type": "Feature",
            "properties": {
                "sna": "長寧大廈社區(南側)",
                "sno": 500107135,
                "available_rent_general_bikes": 0,
                "available_return_bikes": 13,
                "total_bikes": 13
            },
            "geometry": {
                "type": "Point",
                "coordinates": [
                    121.54332,
                    25.05418
                ]
            }
        },
        {
            "type": "Feature",
            "properties": {
                "sna": "建國五常街口",
                "sno": 500107136,
                "available_rent_general_bikes": 2,
                "available_return_bikes": 18,
                "total_bikes": 20
            },
            "geometry": {
                "type": "Point",
                "coordinates": [
                    121.53732,
                    25.06419
                ]
            }
        },
        {
            "type": "Feature",
            "properties": {
                "sna": "中山北路二段62巷口",
                "sno": 500107137,
                "available_rent_general_bikes": 8,
                "available_return_bikes": 3,
                "total_bikes": 11
            },
            "geometry": {
                "type": "Point",
                "coordinates": [
                    121.52268,
                    25.05676
                ]
            }
        },
        {
            "type": "Feature",
            "properties": {
                "sna": "市民安東街口",
                "sno": 500107138,
                "available_rent_general_bikes": 0,
                "available_return_bikes": 27,
                "total_bikes": 27
            },
            "geometry": {
                "type": "Point",
                "coordinates": [
                    121.54213,
                    25.0448
                ]
            }
        },
        {
            "type": "Feature",
            "properties": {
                "sna": "市民大道二段5巷口",
                "sno": 500107139,
                "available_rent_general_bikes": 3,
                "available_return_bikes": 12,
                "total_bikes": 15
            },
            "geometry": {
                "type": "Point",
                "coordinates": [
                    121.52166,
                    25.04812
                ]
            }
        },
        {
            "type": "Feature",
            "properties": {
                "sna": "捷運中山站(3號出口)",
                "sno": 500107140,
                "available_rent_general_bikes": 16,
                "available_return_bikes": 4,
                "total_bikes": 20
            },
            "geometry": {
                "type": "Point",
                "coordinates": [
                    121.52212,
                    25.05236
                ]
            }
        },
        {
            "type": "Feature",
            "properties": {
                "sna": "建國北路高架橋下停車場G區",
                "sno": 500107141,
                "available_rent_general_bikes": 2,
                "available_return_bikes": 16,
                "total_bikes": 18
            },
            "geometry": {
                "type": "Point",
                "coordinates": [
                    121.53682,
                    25.05959
                ]
            }
        },
        {
            "type": "Feature",
            "properties": {
                "sna": "朱崙公園",
                "sno": 500107142,
                "available_rent_general_bikes": 16,
                "available_return_bikes": 2,
                "total_bikes": 18
            },
            "geometry": {
                "type": "Point",
                "coordinates": [
                    121.54198,
                    25.04919
                ]
            }
        },
        {
            "type": "Feature",
            "properties": {
                "sna": "朱崙復興北路口",
                "sno": 500107143,
                "available_rent_general_bikes": 4,
                "available_return_bikes": 6,
                "total_bikes": 10
            },
            "geometry": {
                "type": "Point",
                "coordinates": [
                    121.54379,
                    25.04992
                ]
            }
        },
        {
            "type": "Feature",
            "properties": {
                "sna": "捷運行天宮站(4號出口)",
                "sno": 500107144,
                "available_rent_general_bikes": 8,
                "available_return_bikes": 27,
                "total_bikes": 35
            },
            "geometry": {
                "type": "Point",
                "coordinates": [
                    121.53283,
                    25.06037
                ]
            }
        },
        {
            "type": "Feature",
            "properties": {
                "sna": "建國北路三段86巷口",
                "sno": 500107145,
                "available_rent_general_bikes": 13,
                "available_return_bikes": 2,
                "total_bikes": 15
            },
            "geometry": {
                "type": "Point",
                "coordinates": [
                    121.53526,
                    25.06617
                ]
            }
        },
        {
            "type": "Feature",
            "properties": {
                "sna": "正守公園",
                "sno": 500107146,
                "available_rent_general_bikes": 0,
                "available_return_bikes": 15,
                "total_bikes": 15
            },
            "geometry": {
                "type": "Point",
                "coordinates": [
                    121.52898,
                    25.04808
                ]
            }
        },
        {
            "type": "Feature",
            "properties": {
                "sna": "四平松江路口",
                "sno": 500107147,
                "available_rent_general_bikes": 14,
                "available_return_bikes": 3,
                "total_bikes": 17
            },
            "geometry": {
                "type": "Point",
                "coordinates": [
                    121.53282,
                    25.05366
                ]
            }
        },
        {
            "type": "Feature",
            "properties": {
                "sna": "北安通北街口",
                "sno": 500107149,
                "available_rent_general_bikes": 5,
                "available_return_bikes": 12,
                "total_bikes": 17
            },
            "geometry": {
                "type": "Point",
                "coordinates": [
                    121.54148,
                    25.07965
                ]
            }
        },
        {
            "type": "Feature",
            "properties": {
                "sna": "民權東復興北路口(西北側)",
                "sno": 500107150,
                "available_rent_general_bikes": 16,
                "available_return_bikes": 3,
                "total_bikes": 19
            },
            "geometry": {
                "type": "Point",
                "coordinates": [
                    121.54323,
                    25.06246
                ]
            }
        },
        {
            "type": "Feature",
            "properties": {
                "sna": "臺北市立大同高中",
                "sno": 500107151,
                "available_rent_general_bikes": 8,
                "available_return_bikes": 14,
                "total_bikes": 22
            },
            "geometry": {
                "type": "Point",
                "coordinates": [
                    121.53521,
                    25.05484
                ]
            }
        },
        {
            "type": "Feature",
            "properties": {
                "sna": "中崙加油站",
                "sno": 500107152,
                "available_rent_general_bikes": 14,
                "available_return_bikes": 12,
                "total_bikes": 26
            },
            "geometry": {
                "type": "Point",
                "coordinates": [
                    121.53979,
                    25.04634
                ]
            }
        },
        {
            "type": "Feature",
            "properties": {
                "sna": "北安明水路口(自強隧道)",
                "sno": 500107153,
                "available_rent_general_bikes": 2,
                "available_return_bikes": 9,
                "total_bikes": 11
            },
            "geometry": {
                "type": "Point",
                "coordinates": [
                    121.55225,
                    25.08578
                ]
            }
        },
        {
            "type": "Feature",
            "properties": {
                "sna": "中正國小(南京東路三段48巷)",
                "sno": 500107154,
                "available_rent_general_bikes": 5,
                "available_return_bikes": 10,
                "total_bikes": 15
            },
            "geometry": {
                "type": "Point",
                "coordinates": [
                    121.53845,
                    25.05126
                ]
            }
        },
        {
            "type": "Feature",
            "properties": {
                "sna": "臺北時代廣場",
                "sno": 500107155,
                "available_rent_general_bikes": 27,
                "available_return_bikes": 7,
                "total_bikes": 34
            },
            "geometry": {
                "type": "Point",
                "coordinates": [
                    121.56152,
                    25.08044
                ]
            }
        },
        {
            "type": "Feature",
            "properties": {
                "sna": "吉林農安街口(西北側)",
                "sno": 500107156,
                "available_rent_general_bikes": 0,
                "available_return_bikes": 15,
                "total_bikes": 15
            },
            "geometry": {
                "type": "Point",
                "coordinates": [
                    121.53034,
                    25.06493
                ]
            }
        },
        {
            "type": "Feature",
            "properties": {
                "sna": "濱江國中",
                "sno": 500107157,
                "available_rent_general_bikes": 4,
                "available_return_bikes": 21,
                "total_bikes": 25
            },
            "geometry": {
                "type": "Point",
                "coordinates": [
                    121.56152,
                    25.07986
                ]
            }
        },
        {
            "type": "Feature",
            "properties": {
                "sna": "環山抽水站",
                "sno": 500107158,
                "available_rent_general_bikes": 8,
                "available_return_bikes": 8,
                "total_bikes": 16
            },
            "geometry": {
                "type": "Point",
                "coordinates": [
                    121.5631,
                    25.07734
                ]
            }
        },
        {
            "type": "Feature",
            "properties": {
                "sna": "民權中山路口(東北側)",
                "sno": 500107159,
                "available_rent_general_bikes": 14,
                "available_return_bikes": 10,
                "total_bikes": 24
            },
            "geometry": {
                "type": "Point",
                "coordinates": [
                    121.52299,
                    25.06292
                ]
            }
        },
        {
            "type": "Feature",
            "properties": {
                "sna": "復興五常街口(西南側)",
                "sno": 500107160,
                "available_rent_general_bikes": 1,
                "available_return_bikes": 25,
                "total_bikes": 26
            },
            "geometry": {
                "type": "Point",
                "coordinates": [
                    121.54415,
                    25.06409
                ]
            }
        },
        {
            "type": "Feature",
            "properties": {
                "sna": "松江長安路口",
                "sno": 500107161,
                "available_rent_general_bikes": 20,
                "available_return_bikes": 0,
                "total_bikes": 20
            },
            "geometry": {
                "type": "Point",
                "coordinates": [
                    121.53282,
                    25.04819
                ]
            }
        },
        {
            "type": "Feature",
            "properties": {
                "sna": "長安國小",
                "sno": 500107162,
                "available_rent_general_bikes": 6,
                "available_return_bikes": 20,
                "total_bikes": 26
            },
            "geometry": {
                "type": "Point",
                "coordinates": [
                    121.53008,
                    25.05018
                ]
            }
        },
        {
            "type": "Feature",
            "properties": {
                "sna": "中山市場",
                "sno": 500107163,
                "available_rent_general_bikes": 9,
                "available_return_bikes": 7,
                "total_bikes": 16
            },
            "geometry": {
                "type": "Point",
                "coordinates": [
                    121.52107,
                    25.05007
                ]
            }
        },
        {
            "type": "Feature",
            "properties": {
                "sna": "捷運雙連站(1號出口)",
                "sno": 500107164,
                "available_rent_general_bikes": 17,
                "available_return_bikes": 0,
                "total_bikes": 17
            },
            "geometry": {
                "type": "Point",
                "coordinates": [
                    121.52097,
                    25.05767
                ]
            }
        },
        {
            "type": "Feature",
            "properties": {
                "sna": "吉林南京路口(西北側)",
                "sno": 500107165,
                "available_rent_general_bikes": 14,
                "available_return_bikes": 8,
                "total_bikes": 22
            },
            "geometry": {
                "type": "Point",
                "coordinates": [
                    121.53003,
                    25.05234
                ]
            }
        },
        {
            "type": "Feature",
            "properties": {
                "sna": "龍江路345巷",
                "sno": 500107166,
                "available_rent_general_bikes": 5,
                "available_return_bikes": 18,
                "total_bikes": 23
            },
            "geometry": {
                "type": "Point",
                "coordinates": [
                    121.54116,
                    25.06339
                ]
            }
        },
        {
            "type": "Feature",
            "properties": {
                "sna": "捷運劍南路站(3號出口)",
                "sno": 500107167,
                "available_rent_general_bikes": 36,
                "available_return_bikes": 8,
                "total_bikes": 44
            },
            "geometry": {
                "type": "Point",
                "coordinates": [
                    121.55657,
                    25.08444
                ]
            }
        },
        {
            "type": "Feature",
            "properties": {
                "sna": "一江南京東路口(西南側)",
                "sno": 500107168,
                "available_rent_general_bikes": 15,
                "available_return_bikes": 6,
                "total_bikes": 21
            },
            "geometry": {
                "type": "Point",
                "coordinates": [
                    121.53146,
                    25.05181
                ]
            }
        },
        {
            "type": "Feature",
            "properties": {
                "sna": "大直抽水站公車站",
                "sno": 500107169,
                "available_rent_general_bikes": 15,
                "available_return_bikes": 10,
                "total_bikes": 25
            },
            "geometry": {
                "type": "Point",
                "coordinates": [
                    121.54556,
                    25.07756
                ]
            }
        },
        {
            "type": "Feature",
            "properties": {
                "sna": "民權東路三段39巷口",
                "sno": 500107170,
                "available_rent_general_bikes": 15,
                "available_return_bikes": 8,
                "total_bikes": 23
            },
            "geometry": {
                "type": "Point",
                "coordinates": [
                    121.54259,
                    25.06596
                ]
            }
        },
        {
            "type": "Feature",
            "properties": {
                "sna": "臺北市立中山女高",
                "sno": 500107171,
                "available_rent_general_bikes": 18,
                "available_return_bikes": 15,
                "total_bikes": 33
            },
            "geometry": {
                "type": "Point",
                "coordinates": [
                    121.53889,
                    25.04841
                ]
            }
        },
        {
            "type": "Feature",
            "properties": {
                "sna": "朱昌公園",
                "sno": 500107172,
                "available_rent_general_bikes": 2,
                "available_return_bikes": 18,
                "total_bikes": 20
            },
            "geometry": {
                "type": "Point",
                "coordinates": [
                    121.53908,
                    25.0554
                ]
            }
        },
        {
            "type": "Feature",
            "properties": {
                "sna": "林森公園東北側",
                "sno": 500107173,
                "available_rent_general_bikes": 9,
                "available_return_bikes": 7,
                "total_bikes": 16
            },
            "geometry": {
                "type": "Point",
                "coordinates": [
                    121.52674,
                    25.05381
                ]
            }
        },
        {
            "type": "Feature",
            "properties": {
                "sna": "康樂公園西北側",
                "sno": 500107174,
                "available_rent_general_bikes": 6,
                "available_return_bikes": 12,
                "total_bikes": 18
            },
            "geometry": {
                "type": "Point",
                "coordinates": [
                    121.52456,
                    25.05377
                ]
            }
        },
        {
            "type": "Feature",
            "properties": {
                "sna": "中山北德惠街口",
                "sno": 500107175,
                "available_rent_general_bikes": 13,
                "available_return_bikes": 1,
                "total_bikes": 14
            },
            "geometry": {
                "type": "Point",
                "coordinates": [
                    121.52257,
                    25.06671
                ]
            }
        },
        {
            "type": "Feature",
            "properties": {
                "sna": "晴光公園",
                "sno": 500107176,
                "available_rent_general_bikes": 2,
                "available_return_bikes": 13,
                "total_bikes": 15
            },
            "geometry": {
                "type": "Point",
                "coordinates": [
                    121.52446,
                    25.06411
                ]
            }
        },
        {
            "type": "Feature",
            "properties": {
                "sna": "松江路25巷口",
                "sno": 500107177,
                "available_rent_general_bikes": 1,
                "available_return_bikes": 41,
                "total_bikes": 42
            },
            "geometry": {
                "type": "Point",
                "coordinates": [
                    121.53304,
                    25.04628
                ]
            }
        },
        {
            "type": "Feature",
            "properties": {
                "sna": "民生東合江街口",
                "sno": 500107178,
                "available_rent_general_bikes": 3,
                "available_return_bikes": 17,
                "total_bikes": 20
            },
            "geometry": {
                "type": "Point",
                "coordinates": [
                    121.53951,
                    25.05777
                ]
            }
        },
        {
            "type": "Feature",
            "properties": {
                "sna": "飛航服務總臺",
                "sno": 500107179,
                "available_rent_general_bikes": 8,
                "available_return_bikes": 13,
                "total_bikes": 21
            },
            "geometry": {
                "type": "Point",
                "coordinates": [
                    121.55117,
                    25.07241
                ]
            }
        },
        {
            "type": "Feature",
            "properties": {
                "sna": "內湖堤頂大道(西南側)",
                "sno": 500107180,
                "available_rent_general_bikes": 12,
                "available_return_bikes": 10,
                "total_bikes": 22
            },
            "geometry": {
                "type": "Point",
                "coordinates": [
                    121.56016,
                    25.08462
                ]
            }
        },
        {
            "type": "Feature",
            "properties": {
                "sna": "文湖街21巷118弄口",
                "sno": 500108001,
                "available_rent_general_bikes": 9,
                "available_return_bikes": 18,
                "total_bikes": 27
            },
            "geometry": {
                "type": "Point",
                "coordinates": [
                    121.55961,
                    25.09122
                ]
            }
        },
        {
            "type": "Feature",
            "properties": {
                "sna": "北勢湖環保公園",
                "sno": 500108002,
                "available_rent_general_bikes": 15,
                "available_return_bikes": 11,
                "total_bikes": 26
            },
            "geometry": {
                "type": "Point",
                "coordinates": [
                    121.56208,
                    25.08378
                ]
            }
        },
        {
            "type": "Feature",
            "properties": {
                "sna": "洲子一號公園",
                "sno": 500108003,
                "available_rent_general_bikes": 22,
                "available_return_bikes": 18,
                "total_bikes": 40
            },
            "geometry": {
                "type": "Point",
                "coordinates": [
                    121.56454,
                    25.07977
                ]
            }
        },
        {
            "type": "Feature",
            "properties": {
                "sna": "西康公園",
                "sno": 500108004,
                "available_rent_general_bikes": 4,
                "available_return_bikes": 15,
                "total_bikes": 19
            },
            "geometry": {
                "type": "Point",
                "coordinates": [
                    121.56449,
                    25.08284
                ]
            }
        },
        {
            "type": "Feature",
            "properties": {
                "sna": "文湖國小",
                "sno": 500108005,
                "available_rent_general_bikes": 25,
                "available_return_bikes": 17,
                "total_bikes": 42
            },
            "geometry": {
                "type": "Point",
                "coordinates": [
                    121.56088,
                    25.08637
                ]
            }
        },
        {
            "type": "Feature",
            "properties": {
                "sna": "文湖街81巷10號西側",
                "sno": 500108006,
                "available_rent_general_bikes": 3,
                "available_return_bikes": 11,
                "total_bikes": 14
            },
            "geometry": {
                "type": "Point",
                "coordinates": [
                    121.56406,
                    25.08707
                ]
            }
        },
        {
            "type": "Feature",
            "properties": {
                "sna": "德明財經科技大學",
                "sno": 500108007,
                "available_rent_general_bikes": 0,
                "available_return_bikes": 36,
                "total_bikes": 36
            },
            "geometry": {
                "type": "Point",
                "coordinates": [
                    121.56574,
                    25.08637
                ]
            }
        },
        {
            "type": "Feature",
            "properties": {
                "sna": "麗山國小",
                "sno": 500108008,
                "available_rent_general_bikes": 2,
                "available_return_bikes": 11,
                "total_bikes": 13
            },
            "geometry": {
                "type": "Point",
                "coordinates": [
                    121.57158,
                    25.0826
                ]
            }
        },
        {
            "type": "Feature",
            "properties": {
                "sna": "麗山高中",
                "sno": 500108009,
                "available_rent_general_bikes": 23,
                "available_return_bikes": 9,
                "total_bikes": 32
            },
            "geometry": {
                "type": "Point",
                "coordinates": [
                    121.57725,
                    25.08398
                ]
            }
        },
        {
            "type": "Feature",
            "properties": {
                "sna": "港華五號公園",
                "sno": 500108010,
                "available_rent_general_bikes": 2,
                "available_return_bikes": 14,
                "total_bikes": 16
            },
            "geometry": {
                "type": "Point",
                "coordinates": [
                    121.57462,
                    25.08522
                ]
            }
        },
        {
            "type": "Feature",
            "properties": {
                "sna": "大湖國小",
                "sno": 500108011,
                "available_rent_general_bikes": 0,
                "available_return_bikes": 29,
                "total_bikes": 29
            },
            "geometry": {
                "type": "Point",
                "coordinates": [
                    121.59958,
                    25.08803
                ]
            }
        },
        {
            "type": "Feature",
            "properties": {
                "sna": "安湖三號公園",
                "sno": 500108012,
                "available_rent_general_bikes": 7,
                "available_return_bikes": 8,
                "total_bikes": 15
            },
            "geometry": {
                "type": "Point",
                "coordinates": [
                    121.61593,
                    25.07021
                ]
            }
        },
        {
            "type": "Feature",
            "properties": {
                "sna": "東湖路113巷95弄",
                "sno": 500108013,
                "available_rent_general_bikes": 6,
                "available_return_bikes": 11,
                "total_bikes": 17
            },
            "geometry": {
                "type": "Point",
                "coordinates": [
                    121.61491,
                    25.07177
                ]
            }
        },
        {
            "type": "Feature",
            "properties": {
                "sna": "瑞光計程車服務站",
                "sno": 500108014,
                "available_rent_general_bikes": 6,
                "available_return_bikes": 14,
                "total_bikes": 20
            },
            "geometry": {
                "type": "Point",
                "coordinates": [
                    121.57389,
                    25.0745
                ]
            }
        },
        {
            "type": "Feature",
            "properties": {
                "sna": "文德三號公園(江南街71巷16弄)",
                "sno": 500108015,
                "available_rent_general_bikes": 5,
                "available_return_bikes": 10,
                "total_bikes": 15
            },
            "geometry": {
                "type": "Point",
                "coordinates": [
                    121.5772,
                    25.07524
                ]
            }
        },
        {
            "type": "Feature",
            "properties": {
                "sna": "捷運大湖公園站(2號出口)",
                "sno": 500108016,
                "available_rent_general_bikes": 0,
                "available_return_bikes": 45,
                "total_bikes": 45
            },
            "geometry": {
                "type": "Point",
                "coordinates": [
                    121.60185,
                    25.08395
                ]
            }
        },
        {
            "type": "Feature",
            "properties": {
                "sna": "康寧星雲街口",
                "sno": 500108018,
                "available_rent_general_bikes": 3,
                "available_return_bikes": 8,
                "total_bikes": 11
            },
            "geometry": {
                "type": "Point",
                "coordinates": [
                    121.59336,
                    25.07958
                ]
            }
        },
        {
            "type": "Feature",
            "properties": {
                "sna": "星雲街47號",
                "sno": 500108019,
                "available_rent_general_bikes": 0,
                "available_return_bikes": 15,
                "total_bikes": 15
            },
            "geometry": {
                "type": "Point",
                "coordinates": [
                    121.59177,
                    25.07864
                ]
            }
        },
        {
            "type": "Feature",
            "properties": {
                "sna": "捷運西湖站(1號出口)",
                "sno": 500108020,
                "available_rent_general_bikes": 0,
                "available_return_bikes": 23,
                "total_bikes": 23
            },
            "geometry": {
                "type": "Point",
                "coordinates": [
                    121.56638,
                    25.08301
                ]
            }
        },
        {
            "type": "Feature",
            "properties": {
                "sna": "捷運西湖站(2號出口)",
                "sno": 500108021,
                "available_rent_general_bikes": 0,
                "available_return_bikes": 26,
                "total_bikes": 26
            },
            "geometry": {
                "type": "Point",
                "coordinates": [
                    121.56716,
                    25.08205
                ]
            }
        },
        {
            "type": "Feature",
            "properties": {
                "sna": "洲子二號公園",
                "sno": 500108022,
                "available_rent_general_bikes": 29,
                "available_return_bikes": 27,
                "total_bikes": 56
            },
            "geometry": {
                "type": "Point",
                "coordinates": [
                    121.56869,
                    25.07932
                ]
            }
        },
        {
            "type": "Feature",
            "properties": {
                "sna": "港都公園",
                "sno": 500108023,
                "available_rent_general_bikes": 1,
                "available_return_bikes": 14,
                "total_bikes": 15
            },
            "geometry": {
                "type": "Point",
                "coordinates": [
                    121.5752,
                    25.08296
                ]
            }
        },
        {
            "type": "Feature",
            "properties": {
                "sna": "環山路二段26巷口",
                "sno": 500108024,
                "available_rent_general_bikes": 7,
                "available_return_bikes": 14,
                "total_bikes": 21
            },
            "geometry": {
                "type": "Point",
                "coordinates": [
                    121.572,
                    25.08598
                ]
            }
        },
        {
            "type": "Feature",
            "properties": {
                "sna": "成功金龍路口",
                "sno": 500108025,
                "available_rent_general_bikes": 3,
                "available_return_bikes": 25,
                "total_bikes": 28
            },
            "geometry": {
                "type": "Point",
                "coordinates": [
                    121.59478,
                    25.08436
                ]
            }
        },
        {
            "type": "Feature",
            "properties": {
                "sna": "碧山公園",
                "sno": 500108026,
                "available_rent_general_bikes": 1,
                "available_return_bikes": 30,
                "total_bikes": 31
            },
            "geometry": {
                "type": "Point",
                "coordinates": [
                    121.59227,
                    25.0878
                ]
            }
        },
        {
            "type": "Feature",
            "properties": {
                "sna": "金瑞公園",
                "sno": 500108027,
                "available_rent_general_bikes": 15,
                "available_return_bikes": 13,
                "total_bikes": 28
            },
            "geometry": {
                "type": "Point",
                "coordinates": [
                    121.5879,
                    25.08785
                ]
            }
        },
        {
            "type": "Feature",
            "properties": {
                "sna": "捷運文德站(2號出口)",
                "sno": 500108028,
                "available_rent_general_bikes": 6,
                "available_return_bikes": 43,
                "total_bikes": 49
            },
            "geometry": {
                "type": "Point",
                "coordinates": [
                    121.58464,
                    25.07842
                ]
            }
        },
        {
            "type": "Feature",
            "properties": {
                "sna": "陽光公園",
                "sno": 500108029,
                "available_rent_general_bikes": 6,
                "available_return_bikes": 10,
                "total_bikes": 16
            },
            "geometry": {
                "type": "Point",
                "coordinates": [
                    121.58764,
                    25.07695
                ]
            }
        },
        {
            "type": "Feature",
            "properties": {
                "sna": "文德二號公園(南側)",
                "sno": 500108030,
                "available_rent_general_bikes": 4,
                "available_return_bikes": 9,
                "total_bikes": 13
            },
            "geometry": {
                "type": "Point",
                "coordinates": [
                    121.58375,
                    25.07504
                ]
            }
        },
        {
            "type": "Feature",
            "properties": {
                "sna": "文德二號公園(北側)",
                "sno": 500108031,
                "available_rent_general_bikes": 2,
                "available_return_bikes": 12,
                "total_bikes": 14
            },
            "geometry": {
                "type": "Point",
                "coordinates": [
                    121.58381,
                    25.07758
                ]
            }
        },
        {
            "type": "Feature",
            "properties": {
                "sna": "瑞陽公園",
                "sno": 500108032,
                "available_rent_general_bikes": 0,
                "available_return_bikes": 11,
                "total_bikes": 11
            },
            "geometry": {
                "type": "Point",
                "coordinates": [
                    121.57961,
                    25.07777
                ]
            }
        },
        {
            "type": "Feature",
            "properties": {
                "sna": "湖光國宅",
                "sno": 500108033,
                "available_rent_general_bikes": 6,
                "available_return_bikes": 31,
                "total_bikes": 37
            },
            "geometry": {
                "type": "Point",
                "coordinates": [
                    121.58079,
                    25.07538
                ]
            }
        },
        {
            "type": "Feature",
            "properties": {
                "sna": "潭美街213號",
                "sno": 500108034,
                "available_rent_general_bikes": 10,
                "available_return_bikes": 2,
                "total_bikes": 12
            },
            "geometry": {
                "type": "Point",
                "coordinates": [
                    121.58486,
                    25.05575
                ]
            }
        },
        {
            "type": "Feature",
            "properties": {
                "sna": "南京東路六段180號",
                "sno": 500108035,
                "available_rent_general_bikes": 9,
                "available_return_bikes": 12,
                "total_bikes": 21
            },
            "geometry": {
                "type": "Point",
                "coordinates": [
                    121.57991,
                    25.0559
                ]
            }
        },
        {
            "type": "Feature",
            "properties": {
                "sna": "潭美國小(南京舊宗路口)",
                "sno": 500108036,
                "available_rent_general_bikes": 18,
                "available_return_bikes": 11,
                "total_bikes": 29
            },
            "geometry": {
                "type": "Point",
                "coordinates": [
                    121.58159,
                    25.05768
                ]
            }
        },
        {
            "type": "Feature",
            "properties": {
                "sna": "新明路343號",
                "sno": 500108037,
                "available_rent_general_bikes": 7,
                "available_return_bikes": 3,
                "total_bikes": 10
            },
            "geometry": {
                "type": "Point",
                "coordinates": [
                    121.58345,
                    25.05653
                ]
            }
        },
        {
            "type": "Feature",
            "properties": {
                "sna": "成美長壽橋(潭美街)",
                "sno": 500108038,
                "available_rent_general_bikes": 8,
                "available_return_bikes": 9,
                "total_bikes": 17
            },
            "geometry": {
                "type": "Point",
                "coordinates": [
                    121.58084,
                    25.0539
                ]
            }
        },
        {
            "type": "Feature",
            "properties": {
                "sna": "內湖行政中心",
                "sno": 500108039,
                "available_rent_general_bikes": 15,
                "available_return_bikes": 9,
                "total_bikes": 24
            },
            "geometry": {
                "type": "Point",
                "coordinates": [
                    121.58898,
                    25.06915
                ]
            }
        },
        {
            "type": "Feature",
            "properties": {
                "sna": "樂康公園",
                "sno": 500108040,
                "available_rent_general_bikes": 6,
                "available_return_bikes": 14,
                "total_bikes": 20
            },
            "geometry": {
                "type": "Point",
                "coordinates": [
                    121.62055,
                    25.07007
                ]
            }
        },
        {
            "type": "Feature",
            "properties": {
                "sna": "安康路32巷24弄",
                "sno": 500108041,
                "available_rent_general_bikes": 13,
                "available_return_bikes": 8,
                "total_bikes": 21
            },
            "geometry": {
                "type": "Point",
                "coordinates": [
                    121.59447,
                    25.06181
                ]
            }
        },
        {
            "type": "Feature",
            "properties": {
                "sna": "明美公園",
                "sno": 500108043,
                "available_rent_general_bikes": 13,
                "available_return_bikes": 14,
                "total_bikes": 27
            },
            "geometry": {
                "type": "Point",
                "coordinates": [
                    121.58607,
                    25.06256
                ]
            }
        },
        {
            "type": "Feature",
            "properties": {
                "sna": "南京東路六段368巷",
                "sno": 500108044,
                "available_rent_general_bikes": 62,
                "available_return_bikes": 7,
                "total_bikes": 69
            },
            "geometry": {
                "type": "Point",
                "coordinates": [
                    121.58707,
                    25.05827
                ]
            }
        },
        {
            "type": "Feature",
            "properties": {
                "sna": "新明成功路口",
                "sno": 500108045,
                "available_rent_general_bikes": 1,
                "available_return_bikes": 28,
                "total_bikes": 29
            },
            "geometry": {
                "type": "Point",
                "coordinates": [
                    121.5911,
                    25.06058
                ]
            }
        },
        {
            "type": "Feature",
            "properties": {
                "sna": "民權瑞光路口",
                "sno": 500108046,
                "available_rent_general_bikes": 13,
                "available_return_bikes": 18,
                "total_bikes": 31
            },
            "geometry": {
                "type": "Point",
                "coordinates": [
                    121.58323,
                    25.06835
                ]
            }
        },
        {
            "type": "Feature",
            "properties": {
                "sna": "瑞光公共住宅(瑞光路)",
                "sno": 500108047,
                "available_rent_general_bikes": 10,
                "available_return_bikes": 8,
                "total_bikes": 18
            },
            "geometry": {
                "type": "Point",
                "coordinates": [
                    121.57951,
                    25.07335
                ]
            }
        },
        {
            "type": "Feature",
            "properties": {
                "sna": "民權東路六段15巷",
                "sno": 500108048,
                "available_rent_general_bikes": 23,
                "available_return_bikes": 5,
                "total_bikes": 28
            },
            "geometry": {
                "type": "Point",
                "coordinates": [
                    121.57813,
                    25.06853
                ]
            }
        },
        {
            "type": "Feature",
            "properties": {
                "sna": "扶輪親恩公園",
                "sno": 500108049,
                "available_rent_general_bikes": 6,
                "available_return_bikes": 24,
                "total_bikes": 30
            },
            "geometry": {
                "type": "Point",
                "coordinates": [
                    121.58002,
                    25.06709
                ]
            }
        },
        {
            "type": "Feature",
            "properties": {
                "sna": "新湖三民善街口",
                "sno": 500108050,
                "available_rent_general_bikes": 3,
                "available_return_bikes": 12,
                "total_bikes": 15
            },
            "geometry": {
                "type": "Point",
                "coordinates": [
                    121.57497,
                    25.06286
                ]
            }
        },
        {
            "type": "Feature",
            "properties": {
                "sna": "內湖119號綠地",
                "sno": 500108051,
                "available_rent_general_bikes": 8,
                "available_return_bikes": 30,
                "total_bikes": 38
            },
            "geometry": {
                "type": "Point",
                "coordinates": [
                    121.57865,
                    25.05594
                ]
            }
        },
        {
            "type": "Feature",
            "properties": {
                "sna": "行善公園",
                "sno": 500108052,
                "available_rent_general_bikes": 1,
                "available_return_bikes": 24,
                "total_bikes": 25
            },
            "geometry": {
                "type": "Point",
                "coordinates": [
                    121.57592,
                    25.05301
                ]
            }
        },
        {
            "type": "Feature",
            "properties": {
                "sna": "三軍總醫院",
                "sno": 500108054,
                "available_rent_general_bikes": 23,
                "available_return_bikes": 27,
                "total_bikes": 50
            },
            "geometry": {
                "type": "Point",
                "coordinates": [
                    121.58991,
                    25.07151
                ]
            }
        },
        {
            "type": "Feature",
            "properties": {
                "sna": "福華商場",
                "sno": 500108055,
                "available_rent_general_bikes": 6,
                "available_return_bikes": 19,
                "total_bikes": 25
            },
            "geometry": {
                "type": "Point",
                "coordinates": [
                    121.59265,
                    25.06877
                ]
            }
        },
        {
            "type": "Feature",
            "properties": {
                "sna": "臺北市網球中心",
                "sno": 500108056,
                "available_rent_general_bikes": 6,
                "available_return_bikes": 27,
                "total_bikes": 33
            },
            "geometry": {
                "type": "Point",
                "coordinates": [
                    121.59749,
                    25.0674
                ]
            }
        },
        {
            "type": "Feature",
            "properties": {
                "sna": "捷運葫洲站(1號出口)",
                "sno": 500108057,
                "available_rent_general_bikes": 25,
                "available_return_bikes": 12,
                "total_bikes": 37
            },
            "geometry": {
                "type": "Point",
                "coordinates": [
                    121.60796,
                    25.07249
                ]
            }
        },
        {
            "type": "Feature",
            "properties": {
                "sna": "麗湖國小",
                "sno": 500108058,
                "available_rent_general_bikes": 3,
                "available_return_bikes": 21,
                "total_bikes": 24
            },
            "geometry": {
                "type": "Point",
                "coordinates": [
                    121.60223,
                    25.07332
                ]
            }
        },
        {
            "type": "Feature",
            "properties": {
                "sna": "金湖路347巷125弄口",
                "sno": 500108059,
                "available_rent_general_bikes": 0,
                "available_return_bikes": 10,
                "total_bikes": 10
            },
            "geometry": {
                "type": "Point",
                "coordinates": [
                    121.59834,
                    25.0733
                ]
            }
        },
        {
            "type": "Feature",
            "properties": {
                "sna": "碧湖公園",
                "sno": 500108060,
                "available_rent_general_bikes": 10,
                "available_return_bikes": 15,
                "total_bikes": 25
            },
            "geometry": {
                "type": "Point",
                "coordinates": [
                    121.58287,
                    25.07988
                ]
            }
        },
        {
            "type": "Feature",
            "properties": {
                "sna": "碧湖公園(內湖路二段103巷)",
                "sno": 500108061,
                "available_rent_general_bikes": 2,
                "available_return_bikes": 16,
                "total_bikes": 18
            },
            "geometry": {
                "type": "Point",
                "coordinates": [
                    121.58109,
                    25.08317
                ]
            }
        },
        {
            "type": "Feature",
            "properties": {
                "sna": "貿七社區",
                "sno": 500108062,
                "available_rent_general_bikes": 7,
                "available_return_bikes": 9,
                "total_bikes": 16
            },
            "geometry": {
                "type": "Point",
                "coordinates": [
                    121.58534,
                    25.08357
                ]
            }
        },
        {
            "type": "Feature",
            "properties": {
                "sna": "內湖區農會",
                "sno": 500108063,
                "available_rent_general_bikes": 4,
                "available_return_bikes": 8,
                "total_bikes": 12
            },
            "geometry": {
                "type": "Point",
                "coordinates": [
                    121.58891,
                    25.08165
                ]
            }
        },
        {
            "type": "Feature",
            "properties": {
                "sna": "捷運內湖站(2號出口)",
                "sno": 500108064,
                "available_rent_general_bikes": 4,
                "available_return_bikes": 1,
                "total_bikes": 5
            },
            "geometry": {
                "type": "Point",
                "coordinates": [
                    121.59454,
                    25.0835
                ]
            }
        },
        {
            "type": "Feature",
            "properties": {
                "sna": "康寧金湖路口",
                "sno": 500108065,
                "available_rent_general_bikes": 5,
                "available_return_bikes": 15,
                "total_bikes": 20
            },
            "geometry": {
                "type": "Point",
                "coordinates": [
                    121.59921,
                    25.07896
                ]
            }
        },
        {
            "type": "Feature",
            "properties": {
                "sna": "康寧路一段156巷20弄口",
                "sno": 500108066,
                "available_rent_general_bikes": 1,
                "available_return_bikes": 17,
                "total_bikes": 18
            },
            "geometry": {
                "type": "Point",
                "coordinates": [
                    121.59354,
                    25.07792
                ]
            }
        },
        {
            "type": "Feature",
            "properties": {
                "sna": "安康公園",
                "sno": 500108067,
                "available_rent_general_bikes": 11,
                "available_return_bikes": 14,
                "total_bikes": 25
            },
            "geometry": {
                "type": "Point",
                "coordinates": [
                    121.6136,
                    25.06657
                ]
            }
        },
        {
            "type": "Feature",
            "properties": {
                "sna": "安泰街83巷",
                "sno": 500108068,
                "available_rent_general_bikes": 7,
                "available_return_bikes": 24,
                "total_bikes": 31
            },
            "geometry": {
                "type": "Point",
                "coordinates": [
                    121.61709,
                    25.07669
                ]
            }
        },
        {
            "type": "Feature",
            "properties": {
                "sna": "內溝溪生態展示館",
                "sno": 500108069,
                "available_rent_general_bikes": 8,
                "available_return_bikes": 8,
                "total_bikes": 16
            },
            "geometry": {
                "type": "Point",
                "coordinates": [
                    121.62306,
                    25.08722
                ]
            }
        },
        {
            "type": "Feature",
            "properties": {
                "sna": "捷運港墘站(2號出口)",
                "sno": 500108070,
                "available_rent_general_bikes": 0,
                "available_return_bikes": 47,
                "total_bikes": 47
            },
            "geometry": {
                "type": "Point",
                "coordinates": [
                    121.57584,
                    25.07967
                ]
            }
        },
        {
            "type": "Feature",
            "properties": {
                "sna": "東湖國中",
                "sno": 500108071,
                "available_rent_general_bikes": 4,
                "available_return_bikes": 38,
                "total_bikes": 42
            },
            "geometry": {
                "type": "Point",
                "coordinates": [
                    121.61962,
                    25.07334
                ]
            }
        },
        {
            "type": "Feature",
            "properties": {
                "sna": "石潭公園(安康路)",
                "sno": 500108072,
                "available_rent_general_bikes": 16,
                "available_return_bikes": 2,
                "total_bikes": 18
            },
            "geometry": {
                "type": "Point",
                "coordinates": [
                    121.59334,
                    25.06261
                ]
            }
        },
        {
            "type": "Feature",
            "properties": {
                "sna": "內湖垃圾焚化廠",
                "sno": 500108073,
                "available_rent_general_bikes": 15,
                "available_return_bikes": 5,
                "total_bikes": 20
            },
            "geometry": {
                "type": "Point",
                "coordinates": [
                    121.60347,
                    25.06209
                ]
            }
        },
        {
            "type": "Feature",
            "properties": {
                "sna": "康寧公園(北側)",
                "sno": 500108074,
                "available_rent_general_bikes": 9,
                "available_return_bikes": 11,
                "total_bikes": 20
            },
            "geometry": {
                "type": "Point",
                "coordinates": [
                    121.61019,
                    25.06927
                ]
            }
        },
        {
            "type": "Feature",
            "properties": {
                "sna": "康寧路三段54巷口",
                "sno": 500108075,
                "available_rent_general_bikes": 3,
                "available_return_bikes": 12,
                "total_bikes": 15
            },
            "geometry": {
                "type": "Point",
                "coordinates": [
                    121.60936,
                    25.0716
                ]
            }
        },
        {
            "type": "Feature",
            "properties": {
                "sna": "行善路25巷口",
                "sno": 500108076,
                "available_rent_general_bikes": 6,
                "available_return_bikes": 14,
                "total_bikes": 20
            },
            "geometry": {
                "type": "Point",
                "coordinates": [
                    121.57658,
                    25.05707
                ]
            }
        },
        {
            "type": "Feature",
            "properties": {
                "sna": "新明路460巷口",
                "sno": 500108077,
                "available_rent_general_bikes": 5,
                "available_return_bikes": 15,
                "total_bikes": 20
            },
            "geometry": {
                "type": "Point",
                "coordinates": [
                    121.57823,
                    25.05503
                ]
            }
        },
        {
            "type": "Feature",
            "properties": {
                "sna": "下灣公園",
                "sno": 500108078,
                "available_rent_general_bikes": 11,
                "available_return_bikes": 18,
                "total_bikes": 29
            },
            "geometry": {
                "type": "Point",
                "coordinates": [
                    121.59561,
                    25.06516
                ]
            }
        },
        {
            "type": "Feature",
            "properties": {
                "sna": "民權東路六段245巷口",
                "sno": 500108079,
                "available_rent_general_bikes": 6,
                "available_return_bikes": 8,
                "total_bikes": 14
            },
            "geometry": {
                "type": "Point",
                "coordinates": [
                    121.60059,
                    25.06708
                ]
            }
        },
        {
            "type": "Feature",
            "properties": {
                "sna": "東湖國小",
                "sno": 500108081,
                "available_rent_general_bikes": 1,
                "available_return_bikes": 28,
                "total_bikes": 29
            },
            "geometry": {
                "type": "Point",
                "coordinates": [
                    121.61532,
                    25.06854
                ]
            }
        },
        {
            "type": "Feature",
            "properties": {
                "sna": "捷運內湖站(1號出口)",
                "sno": 500108082,
                "available_rent_general_bikes": 5,
                "available_return_bikes": 20,
                "total_bikes": 25
            },
            "geometry": {
                "type": "Point",
                "coordinates": [
                    121.59406,
                    25.08373
                ]
            }
        },
        {
            "type": "Feature",
            "properties": {
                "sna": "瑞光港墘路口",
                "sno": 500108083,
                "available_rent_general_bikes": 9,
                "available_return_bikes": 19,
                "total_bikes": 28
            },
            "geometry": {
                "type": "Point",
                "coordinates": [
                    121.57487,
                    25.07611
                ]
            }
        },
        {
            "type": "Feature",
            "properties": {
                "sna": "瑞湖陽光街口",
                "sno": 500108084,
                "available_rent_general_bikes": 19,
                "available_return_bikes": 3,
                "total_bikes": 22
            },
            "geometry": {
                "type": "Point",
                "coordinates": [
                    121.57603,
                    25.07296
                ]
            }
        },
        {
            "type": "Feature",
            "properties": {
                "sna": "金龍公園",
                "sno": 500108085,
                "available_rent_general_bikes": 3,
                "available_return_bikes": 12,
                "total_bikes": 15
            },
            "geometry": {
                "type": "Point",
                "coordinates": [
                    121.59076,
                    25.08554
                ]
            }
        },
        {
            "type": "Feature",
            "properties": {
                "sna": "星雲街138巷1弄口",
                "sno": 500108086,
                "available_rent_general_bikes": 3,
                "available_return_bikes": 18,
                "total_bikes": 21
            },
            "geometry": {
                "type": "Point",
                "coordinates": [
                    121.59544,
                    25.07943
                ]
            }
        },
        {
            "type": "Feature",
            "properties": {
                "sna": "東湖一號公園",
                "sno": 500108087,
                "available_rent_general_bikes": 6,
                "available_return_bikes": 13,
                "total_bikes": 19
            },
            "geometry": {
                "type": "Point",
                "coordinates": [
                    121.6118,
                    25.07567
                ]
            }
        },
        {
            "type": "Feature",
            "properties": {
                "sna": "東湖二號公園",
                "sno": 500108088,
                "available_rent_general_bikes": 7,
                "available_return_bikes": 17,
                "total_bikes": 24
            },
            "geometry": {
                "type": "Point",
                "coordinates": [
                    121.61075,
                    25.07415
                ]
            }
        },
        {
            "type": "Feature",
            "properties": {
                "sna": "康湖二號公園(康寧醫院)",
                "sno": 500108089,
                "available_rent_general_bikes": 6,
                "available_return_bikes": 19,
                "total_bikes": 25
            },
            "geometry": {
                "type": "Point",
                "coordinates": [
                    121.60857,
                    25.07514
                ]
            }
        },
        {
            "type": "Feature",
            "properties": {
                "sna": "堤頂大道新湖一路口",
                "sno": 500108090,
                "available_rent_general_bikes": 10,
                "available_return_bikes": 8,
                "total_bikes": 18
            },
            "geometry": {
                "type": "Point",
                "coordinates": [
                    121.57354,
                    25.05892
                ]
            }
        },
        {
            "type": "Feature",
            "properties": {
                "sna": "下灣公園(成功路)",
                "sno": 500108091,
                "available_rent_general_bikes": 2,
                "available_return_bikes": 13,
                "total_bikes": 15
            },
            "geometry": {
                "type": "Point",
                "coordinates": [
                    121.5907,
                    25.06682
                ]
            }
        },
        {
            "type": "Feature",
            "properties": {
                "sna": "舊宗行善路口",
                "sno": 500108092,
                "available_rent_general_bikes": 2,
                "available_return_bikes": 19,
                "total_bikes": 21
            },
            "geometry": {
                "type": "Point",
                "coordinates": [
                    121.58062,
                    25.05876
                ]
            }
        },
        {
            "type": "Feature",
            "properties": {
                "sna": "新湖二路250巷口",
                "sno": 500108093,
                "available_rent_general_bikes": 9,
                "available_return_bikes": 8,
                "total_bikes": 17
            },
            "geometry": {
                "type": "Point",
                "coordinates": [
                    121.58262,
                    25.06455
                ]
            }
        },
        {
            "type": "Feature",
            "properties": {
                "sna": "成功路四段41巷口",
                "sno": 500108094,
                "available_rent_general_bikes": 3,
                "available_return_bikes": 9,
                "total_bikes": 12
            },
            "geometry": {
                "type": "Point",
                "coordinates": [
                    121.59205,
                    25.08105
                ]
            }
        },
        {
            "type": "Feature",
            "properties": {
                "sna": "金湖星雲街口",
                "sno": 500108095,
                "available_rent_general_bikes": 1,
                "available_return_bikes": 29,
                "total_bikes": 30
            },
            "geometry": {
                "type": "Point",
                "coordinates": [
                    121.59764,
                    25.08151
                ]
            }
        },
        {
            "type": "Feature",
            "properties": {
                "sna": "國防醫學院",
                "sno": 500108096,
                "available_rent_general_bikes": 13,
                "available_return_bikes": 12,
                "total_bikes": 25
            },
            "geometry": {
                "type": "Point",
                "coordinates": [
                    121.59559,
                    25.06851
                ]
            }
        },
        {
            "type": "Feature",
            "properties": {
                "sna": "民權東路六段190巷117弄口",
                "sno": 500108097,
                "available_rent_general_bikes": 6,
                "available_return_bikes": 18,
                "total_bikes": 24
            },
            "geometry": {
                "type": "Point",
                "coordinates": [
                    121.59399,
                    25.06434
                ]
            }
        },
        {
            "type": "Feature",
            "properties": {
                "sna": "內湖運動中心",
                "sno": 500108098,
                "available_rent_general_bikes": 7,
                "available_return_bikes": 14,
                "total_bikes": 21
            },
            "geometry": {
                "type": "Point",
                "coordinates": [
                    121.57493,
                    25.07848
                ]
            }
        },
        {
            "type": "Feature",
            "properties": {
                "sna": "九華公園",
                "sno": 500108099,
                "available_rent_general_bikes": 0,
                "available_return_bikes": 16,
                "total_bikes": 16
            },
            "geometry": {
                "type": "Point",
                "coordinates": [
                    121.56122,
                    25.08844
                ]
            }
        },
        {
            "type": "Feature",
            "properties": {
                "sna": "內湖路二段179巷口",
                "sno": 500108100,
                "available_rent_general_bikes": 7,
                "available_return_bikes": 14,
                "total_bikes": 21
            },
            "geometry": {
                "type": "Point",
                "coordinates": [
                    121.584,
                    25.08454
                ]
            }
        },
        {
            "type": "Feature",
            "properties": {
                "sna": "行善行愛路口",
                "sno": 500108102,
                "available_rent_general_bikes": 7,
                "available_return_bikes": 5,
                "total_bikes": 12
            },
            "geometry": {
                "type": "Point",
                "coordinates": [
                    121.58286,
                    25.0606
                ]
            }
        },
        {
            "type": "Feature",
            "properties": {
                "sna": "民善新湖二路口(家樂福內湖店)",
                "sno": 500108103,
                "available_rent_general_bikes": 4,
                "available_return_bikes": 16,
                "total_bikes": 20
            },
            "geometry": {
                "type": "Point",
                "coordinates": [
                    121.57552,
                    25.06017
                ]
            }
        },
        {
            "type": "Feature",
            "properties": {
                "sna": "統振大樓",
                "sno": 500108104,
                "available_rent_general_bikes": 5,
                "available_return_bikes": 20,
                "total_bikes": 25
            },
            "geometry": {
                "type": "Point",
                "coordinates": [
                    121.60138,
                    25.06007
                ]
            }
        },
        {
            "type": "Feature",
            "properties": {
                "sna": "陽光街161巷口",
                "sno": 500108105,
                "available_rent_general_bikes": 8,
                "available_return_bikes": 8,
                "total_bikes": 16
            },
            "geometry": {
                "type": "Point",
                "coordinates": [
                    121.58584,
                    25.07433
                ]
            }
        },
        {
            "type": "Feature",
            "properties": {
                "sna": "潭美公園(南京東路六段368巷)",
                "sno": 500108106,
                "available_rent_general_bikes": 15,
                "available_return_bikes": 7,
                "total_bikes": 22
            },
            "geometry": {
                "type": "Point",
                "coordinates": [
                    121.58617,
                    25.05928
                ]
            }
        },
        {
            "type": "Feature",
            "properties": {
                "sna": "西康二號公園",
                "sno": 500108107,
                "available_rent_general_bikes": 7,
                "available_return_bikes": 11,
                "total_bikes": 18
            },
            "geometry": {
                "type": "Point",
                "coordinates": [
                    121.5637,
                    25.08503
                ]
            }
        },
        {
            "type": "Feature",
            "properties": {
                "sna": "三民國中(民權東路六段47巷)",
                "sno": 500108108,
                "available_rent_general_bikes": 2,
                "available_return_bikes": 11,
                "total_bikes": 13
            },
            "geometry": {
                "type": "Point",
                "coordinates": [
                    121.58692,
                    25.06935
                ]
            }
        },
        {
            "type": "Feature",
            "properties": {
                "sna": "瑞光路76巷口",
                "sno": 500108109,
                "available_rent_general_bikes": 10,
                "available_return_bikes": 2,
                "total_bikes": 12
            },
            "geometry": {
                "type": "Point",
                "coordinates": [
                    121.58125,
                    25.07168
                ]
            }
        },
        {
            "type": "Feature",
            "properties": {
                "sna": "捷運東湖站",
                "sno": 500108110,
                "available_rent_general_bikes": 17,
                "available_return_bikes": 18,
                "total_bikes": 35
            },
            "geometry": {
                "type": "Point",
                "coordinates": [
                    121.61351,
                    25.06664
                ]
            }
        },
        {
            "type": "Feature",
            "properties": {
                "sna": "新湖國小",
                "sno": 500108111,
                "available_rent_general_bikes": 7,
                "available_return_bikes": 16,
                "total_bikes": 23
            },
            "geometry": {
                "type": "Point",
                "coordinates": [
                    121.58923,
                    25.06874
                ]
            }
        },
        {
            "type": "Feature",
            "properties": {
                "sna": "碧山內湖路口",
                "sno": 500108112,
                "available_rent_general_bikes": 4,
                "available_return_bikes": 12,
                "total_bikes": 16
            },
            "geometry": {
                "type": "Point",
                "coordinates": [
                    121.5914,
                    25.08627
                ]
            }
        },
        {
            "type": "Feature",
            "properties": {
                "sna": "民權東路六段413巷",
                "sno": 500108115,
                "available_rent_general_bikes": 8,
                "available_return_bikes": 16,
                "total_bikes": 24
            },
            "geometry": {
                "type": "Point",
                "coordinates": [
                    121.60352,
                    25.07038
                ]
            }
        },
        {
            "type": "Feature",
            "properties": {
                "sna": "宏匯瑞光廣場(瑞光路)",
                "sno": 500108116,
                "available_rent_general_bikes": 2,
                "available_return_bikes": 11,
                "total_bikes": 13
            },
            "geometry": {
                "type": "Point",
                "coordinates": [
                    121.57433,
                    25.07676
                ]
            }
        },
        {
            "type": "Feature",
            "properties": {
                "sna": "宏匯瑞光廣場(港墘路)",
                "sno": 500108117,
                "available_rent_general_bikes": 2,
                "available_return_bikes": 18,
                "total_bikes": 20
            },
            "geometry": {
                "type": "Point",
                "coordinates": [
                    121.57562,
                    25.07777
                ]
            }
        },
        {
            "type": "Feature",
            "properties": {
                "sna": "康樂街151巷",
                "sno": 500108118,
                "available_rent_general_bikes": 8,
                "available_return_bikes": 16,
                "total_bikes": 24
            },
            "geometry": {
                "type": "Point",
                "coordinates": [
                    121.61955,
                    25.07192
                ]
            }
        },
        {
            "type": "Feature",
            "properties": {
                "sna": "內湖路一段360巷",
                "sno": 500108119,
                "available_rent_general_bikes": 9,
                "available_return_bikes": 4,
                "total_bikes": 13
            },
            "geometry": {
                "type": "Point",
                "coordinates": [
                    121.57067,
                    25.0812
                ]
            }
        },
        {
            "type": "Feature",
            "properties": {
                "sna": "成功路三段83號前",
                "sno": 500108120,
                "available_rent_general_bikes": 2,
                "available_return_bikes": 8,
                "total_bikes": 10
            },
            "geometry": {
                "type": "Point",
                "coordinates": [
                    121.5898,
                    25.07823
                ]
            }
        },
        {
            "type": "Feature",
            "properties": {
                "sna": "內湖路一段47巷",
                "sno": 500108121,
                "available_rent_general_bikes": 14,
                "available_return_bikes": 8,
                "total_bikes": 22
            },
            "geometry": {
                "type": "Point",
                "coordinates": [
                    121.55872,
                    25.08781
                ]
            }
        },
        {
            "type": "Feature",
            "properties": {
                "sna": "陽光舊宗路口",
                "sno": 500108122,
                "available_rent_general_bikes": 11,
                "available_return_bikes": 7,
                "total_bikes": 18
            },
            "geometry": {
                "type": "Point",
                "coordinates": [
                    121.57416,
                    25.07243
                ]
            }
        },
        {
            "type": "Feature",
            "properties": {
                "sna": "安湖公園",
                "sno": 500108123,
                "available_rent_general_bikes": 1,
                "available_return_bikes": 13,
                "total_bikes": 14
            },
            "geometry": {
                "type": "Point",
                "coordinates": [
                    121.61545,
                    25.07392
                ]
            }
        },
        {
            "type": "Feature",
            "properties": {
                "sna": "湖興公園",
                "sno": 500108124,
                "available_rent_general_bikes": 10,
                "available_return_bikes": 5,
                "total_bikes": 15
            },
            "geometry": {
                "type": "Point",
                "coordinates": [
                    121.58913,
                    25.06671
                ]
            }
        },
        {
            "type": "Feature",
            "properties": {
                "sna": "安泰街(康樂橋下)",
                "sno": 500108126,
                "available_rent_general_bikes": 3,
                "available_return_bikes": 17,
                "total_bikes": 20
            },
            "geometry": {
                "type": "Point",
                "coordinates": [
                    121.61666,
                    25.07849
                ]
            }
        },
        {
            "type": "Feature",
            "properties": {
                "sna": "康樂綠地",
                "sno": 500108127,
                "available_rent_general_bikes": 11,
                "available_return_bikes": 9,
                "total_bikes": 20
            },
            "geometry": {
                "type": "Point",
                "coordinates": [
                    121.6203,
                    25.07539
                ]
            }
        },
        {
            "type": "Feature",
            "properties": {
                "sna": "捷運港墘站(1號出口)",
                "sno": 500108128,
                "available_rent_general_bikes": 8,
                "available_return_bikes": 14,
                "total_bikes": 22
            },
            "geometry": {
                "type": "Point",
                "coordinates": [
                    121.57568,
                    25.08004
                ]
            }
        },
        {
            "type": "Feature",
            "properties": {
                "sna": "明美公園(行善路333巷)",
                "sno": 500108129,
                "available_rent_general_bikes": 10,
                "available_return_bikes": 5,
                "total_bikes": 15
            },
            "geometry": {
                "type": "Point",
                "coordinates": [
                    121.5866,
                    25.06058
                ]
            }
        },
        {
            "type": "Feature",
            "properties": {
                "sna": "舊宗新湖三路口",
                "sno": 500108131,
                "available_rent_general_bikes": 12,
                "available_return_bikes": 11,
                "total_bikes": 23
            },
            "geometry": {
                "type": "Point",
                "coordinates": [
                    121.57681,
                    25.06321
                ]
            }
        },
        {
            "type": "Feature",
            "properties": {
                "sna": "內湖運動公園",
                "sno": 500108132,
                "available_rent_general_bikes": 11,
                "available_return_bikes": 14,
                "total_bikes": 25
            },
            "geometry": {
                "type": "Point",
                "coordinates": [
                    121.57513,
                    25.06745
                ]
            }
        },
        {
            "type": "Feature",
            "properties": {
                "sna": "內湖路三段326巷口",
                "sno": 500108133,
                "available_rent_general_bikes": 2,
                "available_return_bikes": 18,
                "total_bikes": 20
            },
            "geometry": {
                "type": "Point",
                "coordinates": [
                    121.58352,
                    25.08968
                ]
            }
        },
        {
            "type": "Feature",
            "properties": {
                "sna": "成功公園",
                "sno": 500108134,
                "available_rent_general_bikes": 3,
                "available_return_bikes": 8,
                "total_bikes": 11
            },
            "geometry": {
                "type": "Point",
                "coordinates": [
                    121.59665,
                    25.08416
                ]
            }
        },
        {
            "type": "Feature",
            "properties": {
                "sna": "康寧路三段189巷93弄口",
                "sno": 500108135,
                "available_rent_general_bikes": 1,
                "available_return_bikes": 13,
                "total_bikes": 14
            },
            "geometry": {
                "type": "Point",
                "coordinates": [
                    121.61258,
                    25.0735
                ]
            }
        },
        {
            "type": "Feature",
            "properties": {
                "sna": "中國醫藥大學附設醫院臺北分院",
                "sno": 500108136,
                "available_rent_general_bikes": 3,
                "available_return_bikes": 13,
                "total_bikes": 16
            },
            "geometry": {
                "type": "Point",
                "coordinates": [
                    121.5909,
                    25.08227
                ]
            }
        },
        {
            "type": "Feature",
            "properties": {
                "sna": "康樂抽水站",
                "sno": 500108137,
                "available_rent_general_bikes": 3,
                "available_return_bikes": 21,
                "total_bikes": 24
            },
            "geometry": {
                "type": "Point",
                "coordinates": [
                    121.61732,
                    25.06643
                ]
            }
        },
        {
            "type": "Feature",
            "properties": {
                "sna": "環山路三段16巷口",
                "sno": 500108138,
                "available_rent_general_bikes": 1,
                "available_return_bikes": 12,
                "total_bikes": 13
            },
            "geometry": {
                "type": "Point",
                "coordinates": [
                    121.57945,
                    25.08464
                ]
            }
        },
        {
            "type": "Feature",
            "properties": {
                "sna": "文德一號綠地",
                "sno": 500108139,
                "available_rent_general_bikes": 4,
                "available_return_bikes": 10,
                "total_bikes": 14
            },
            "geometry": {
                "type": "Point",
                "coordinates": [
                    121.58302,
                    25.0786
                ]
            }
        },
        {
            "type": "Feature",
            "properties": {
                "sna": "臺北花市",
                "sno": 500108140,
                "available_rent_general_bikes": 20,
                "available_return_bikes": 10,
                "total_bikes": 30
            },
            "geometry": {
                "type": "Point",
                "coordinates": [
                    121.57427,
                    25.06265
                ]
            }
        },
        {
            "type": "Feature",
            "properties": {
                "sna": "行善社會住宅",
                "sno": 500108141,
                "available_rent_general_bikes": 16,
                "available_return_bikes": 6,
                "total_bikes": 22
            },
            "geometry": {
                "type": "Point",
                "coordinates": [
                    121.58201,
                    25.06126
                ]
            }
        },
        {
            "type": "Feature",
            "properties": {
                "sna": "康寧路三段99巷17弄口",
                "sno": 500108142,
                "available_rent_general_bikes": 5,
                "available_return_bikes": 9,
                "total_bikes": 14
            },
            "geometry": {
                "type": "Point",
                "coordinates": [
                    121.60991,
                    25.0721
                ]
            }
        },
        {
            "type": "Feature",
            "properties": {
                "sna": "堤頂大道二段407巷口",
                "sno": 500108143,
                "available_rent_general_bikes": 10,
                "available_return_bikes": 5,
                "total_bikes": 15
            },
            "geometry": {
                "type": "Point",
                "coordinates": [
                    121.56316,
                    25.08019
                ]
            }
        },
        {
            "type": "Feature",
            "properties": {
                "sna": "海德堡科技大樓",
                "sno": 500108144,
                "available_rent_general_bikes": 7,
                "available_return_bikes": 5,
                "total_bikes": 12
            },
            "geometry": {
                "type": "Point",
                "coordinates": [
                    121.56227,
                    25.08156
                ]
            }
        },
        {
            "type": "Feature",
            "properties": {
                "sna": "致伸科技大樓",
                "sno": 500108145,
                "available_rent_general_bikes": 5,
                "available_return_bikes": 12,
                "total_bikes": 17
            },
            "geometry": {
                "type": "Point",
                "coordinates": [
                    121.5656,
                    25.08067
                ]
            }
        },
        {
            "type": "Feature",
            "properties": {
                "sna": "內湖路一段288巷口",
                "sno": 500108146,
                "available_rent_general_bikes": 1,
                "available_return_bikes": 18,
                "total_bikes": 19
            },
            "geometry": {
                "type": "Point",
                "coordinates": [
                    121.56861,
                    25.08202
                ]
            }
        },
        {
            "type": "Feature",
            "properties": {
                "sna": "大都會客運內湖站",
                "sno": 500108147,
                "available_rent_general_bikes": 3,
                "available_return_bikes": 18,
                "total_bikes": 21
            },
            "geometry": {
                "type": "Point",
                "coordinates": [
                    121.57784,
                    25.06749
                ]
            }
        },
        {
            "type": "Feature",
            "properties": {
                "sna": "瑞湖公園",
                "sno": 500108148,
                "available_rent_general_bikes": 2,
                "available_return_bikes": 11,
                "total_bikes": 13
            },
            "geometry": {
                "type": "Point",
                "coordinates": [
                    121.57711,
                    25.06888
                ]
            }
        },
        {
            "type": "Feature",
            "properties": {
                "sna": "台灣世曦大樓",
                "sno": 500108150,
                "available_rent_general_bikes": 15,
                "available_return_bikes": 1,
                "total_bikes": 16
            },
            "geometry": {
                "type": "Point",
                "coordinates": [
                    121.57848,
                    25.07345
                ]
            }
        },
        {
            "type": "Feature",
            "properties": {
                "sna": "遠雄時代總部",
                "sno": 500108151,
                "available_rent_general_bikes": 2,
                "available_return_bikes": 10,
                "total_bikes": 12
            },
            "geometry": {
                "type": "Point",
                "coordinates": [
                    121.57103,
                    25.07821
                ]
            }
        },
        {
            "type": "Feature",
            "properties": {
                "sna": "瑞光路358巷口",
                "sno": 500108152,
                "available_rent_general_bikes": 3,
                "available_return_bikes": 8,
                "total_bikes": 11
            },
            "geometry": {
                "type": "Point",
                "coordinates": [
                    121.5727,
                    25.07733
                ]
            }
        },
        {
            "type": "Feature",
            "properties": {
                "sna": "大港墘公園(洲子街)",
                "sno": 500108153,
                "available_rent_general_bikes": 0,
                "available_return_bikes": 16,
                "total_bikes": 16
            },
            "geometry": {
                "type": "Point",
                "coordinates": [
                    121.5737,
                    25.07897
                ]
            }
        },
        {
            "type": "Feature",
            "properties": {
                "sna": "世紀經貿",
                "sno": 500108154,
                "available_rent_general_bikes": 4,
                "available_return_bikes": 12,
                "total_bikes": 16
            },
            "geometry": {
                "type": "Point",
                "coordinates": [
                    121.57361,
                    25.08049
                ]
            }
        },
        {
            "type": "Feature",
            "properties": {
                "sna": "民權東路六段56巷口",
                "sno": 500108156,
                "available_rent_general_bikes": 20,
                "available_return_bikes": 4,
                "total_bikes": 24
            },
            "geometry": {
                "type": "Point",
                "coordinates": [
                    121.58488,
                    25.06805
                ]
            }
        },
        {
            "type": "Feature",
            "properties": {
                "sna": "新湖三行忠路72巷口",
                "sno": 500108157,
                "available_rent_general_bikes": 11,
                "available_return_bikes": 7,
                "total_bikes": 18
            },
            "geometry": {
                "type": "Point",
                "coordinates": [
                    121.58206,
                    25.06605
                ]
            }
        },
        {
            "type": "Feature",
            "properties": {
                "sna": "新湖三新湖二146巷口",
                "sno": 500108158,
                "available_rent_general_bikes": 13,
                "available_return_bikes": 12,
                "total_bikes": 25
            },
            "geometry": {
                "type": "Point",
                "coordinates": [
                    121.57787,
                    25.06407
                ]
            }
        },
        {
            "type": "Feature",
            "properties": {
                "sna": "舊宗新湖二路口",
                "sno": 500108159,
                "available_rent_general_bikes": 11,
                "available_return_bikes": 13,
                "total_bikes": 24
            },
            "geometry": {
                "type": "Point",
                "coordinates": [
                    121.57811,
                    25.06151
                ]
            }
        },
        {
            "type": "Feature",
            "properties": {
                "sna": "新光基湖大樓",
                "sno": 500108160,
                "available_rent_general_bikes": 13,
                "available_return_bikes": 5,
                "total_bikes": 18
            },
            "geometry": {
                "type": "Point",
                "coordinates": [
                    121.56489,
                    25.08152
                ]
            }
        },
        {
            "type": "Feature",
            "properties": {
                "sna": "內湖路一段120巷15弄",
                "sno": 500108161,
                "available_rent_general_bikes": 22,
                "available_return_bikes": 10,
                "total_bikes": 32
            },
            "geometry": {
                "type": "Point",
                "coordinates": [
                    121.56298,
                    25.08203
                ]
            }
        },
        {
            "type": "Feature",
            "properties": {
                "sna": "北勢湖環保公園(堤頂大道側)",
                "sno": 500108162,
                "available_rent_general_bikes": 5,
                "available_return_bikes": 13,
                "total_bikes": 18
            },
            "geometry": {
                "type": "Point",
                "coordinates": [
                    121.56154,
                    25.08318
                ]
            }
        },
        {
            "type": "Feature",
            "properties": {
                "sna": "達爾文大樓",
                "sno": 500108164,
                "available_rent_general_bikes": 13,
                "available_return_bikes": 1,
                "total_bikes": 14
            },
            "geometry": {
                "type": "Point",
                "coordinates": [
                    121.57277,
                    25.07941
                ]
            }
        },
        {
            "type": "Feature",
            "properties": {
                "sna": "東湖四號公園",
                "sno": 500108165,
                "available_rent_general_bikes": 4,
                "available_return_bikes": 24,
                "total_bikes": 28
            },
            "geometry": {
                "type": "Point",
                "coordinates": [
                    121.61803,
                    25.07074
                ]
            }
        },
        {
            "type": "Feature",
            "properties": {
                "sna": "加瑪科技中心",
                "sno": 500108166,
                "available_rent_general_bikes": 10,
                "available_return_bikes": 2,
                "total_bikes": 12
            },
            "geometry": {
                "type": "Point",
                "coordinates": [
                    121.5705,
                    25.08035
                ]
            }
        },
        {
            "type": "Feature",
            "properties": {
                "sna": "福壽公園",
                "sno": 500108167,
                "available_rent_general_bikes": 1,
                "available_return_bikes": 13,
                "total_bikes": 14
            },
            "geometry": {
                "type": "Point",
                "coordinates": [
                    121.59625,
                    25.07983
                ]
            }
        },
        {
            "type": "Feature",
            "properties": {
                "sna": "捷運西湖站(1號出口)內湖路側",
                "sno": 500108168,
                "available_rent_general_bikes": 2,
                "available_return_bikes": 10,
                "total_bikes": 12
            },
            "geometry": {
                "type": "Point",
                "coordinates": [
                    121.56709,
                    25.08227
                ]
            }
        },
        {
            "type": "Feature",
            "properties": {
                "sna": "威剛科技總部",
                "sno": 500108169,
                "available_rent_general_bikes": 16,
                "available_return_bikes": 9,
                "total_bikes": 25
            },
            "geometry": {
                "type": "Point",
                "coordinates": [
                    121.60033,
                    25.06153
                ]
            }
        },
        {
            "type": "Feature",
            "properties": {
                "sna": "太陽科技廣場",
                "sno": 500108170,
                "available_rent_general_bikes": 12,
                "available_return_bikes": 3,
                "total_bikes": 15
            },
            "geometry": {
                "type": "Point",
                "coordinates": [
                    121.56161,
                    25.08514
                ]
            }
        },
        {
            "type": "Feature",
            "properties": {
                "sna": "瑞光路316巷",
                "sno": 500108171,
                "available_rent_general_bikes": 6,
                "available_return_bikes": 12,
                "total_bikes": 18
            },
            "geometry": {
                "type": "Point",
                "coordinates": [
                    121.57341,
                    25.07567
                ]
            }
        },
        {
            "type": "Feature",
            "properties": {
                "sna": "文德路220巷口",
                "sno": 500108172,
                "available_rent_general_bikes": 2,
                "available_return_bikes": 13,
                "total_bikes": 15
            },
            "geometry": {
                "type": "Point",
                "coordinates": [
                    121.58796,
                    25.07862
                ]
            }
        },
        {
            "type": "Feature",
            "properties": {
                "sna": "長壽抽水站",
                "sno": 500108173,
                "available_rent_general_bikes": 4,
                "available_return_bikes": 10,
                "total_bikes": 14
            },
            "geometry": {
                "type": "Point",
                "coordinates": [
                    121.59662,
                    25.06099
                ]
            }
        },
        {
            "type": "Feature",
            "properties": {
                "sna": "捷運葫洲站(2號出口)",
                "sno": 500108174,
                "available_rent_general_bikes": 13,
                "available_return_bikes": 2,
                "total_bikes": 15
            },
            "geometry": {
                "type": "Point",
                "coordinates": [
                    121.60692,
                    25.07264
                ]
            }
        },
        {
            "type": "Feature",
            "properties": {
                "sna": "五分埤",
                "sno": 500108175,
                "available_rent_general_bikes": 5,
                "available_return_bikes": 9,
                "total_bikes": 14
            },
            "geometry": {
                "type": "Point",
                "coordinates": [
                    121.62257,
                    25.07595
                ]
            }
        },
        {
            "type": "Feature",
            "properties": {
                "sna": "環山路三段1巷(麗山高中)",
                "sno": 500108176,
                "available_rent_general_bikes": 11,
                "available_return_bikes": 5,
                "total_bikes": 16
            },
            "geometry": {
                "type": "Point",
                "coordinates": [
                    121.57876,
                    25.08438
                ]
            }
        },
        {
            "type": "Feature",
            "properties": {
                "sna": "潭美公園(南京東路六段482號)",
                "sno": 500108177,
                "available_rent_general_bikes": 18,
                "available_return_bikes": 9,
                "total_bikes": 27
            },
            "geometry": {
                "type": "Point",
                "coordinates": [
                    121.58898,
                    25.06092
                ]
            }
        },
        {
            "type": "Feature",
            "properties": {
                "sna": "美善公園",
                "sno": 500108178,
                "available_rent_general_bikes": 3,
                "available_return_bikes": 19,
                "total_bikes": 22
            },
            "geometry": {
                "type": "Point",
                "coordinates": [
                    121.57861,
                    25.05703
                ]
            }
        },
        {
            "type": "Feature",
            "properties": {
                "sna": "潭美公園(新明路298巷)",
                "sno": 500108179,
                "available_rent_general_bikes": 1,
                "available_return_bikes": 25,
                "total_bikes": 26
            },
            "geometry": {
                "type": "Point",
                "coordinates": [
                    121.58173,
                    25.05698
                ]
            }
        },
        {
            "type": "Feature",
            "properties": {
                "sna": "麗山國小(內湖路一段411巷)",
                "sno": 500108181,
                "available_rent_general_bikes": 0,
                "available_return_bikes": 22,
                "total_bikes": 22
            },
            "geometry": {
                "type": "Point",
                "coordinates": [
                    121.57189,
                    25.08389
                ]
            }
        },
        {
            "type": "Feature",
            "properties": {
                "sna": "行善路417巷",
                "sno": 500108182,
                "available_rent_general_bikes": 8,
                "available_return_bikes": 17,
                "total_bikes": 25
            },
            "geometry": {
                "type": "Point",
                "coordinates": [
                    121.58654,
                    25.06468
                ]
            }
        },
        {
            "type": "Feature",
            "properties": {
                "sna": "明湖國小(康寧路三段165巷23弄)",
                "sno": 500108183,
                "available_rent_general_bikes": 0,
                "available_return_bikes": 25,
                "total_bikes": 25
            },
            "geometry": {
                "type": "Point",
                "coordinates": [
                    121.61177,
                    25.07165
                ]
            }
        },
        {
            "type": "Feature",
            "properties": {
                "sna": "康寧路三段70巷153號",
                "sno": 500108184,
                "available_rent_general_bikes": 10,
                "available_return_bikes": 9,
                "total_bikes": 19
            },
            "geometry": {
                "type": "Point",
                "coordinates": [
                    121.60803,
                    25.06658
                ]
            }
        },
        {
            "type": "Feature",
            "properties": {
                "sna": "東湖立體停車場",
                "sno": 500108185,
                "available_rent_general_bikes": 8,
                "available_return_bikes": 7,
                "total_bikes": 15
            },
            "geometry": {
                "type": "Point",
                "coordinates": [
                    121.6122,
                    25.0692
                ]
            }
        },
        {
            "type": "Feature",
            "properties": {
                "sna": "明美公園(南京東路六段451巷口)",
                "sno": 500108186,
                "available_rent_general_bikes": 23,
                "available_return_bikes": 5,
                "total_bikes": 28
            },
            "geometry": {
                "type": "Point",
                "coordinates": [
                    121.58757,
                    25.06082
                ]
            }
        },
        {
            "type": "Feature",
            "properties": {
                "sna": "文德路66巷14弄",
                "sno": 500108187,
                "available_rent_general_bikes": 2,
                "available_return_bikes": 16,
                "total_bikes": 18
            },
            "geometry": {
                "type": "Point",
                "coordinates": [
                    121.58096,
                    25.07712
                ]
            }
        },
        {
            "type": "Feature",
            "properties": {
                "sna": "捷運東湖站(3號出口)",
                "sno": 500108188,
                "available_rent_general_bikes": 16,
                "available_return_bikes": 8,
                "total_bikes": 24
            },
            "geometry": {
                "type": "Point",
                "coordinates": [
                    121.61194,
                    25.06701
                ]
            }
        },
        {
            "type": "Feature",
            "properties": {
                "sna": "捷運大湖公園站(1號出口)",
                "sno": 500108189,
                "available_rent_general_bikes": 10,
                "available_return_bikes": 12,
                "total_bikes": 22
            },
            "geometry": {
                "type": "Point",
                "coordinates": [
                    121.60253,
                    25.08383
                ]
            }
        },
        {
            "type": "Feature",
            "properties": {
                "sna": "內湖路一段1巷口",
                "sno": 500108190,
                "available_rent_general_bikes": 0,
                "available_return_bikes": 20,
                "total_bikes": 20
            },
            "geometry": {
                "type": "Point",
                "coordinates": [
                    121.558,
                    25.08533
                ]
            }
        },
        {
            "type": "Feature",
            "properties": {
                "sna": "環山路一段136巷口",
                "sno": 500108191,
                "available_rent_general_bikes": 9,
                "available_return_bikes": 19,
                "total_bikes": 28
            },
            "geometry": {
                "type": "Point",
                "coordinates": [
                    121.56928,
                    25.08645
                ]
            }
        },
        {
            "type": "Feature",
            "properties": {
                "sna": "上灣公園",
                "sno": 500108192,
                "available_rent_general_bikes": 10,
                "available_return_bikes": 12,
                "total_bikes": 22
            },
            "geometry": {
                "type": "Point",
                "coordinates": [
                    121.59778,
                    25.06572
                ]
            }
        },
        {
            "type": "Feature",
            "properties": {
                "sna": "湖興公園(成功路)",
                "sno": 500108193,
                "available_rent_general_bikes": 3,
                "available_return_bikes": 14,
                "total_bikes": 17
            },
            "geometry": {
                "type": "Point",
                "coordinates": [
                    121.59048,
                    25.06703
                ]
            }
        },
        {
            "type": "Feature",
            "properties": {
                "sna": "文德三號公園(文德路)",
                "sno": 500108194,
                "available_rent_general_bikes": 12,
                "available_return_bikes": 8,
                "total_bikes": 20
            },
            "geometry": {
                "type": "Point",
                "coordinates": [
                    121.58076,
                    25.07834
                ]
            }
        },
        {
            "type": "Feature",
            "properties": {
                "sna": "康寧路一段218巷2弄口",
                "sno": 500108195,
                "available_rent_general_bikes": 1,
                "available_return_bikes": 17,
                "total_bikes": 18
            },
            "geometry": {
                "type": "Point",
                "coordinates": [
                    121.59652,
                    25.07837
                ]
            }
        },
        {
            "type": "Feature",
            "properties": {
                "sna": "星雲街210巷口",
                "sno": 500108196,
                "available_rent_general_bikes": 4,
                "available_return_bikes": 12,
                "total_bikes": 16
            },
            "geometry": {
                "type": "Point",
                "coordinates": [
                    121.59793,
                    25.07966
                ]
            }
        },
        {
            "type": "Feature",
            "properties": {
                "sna": "成功路二段406巷口",
                "sno": 500108197,
                "available_rent_general_bikes": 7,
                "available_return_bikes": 13,
                "total_bikes": 20
            },
            "geometry": {
                "type": "Point",
                "coordinates": [
                    121.59,
                    25.07077
                ]
            }
        },
        {
            "type": "Feature",
            "properties": {
                "sna": "承德路七段304巷口",
                "sno": 500109001,
                "available_rent_general_bikes": 18,
                "available_return_bikes": 6,
                "total_bikes": 24
            },
            "geometry": {
                "type": "Point",
                "coordinates": [
                    121.5048,
                    25.1168
                ]
            }
        },
        {
            "type": "Feature",
            "properties": {
                "sna": "洲美運動公園",
                "sno": 500109002,
                "available_rent_general_bikes": 18,
                "available_return_bikes": 6,
                "total_bikes": 24
            },
            "geometry": {
                "type": "Point",
                "coordinates": [
                    121.49886,
                    25.10981
                ]
            }
        },
        {
            "type": "Feature",
            "properties": {
                "sna": "榮華二明德路口",
                "sno": 500109003,
                "available_rent_general_bikes": 0,
                "available_return_bikes": 30,
                "total_bikes": 30
            },
            "geometry": {
                "type": "Point",
                "coordinates": [
                    121.52255,
                    25.11357
                ]
            }
        },
        {
            "type": "Feature",
            "properties": {
                "sna": "捷運明德站(1號出口)",
                "sno": 500109004,
                "available_rent_general_bikes": 5,
                "available_return_bikes": 17,
                "total_bikes": 22
            },
            "geometry": {
                "type": "Point",
                "coordinates": [
                    121.51936,
                    25.10896
                ]
            }
        },
        {
            "type": "Feature",
            "properties": {
                "sna": "文林建民路口",
                "sno": 500109005,
                "available_rent_general_bikes": 10,
                "available_return_bikes": 15,
                "total_bikes": 25
            },
            "geometry": {
                "type": "Point",
                "coordinates": [
                    121.51457,
                    25.10788
                ]
            }
        },
        {
            "type": "Feature",
            "properties": {
                "sna": "永欣綠地",
                "sno": 500109006,
                "available_rent_general_bikes": 17,
                "available_return_bikes": 19,
                "total_bikes": 36
            },
            "geometry": {
                "type": "Point",
                "coordinates": [
                    121.52607,
                    25.12416
                ]
            }
        },
        {
            "type": "Feature",
            "properties": {
                "sna": "關渡宮",
                "sno": 500109007,
                "available_rent_general_bikes": 17,
                "available_return_bikes": 40,
                "total_bikes": 57
            },
            "geometry": {
                "type": "Point",
                "coordinates": [
                    121.46288,
                    25.11739
                ]
            }
        },
        {
            "type": "Feature",
            "properties": {
                "sna": "關渡自然公園",
                "sno": 500109008,
                "available_rent_general_bikes": 15,
                "available_return_bikes": 20,
                "total_bikes": 35
            },
            "geometry": {
                "type": "Point",
                "coordinates": [
                    121.46912,
                    25.11884
                ]
            }
        },
        {
            "type": "Feature",
            "properties": {
                "sna": "關渡醫院",
                "sno": 500109009,
                "available_rent_general_bikes": 10,
                "available_return_bikes": 3,
                "total_bikes": 13
            },
            "geometry": {
                "type": "Point",
                "coordinates": [
                    121.4665,
                    25.1203
                ]
            }
        },
        {
            "type": "Feature",
            "properties": {
                "sna": "捷運忠義站(1號出口)",
                "sno": 500109010,
                "available_rent_general_bikes": 0,
                "available_return_bikes": 30,
                "total_bikes": 30
            },
            "geometry": {
                "type": "Point",
                "coordinates": [
                    121.47365,
                    25.13149
                ]
            }
        },
        {
            "type": "Feature",
            "properties": {
                "sna": "捷運關渡站(1號出口)",
                "sno": 500109011,
                "available_rent_general_bikes": 3,
                "available_return_bikes": 65,
                "total_bikes": 68
            },
            "geometry": {
                "type": "Point",
                "coordinates": [
                    121.46712,
                    25.12397
                ]
            }
        },
        {
            "type": "Feature",
            "properties": {
                "sna": "捷運關渡站(2號出口)",
                "sno": 500109012,
                "available_rent_general_bikes": 14,
                "available_return_bikes": 7,
                "total_bikes": 21
            },
            "geometry": {
                "type": "Point",
                "coordinates": [
                    121.46737,
                    25.12618
                ]
            }
        },
        {
            "type": "Feature",
            "properties": {
                "sna": "中央北路四段540巷口",
                "sno": 500109013,
                "available_rent_general_bikes": 9,
                "available_return_bikes": 14,
                "total_bikes": 23
            },
            "geometry": {
                "type": "Point",
                "coordinates": [
                    121.46782,
                    25.12796
                ]
            }
        },
        {
            "type": "Feature",
            "properties": {
                "sna": "大度立德路口",
                "sno": 500109014,
                "available_rent_general_bikes": 6,
                "available_return_bikes": 12,
                "total_bikes": 18
            },
            "geometry": {
                "type": "Point",
                "coordinates": [
                    121.47092,
                    25.1231
                ]
            }
        },
        {
            "type": "Feature",
            "properties": {
                "sna": "捷運復興崗站(1號出口)",
                "sno": 500109015,
                "available_rent_general_bikes": 24,
                "available_return_bikes": 20,
                "total_bikes": 44
            },
            "geometry": {
                "type": "Point",
                "coordinates": [
                    121.4863,
                    25.1378
                ]
            }
        },
        {
            "type": "Feature",
            "properties": {
                "sna": "捷運復興崗站旅客服務中心",
                "sno": 500109016,
                "available_rent_general_bikes": 10,
                "available_return_bikes": 4,
                "total_bikes": 14
            },
            "geometry": {
                "type": "Point",
                "coordinates": [
                    121.48159,
                    25.13666
                ]
            }
        },
        {
            "type": "Feature",
            "properties": {
                "sna": "豐年公園",
                "sno": 500109017,
                "available_rent_general_bikes": 6,
                "available_return_bikes": 23,
                "total_bikes": 29
            },
            "geometry": {
                "type": "Point",
                "coordinates": [
                    121.49613,
                    25.13475
                ]
            }
        },
        {
            "type": "Feature",
            "properties": {
                "sna": "稻香重三路口",
                "sno": 500109018,
                "available_rent_general_bikes": 1,
                "available_return_bikes": 11,
                "total_bikes": 12
            },
            "geometry": {
                "type": "Point",
                "coordinates": [
                    121.48967,
                    25.13997
                ]
            }
        },
        {
            "type": "Feature",
            "properties": {
                "sna": "國防大學政治作戰學院",
                "sno": 500109019,
                "available_rent_general_bikes": 30,
                "available_return_bikes": 14,
                "total_bikes": 44
            },
            "geometry": {
                "type": "Point",
                "coordinates": [
                    121.49345,
                    25.13776
                ]
            }
        },
        {
            "type": "Feature",
            "properties": {
                "sna": "秀山區民活動中心",
                "sno": 500109020,
                "available_rent_general_bikes": 12,
                "available_return_bikes": 22,
                "total_bikes": 34
            },
            "geometry": {
                "type": "Point",
                "coordinates": [
                    121.49303,
                    25.14582
                ]
            }
        },
        {
            "type": "Feature",
            "properties": {
                "sna": "大業大同街口",
                "sno": 500109022,
                "available_rent_general_bikes": 6,
                "available_return_bikes": 36,
                "total_bikes": 42
            },
            "geometry": {
                "type": "Point",
                "coordinates": [
                    121.49987,
                    25.13691
                ]
            }
        },
        {
            "type": "Feature",
            "properties": {
                "sna": "捷運新北投站",
                "sno": 500109023,
                "available_rent_general_bikes": 2,
                "available_return_bikes": 40,
                "total_bikes": 42
            },
            "geometry": {
                "type": "Point",
                "coordinates": [
                    121.50339,
                    25.13733
                ]
            }
        },
        {
            "type": "Feature",
            "properties": {
                "sna": "捷運北投站",
                "sno": 500109024,
                "available_rent_general_bikes": 16,
                "available_return_bikes": 13,
                "total_bikes": 29
            },
            "geometry": {
                "type": "Point",
                "coordinates": [
                    121.499,
                    25.13187
                ]
            }
        },
        {
            "type": "Feature",
            "properties": {
                "sna": "捷運奇岩站(三合街)",
                "sno": 500109025,
                "available_rent_general_bikes": 14,
                "available_return_bikes": 17,
                "total_bikes": 31
            },
            "geometry": {
                "type": "Point",
                "coordinates": [
                    121.50099,
                    25.12634
                ]
            }
        },
        {
            "type": "Feature",
            "properties": {
                "sna": "八仙里辦公處",
                "sno": 500109026,
                "available_rent_general_bikes": 4,
                "available_return_bikes": 21,
                "total_bikes": 25
            },
            "geometry": {
                "type": "Point",
                "coordinates": [
                    121.50158,
                    25.12297
                ]
            }
        },
        {
            "type": "Feature",
            "properties": {
                "sna": "清江國小",
                "sno": 500109027,
                "available_rent_general_bikes": 0,
                "available_return_bikes": 58,
                "total_bikes": 58
            },
            "geometry": {
                "type": "Point",
                "coordinates": [
                    121.50676,
                    25.12725
                ]
            }
        },
        {
            "type": "Feature",
            "properties": {
                "sna": "大業路300巷口",
                "sno": 500109028,
                "available_rent_general_bikes": 8,
                "available_return_bikes": 10,
                "total_bikes": 18
            },
            "geometry": {
                "type": "Point",
                "coordinates": [
                    121.49782,
                    25.12814
                ]
            }
        },
        {
            "type": "Feature",
            "properties": {
                "sna": "立農公園",
                "sno": 500109029,
                "available_rent_general_bikes": 4,
                "available_return_bikes": 17,
                "total_bikes": 21
            },
            "geometry": {
                "type": "Point",
                "coordinates": [
                    121.50342,
                    25.11798
                ]
            }
        },
        {
            "type": "Feature",
            "properties": {
                "sna": "北投奇岩長青樂活大樓",
                "sno": 500109030,
                "available_rent_general_bikes": 0,
                "available_return_bikes": 15,
                "total_bikes": 15
            },
            "geometry": {
                "type": "Point",
                "coordinates": [
                    121.50373,
                    25.12666
                ]
            }
        },
        {
            "type": "Feature",
            "properties": {
                "sna": "捷運唭哩岸站(2號出口)",
                "sno": 500109031,
                "available_rent_general_bikes": 23,
                "available_return_bikes": 24,
                "total_bikes": 47
            },
            "geometry": {
                "type": "Point",
                "coordinates": [
                    121.50523,
                    25.12087
                ]
            }
        },
        {
            "type": "Feature",
            "properties": {
                "sna": "北投運動中心",
                "sno": 500109032,
                "available_rent_general_bikes": 15,
                "available_return_bikes": 54,
                "total_bikes": 69
            },
            "geometry": {
                "type": "Point",
                "coordinates": [
                    121.50962,
                    25.11666
                ]
            }
        },
        {
            "type": "Feature",
            "properties": {
                "sna": "陽明大學",
                "sno": 500109033,
                "available_rent_general_bikes": 1,
                "available_return_bikes": 52,
                "total_bikes": 53
            },
            "geometry": {
                "type": "Point",
                "coordinates": [
                    121.51223,
                    25.11912
                ]
            }
        },
        {
            "type": "Feature",
            "properties": {
                "sna": "捷運石牌站(2號出口)",
                "sno": 500109034,
                "available_rent_general_bikes": 13,
                "available_return_bikes": 49,
                "total_bikes": 62
            },
            "geometry": {
                "type": "Point",
                "coordinates": [
                    121.51567,
                    25.11451
                ]
            }
        },
        {
            "type": "Feature",
            "properties": {
                "sna": "台北護理大學",
                "sno": 500109035,
                "available_rent_general_bikes": 13,
                "available_return_bikes": 27,
                "total_bikes": 40
            },
            "geometry": {
                "type": "Point",
                "coordinates": [
                    121.51662,
                    25.11752
                ]
            }
        },
        {
            "type": "Feature",
            "properties": {
                "sna": "捷運石牌站(1號出口)",
                "sno": 500109036,
                "available_rent_general_bikes": 25,
                "available_return_bikes": 7,
                "total_bikes": 32
            },
            "geometry": {
                "type": "Point",
                "coordinates": [
                    121.51469,
                    25.11542
                ]
            }
        },
        {
            "type": "Feature",
            "properties": {
                "sna": "振興醫院",
                "sno": 500109037,
                "available_rent_general_bikes": 28,
                "available_return_bikes": 7,
                "total_bikes": 35
            },
            "geometry": {
                "type": "Point",
                "coordinates": [
                    121.52186,
                    25.11753
                ]
            }
        },
        {
            "type": "Feature",
            "properties": {
                "sna": "石牌國小",
                "sno": 500109039,
                "available_rent_general_bikes": 15,
                "available_return_bikes": 11,
                "total_bikes": 26
            },
            "geometry": {
                "type": "Point",
                "coordinates": [
                    121.51307,
                    25.1144
                ]
            }
        },
        {
            "type": "Feature",
            "properties": {
                "sna": "振興公園",
                "sno": 500109040,
                "available_rent_general_bikes": 2,
                "available_return_bikes": 21,
                "total_bikes": 23
            },
            "geometry": {
                "type": "Point",
                "coordinates": [
                    121.5235,
                    25.11865
                ]
            }
        },
        {
            "type": "Feature",
            "properties": {
                "sna": "立農國小",
                "sno": 500109041,
                "available_rent_general_bikes": 12,
                "available_return_bikes": 12,
                "total_bikes": 24
            },
            "geometry": {
                "type": "Point",
                "coordinates": [
                    121.50422,
                    25.11978
                ]
            }
        },
        {
            "type": "Feature",
            "properties": {
                "sna": "承德路七段280巷口",
                "sno": 500109042,
                "available_rent_general_bikes": 5,
                "available_return_bikes": 12,
                "total_bikes": 17
            },
            "geometry": {
                "type": "Point",
                "coordinates": [
                    121.50576,
                    25.11587
                ]
            }
        },
        {
            "type": "Feature",
            "properties": {
                "sna": "致遠一路二段11巷",
                "sno": 500109043,
                "available_rent_general_bikes": 5,
                "available_return_bikes": 15,
                "total_bikes": 20
            },
            "geometry": {
                "type": "Point",
                "coordinates": [
                    121.51382,
                    25.11093
                ]
            }
        },
        {
            "type": "Feature",
            "properties": {
                "sna": "榮富公園",
                "sno": 500109044,
                "available_rent_general_bikes": 1,
                "available_return_bikes": 12,
                "total_bikes": 13
            },
            "geometry": {
                "type": "Point",
                "coordinates": [
                    121.52437,
                    25.1137
                ]
            }
        },
        {
            "type": "Feature",
            "properties": {
                "sna": "中正高中",
                "sno": 500109045,
                "available_rent_general_bikes": 12,
                "available_return_bikes": 15,
                "total_bikes": 27
            },
            "geometry": {
                "type": "Point",
                "coordinates": [
                    121.51654,
                    25.10467
                ]
            }
        },
        {
            "type": "Feature",
            "properties": {
                "sna": "立功立德路口",
                "sno": 500109046,
                "available_rent_general_bikes": 11,
                "available_return_bikes": 26,
                "total_bikes": 37
            },
            "geometry": {
                "type": "Point",
                "coordinates": [
                    121.47158,
                    25.12501
                ]
            }
        },
        {
            "type": "Feature",
            "properties": {
                "sna": "中央北路四段30巷口",
                "sno": 500109047,
                "available_rent_general_bikes": 17,
                "available_return_bikes": 4,
                "total_bikes": 21
            },
            "geometry": {
                "type": "Point",
                "coordinates": [
                    121.478,
                    25.13539
                ]
            }
        },
        {
            "type": "Feature",
            "properties": {
                "sna": "陽明交大圖書館",
                "sno": 500109048,
                "available_rent_general_bikes": 17,
                "available_return_bikes": 20,
                "total_bikes": 37
            },
            "geometry": {
                "type": "Point",
                "coordinates": [
                    121.51352,
                    25.12081
                ]
            }
        },
        {
            "type": "Feature",
            "properties": {
                "sna": "捷運新北投站(2號出口)",
                "sno": 500109049,
                "available_rent_general_bikes": 4,
                "available_return_bikes": 18,
                "total_bikes": 22
            },
            "geometry": {
                "type": "Point",
                "coordinates": [
                    121.50224,
                    25.13675
                ]
            }
        },
        {
            "type": "Feature",
            "properties": {
                "sna": "復興公園",
                "sno": 500109050,
                "available_rent_general_bikes": 2,
                "available_return_bikes": 25,
                "total_bikes": 27
            },
            "geometry": {
                "type": "Point",
                "coordinates": [
                    121.5021,
                    25.13872
                ]
            }
        },
        {
            "type": "Feature",
            "properties": {
                "sna": "承德石牌路口",
                "sno": 500109051,
                "available_rent_general_bikes": 2,
                "available_return_bikes": 15,
                "total_bikes": 17
            },
            "geometry": {
                "type": "Point",
                "coordinates": [
                    121.50922,
                    25.11272
                ]
            }
        },
        {
            "type": "Feature",
            "properties": {
                "sna": "承德路七段188巷口",
                "sno": 500109052,
                "available_rent_general_bikes": 9,
                "available_return_bikes": 7,
                "total_bikes": 16
            },
            "geometry": {
                "type": "Point",
                "coordinates": [
                    121.50771,
                    25.11416
                ]
            }
        },
        {
            "type": "Feature",
            "properties": {
                "sna": "捷運明德站(3號出口)",
                "sno": 500109053,
                "available_rent_general_bikes": 14,
                "available_return_bikes": 32,
                "total_bikes": 46
            },
            "geometry": {
                "type": "Point",
                "coordinates": [
                    121.51841,
                    25.11
                ]
            }
        },
        {
            "type": "Feature",
            "properties": {
                "sna": "大豐公園",
                "sno": 500109054,
                "available_rent_general_bikes": 3,
                "available_return_bikes": 36,
                "total_bikes": 39
            },
            "geometry": {
                "type": "Point",
                "coordinates": [
                    121.50408,
                    25.13102
                ]
            }
        },
        {
            "type": "Feature",
            "properties": {
                "sna": "洲美公園",
                "sno": 500109055,
                "available_rent_general_bikes": 16,
                "available_return_bikes": 13,
                "total_bikes": 29
            },
            "geometry": {
                "type": "Point",
                "coordinates": [
                    121.50599,
                    25.10032
                ]
            }
        },
        {
            "type": "Feature",
            "properties": {
                "sna": "中和街455巷11弄",
                "sno": 500109056,
                "available_rent_general_bikes": 3,
                "available_return_bikes": 22,
                "total_bikes": 25
            },
            "geometry": {
                "type": "Point",
                "coordinates": [
                    121.49621,
                    25.14319
                ]
            }
        },
        {
            "type": "Feature",
            "properties": {
                "sna": "洲美蜆仔港公園",
                "sno": 500109057,
                "available_rent_general_bikes": 12,
                "available_return_bikes": 11,
                "total_bikes": 23
            },
            "geometry": {
                "type": "Point",
                "coordinates": [
                    121.51107,
                    25.10065
                ]
            }
        },
        {
            "type": "Feature",
            "properties": {
                "sna": "文化三杏林一路口",
                "sno": 500109058,
                "available_rent_general_bikes": 7,
                "available_return_bikes": 8,
                "total_bikes": 15
            },
            "geometry": {
                "type": "Point",
                "coordinates": [
                    121.49915,
                    25.14058
                ]
            }
        },
        {
            "type": "Feature",
            "properties": {
                "sna": "珠海復興一路口",
                "sno": 500109059,
                "available_rent_general_bikes": 8,
                "available_return_bikes": 17,
                "total_bikes": 25
            },
            "geometry": {
                "type": "Point",
                "coordinates": [
                    121.50446,
                    25.14045
                ]
            }
        },
        {
            "type": "Feature",
            "properties": {
                "sna": "裕民二路33巷",
                "sno": 500109060,
                "available_rent_general_bikes": 5,
                "available_return_bikes": 10,
                "total_bikes": 15
            },
            "geometry": {
                "type": "Point",
                "coordinates": [
                    121.51736,
                    25.11535
                ]
            }
        },
        {
            "type": "Feature",
            "properties": {
                "sna": "新奇岩社會住宅",
                "sno": 500109061,
                "available_rent_general_bikes": 4,
                "available_return_bikes": 8,
                "total_bikes": 12
            },
            "geometry": {
                "type": "Point",
                "coordinates": [
                    121.5037,
                    25.12287
                ]
            }
        },
        {
            "type": "Feature",
            "properties": {
                "sna": "泉源公園",
                "sno": 500109062,
                "available_rent_general_bikes": 1,
                "available_return_bikes": 14,
                "total_bikes": 15
            },
            "geometry": {
                "type": "Point",
                "coordinates": [
                    121.50835,
                    25.14193
                ]
            }
        },
        {
            "type": "Feature",
            "properties": {
                "sna": "奇岩4號綠地",
                "sno": 500109063,
                "available_rent_general_bikes": 7,
                "available_return_bikes": 4,
                "total_bikes": 11
            },
            "geometry": {
                "type": "Point",
                "coordinates": [
                    121.50573,
                    25.12533
                ]
            }
        },
        {
            "type": "Feature",
            "properties": {
                "sna": "臺北健康護理大學(教研大樓)",
                "sno": 500109064,
                "available_rent_general_bikes": 12,
                "available_return_bikes": 14,
                "total_bikes": 26
            },
            "geometry": {
                "type": "Point",
                "coordinates": [
                    121.51846,
                    25.11857
                ]
            }
        },
        {
            "type": "Feature",
            "properties": {
                "sna": "奇岩一號公園",
                "sno": 500109065,
                "available_rent_general_bikes": 0,
                "available_return_bikes": 24,
                "total_bikes": 24
            },
            "geometry": {
                "type": "Point",
                "coordinates": [
                    121.5033,
                    25.12862
                ]
            }
        },
        {
            "type": "Feature",
            "properties": {
                "sna": "福星公園",
                "sno": 500109066,
                "available_rent_general_bikes": 3,
                "available_return_bikes": 25,
                "total_bikes": 28
            },
            "geometry": {
                "type": "Point",
                "coordinates": [
                    121.51248,
                    25.1094
                ]
            }
        },
        {
            "type": "Feature",
            "properties": {
                "sna": "中庸公園",
                "sno": 500109067,
                "available_rent_general_bikes": 1,
                "available_return_bikes": 11,
                "total_bikes": 12
            },
            "geometry": {
                "type": "Point",
                "coordinates": [
                    121.50142,
                    25.13774
                ]
            }
        },
        {
            "type": "Feature",
            "properties": {
                "sna": "豐年公園_1",
                "sno": 500109068,
                "available_rent_general_bikes": 6,
                "available_return_bikes": 26,
                "total_bikes": 32
            },
            "geometry": {
                "type": "Point",
                "coordinates": [
                    121.49664,
                    25.13529
                ]
            }
        },
        {
            "type": "Feature",
            "properties": {
                "sna": "光明溫泉路口",
                "sno": 500109070,
                "available_rent_general_bikes": 0,
                "available_return_bikes": 20,
                "total_bikes": 20
            },
            "geometry": {
                "type": "Point",
                "coordinates": [
                    121.50226,
                    25.13431
                ]
            }
        },
        {
            "type": "Feature",
            "properties": {
                "sna": "和信治癌中心醫院",
                "sno": 500109071,
                "available_rent_general_bikes": 13,
                "available_return_bikes": 11,
                "total_bikes": 24
            },
            "geometry": {
                "type": "Point",
                "coordinates": [
                    121.47207,
                    25.12757
                ]
            }
        },
        {
            "type": "Feature",
            "properties": {
                "sna": "致遠新村",
                "sno": 500109072,
                "available_rent_general_bikes": 11,
                "available_return_bikes": 9,
                "total_bikes": 20
            },
            "geometry": {
                "type": "Point",
                "coordinates": [
                    121.49093,
                    25.14319
                ]
            }
        },
        {
            "type": "Feature",
            "properties": {
                "sna": "北投公園露天溫泉",
                "sno": 500109073,
                "available_rent_general_bikes": 0,
                "available_return_bikes": 14,
                "total_bikes": 14
            },
            "geometry": {
                "type": "Point",
                "coordinates": [
                    121.50792,
                    25.13684
                ]
            }
        },
        {
            "type": "Feature",
            "properties": {
                "sna": "中和街493巷9弄口",
                "sno": 500109074,
                "available_rent_general_bikes": 7,
                "available_return_bikes": 7,
                "total_bikes": 14
            },
            "geometry": {
                "type": "Point",
                "coordinates": [
                    121.49447,
                    25.1439
                ]
            }
        },
        {
            "type": "Feature",
            "properties": {
                "sna": "捷運北投站(1號出口)",
                "sno": 500109075,
                "available_rent_general_bikes": 6,
                "available_return_bikes": 30,
                "total_bikes": 36
            },
            "geometry": {
                "type": "Point",
                "coordinates": [
                    121.49862,
                    25.13258
                ]
            }
        },
        {
            "type": "Feature",
            "properties": {
                "sna": "石牌立農街口",
                "sno": 500109076,
                "available_rent_general_bikes": 17,
                "available_return_bikes": 9,
                "total_bikes": 26
            },
            "geometry": {
                "type": "Point",
                "coordinates": [
                    121.51921,
                    25.11879
                ]
            }
        },
        {
            "type": "Feature",
            "properties": {
                "sna": "捷運唭哩岸站(1號出口)",
                "sno": 500109077,
                "available_rent_general_bikes": 8,
                "available_return_bikes": 12,
                "total_bikes": 20
            },
            "geometry": {
                "type": "Point",
                "coordinates": [
                    121.50727,
                    25.12082
                ]
            }
        },
        {
            "type": "Feature",
            "properties": {
                "sna": "大興光明路2巷口",
                "sno": 500109078,
                "available_rent_general_bikes": 11,
                "available_return_bikes": 2,
                "total_bikes": 13
            },
            "geometry": {
                "type": "Point",
                "coordinates": [
                    121.50017,
                    25.13043
                ]
            }
        },
        {
            "type": "Feature",
            "properties": {
                "sna": "捷運忠義站(2號出口)",
                "sno": 500109079,
                "available_rent_general_bikes": 1,
                "available_return_bikes": 28,
                "total_bikes": 29
            },
            "geometry": {
                "type": "Point",
                "coordinates": [
                    121.47347,
                    25.13076
                ]
            }
        },
        {
            "type": "Feature",
            "properties": {
                "sna": "福國承德路口",
                "sno": 500109080,
                "available_rent_general_bikes": 5,
                "available_return_bikes": 10,
                "total_bikes": 15
            },
            "geometry": {
                "type": "Point",
                "coordinates": [
                    121.51263,
                    25.10171
                ]
            }
        },
        {
            "type": "Feature",
            "properties": {
                "sna": "捷運北投站(1號出口)(北投路側)",
                "sno": 500109081,
                "available_rent_general_bikes": 33,
                "available_return_bikes": 5,
                "total_bikes": 38
            },
            "geometry": {
                "type": "Point",
                "coordinates": [
                    121.49817,
                    25.13201
                ]
            }
        },
        {
            "type": "Feature",
            "properties": {
                "sna": "華固創富中心",
                "sno": 500109082,
                "available_rent_general_bikes": 6,
                "available_return_bikes": 8,
                "total_bikes": 14
            },
            "geometry": {
                "type": "Point",
                "coordinates": [
                    121.51244,
                    25.10392
                ]
            }
        },
        {
            "type": "Feature",
            "properties": {
                "sna": "崇仰公園(公?路255巷)",
                "sno": 500109084,
                "available_rent_general_bikes": 5,
                "available_return_bikes": 15,
                "total_bikes": 20
            },
            "geometry": {
                "type": "Point",
                "coordinates": [
                    121.51098,
                    25.12595
                ]
            }
        },
        {
            "type": "Feature",
            "properties": {
                "sna": "北投文化公園(北側)",
                "sno": 500109085,
                "available_rent_general_bikes": 0,
                "available_return_bikes": 19,
                "total_bikes": 19
            },
            "geometry": {
                "type": "Point",
                "coordinates": [
                    121.49706,
                    25.13713
                ]
            }
        },
        {
            "type": "Feature",
            "properties": {
                "sna": "中和綠地",
                "sno": 500109086,
                "available_rent_general_bikes": 3,
                "available_return_bikes": 19,
                "total_bikes": 22
            },
            "geometry": {
                "type": "Point",
                "coordinates": [
                    121.4989,
                    25.1419
                ]
            }
        },
        {
            "type": "Feature",
            "properties": {
                "sna": "大業路65巷口",
                "sno": 500109087,
                "available_rent_general_bikes": 6,
                "available_return_bikes": 17,
                "total_bikes": 23
            },
            "geometry": {
                "type": "Point",
                "coordinates": [
                    121.49906,
                    25.12307
                ]
            }
        },
        {
            "type": "Feature",
            "properties": {
                "sna": "公?承德路口",
                "sno": 500109088,
                "available_rent_general_bikes": 9,
                "available_return_bikes": 15,
                "total_bikes": 24
            },
            "geometry": {
                "type": "Point",
                "coordinates": [
                    121.50169,
                    25.11969
                ]
            }
        },
        {
            "type": "Feature",
            "properties": {
                "sna": "文林北明德路口(東北側)",
                "sno": 500109089,
                "available_rent_general_bikes": 1,
                "available_return_bikes": 14,
                "total_bikes": 15
            },
            "geometry": {
                "type": "Point",
                "coordinates": [
                    121.5173,
                    25.10576
                ]
            }
        },
        {
            "type": "Feature",
            "properties": {
                "sna": "永興路一段32巷口",
                "sno": 500109091,
                "available_rent_general_bikes": 0,
                "available_return_bikes": 12,
                "total_bikes": 12
            },
            "geometry": {
                "type": "Point",
                "coordinates": [
                    121.50012,
                    25.13905
                ]
            }
        },
        {
            "type": "Feature",
            "properties": {
                "sna": "國立陽明交通大學(甲棟)",
                "sno": 500109092,
                "available_rent_general_bikes": 20,
                "available_return_bikes": 7,
                "total_bikes": 27
            },
            "geometry": {
                "type": "Point",
                "coordinates": [
                    121.51453,
                    25.11944
                ]
            }
        },
        {
            "type": "Feature",
            "properties": {
                "sna": "關渡國中",
                "sno": 500109093,
                "available_rent_general_bikes": 11,
                "available_return_bikes": 12,
                "total_bikes": 23
            },
            "geometry": {
                "type": "Point",
                "coordinates": [
                    121.46735,
                    25.11955
                ]
            }
        },
        {
            "type": "Feature",
            "properties": {
                "sna": "立功街55巷口",
                "sno": 500109094,
                "available_rent_general_bikes": 4,
                "available_return_bikes": 10,
                "total_bikes": 14
            },
            "geometry": {
                "type": "Point",
                "coordinates": [
                    121.46922,
                    25.12518
                ]
            }
        },
        {
            "type": "Feature",
            "properties": {
                "sna": "承德路七段401巷(洲美橋下)",
                "sno": 500109095,
                "available_rent_general_bikes": 9,
                "available_return_bikes": 16,
                "total_bikes": 25
            },
            "geometry": {
                "type": "Point",
                "coordinates": [
                    121.49934,
                    25.11483
                ]
            }
        },
        {
            "type": "Feature",
            "properties": {
                "sna": "大業路(農禪寺)",
                "sno": 500109096,
                "available_rent_general_bikes": 15,
                "available_return_bikes": 0,
                "total_bikes": 15
            },
            "geometry": {
                "type": "Point",
                "coordinates": [
                    121.49964,
                    25.12231
                ]
            }
        },
        {
            "type": "Feature",
            "properties": {
                "sna": "中國電影製片廠",
                "sno": 500109097,
                "available_rent_general_bikes": 3,
                "available_return_bikes": 11,
                "total_bikes": 14
            },
            "geometry": {
                "type": "Point",
                "coordinates": [
                    121.48802,
                    25.13843
                ]
            }
        },
        {
            "type": "Feature",
            "properties": {
                "sna": "北投新興公園",
                "sno": 500109098,
                "available_rent_general_bikes": 5,
                "available_return_bikes": 8,
                "total_bikes": 13
            },
            "geometry": {
                "type": "Point",
                "coordinates": [
                    121.48711,
                    25.13997
                ]
            }
        },
        {
            "type": "Feature",
            "properties": {
                "sna": "捷運石牌站(2號出口)(西安街一段)",
                "sno": 500109099,
                "available_rent_general_bikes": 2,
                "available_return_bikes": 20,
                "total_bikes": 22
            },
            "geometry": {
                "type": "Point",
                "coordinates": [
                    121.51615,
                    25.11332
                ]
            }
        },
        {
            "type": "Feature",
            "properties": {
                "sna": "華碩立功大樓",
                "sno": 500109100,
                "available_rent_general_bikes": 7,
                "available_return_bikes": 8,
                "total_bikes": 15
            },
            "geometry": {
                "type": "Point",
                "coordinates": [
                    121.47071,
                    25.12771
                ]
            }
        },
        {
            "type": "Feature",
            "properties": {
                "sna": "關渡碼頭",
                "sno": 500109101,
                "available_rent_general_bikes": 20,
                "available_return_bikes": 30,
                "total_bikes": 50
            },
            "geometry": {
                "type": "Point",
                "coordinates": [
                    121.46228,
                    25.12066
                ]
            }
        },
        {
            "type": "Feature",
            "properties": {
                "sna": "珠海路(48號公園)",
                "sno": 500109102,
                "available_rent_general_bikes": 3,
                "available_return_bikes": 7,
                "total_bikes": 10
            },
            "geometry": {
                "type": "Point",
                "coordinates": [
                    121.51218,
                    25.14262
                ]
            }
        },
        {
            "type": "Feature",
            "properties": {
                "sna": "承德文林北路口(西側)",
                "sno": 500109103,
                "available_rent_general_bikes": 9,
                "available_return_bikes": 7,
                "total_bikes": 16
            },
            "geometry": {
                "type": "Point",
                "coordinates": [
                    121.51097,
                    25.11032
                ]
            }
        },
        {
            "type": "Feature",
            "properties": {
                "sna": "石牌路二段324巷口",
                "sno": 500109104,
                "available_rent_general_bikes": 3,
                "available_return_bikes": 11,
                "total_bikes": 14
            },
            "geometry": {
                "type": "Point",
                "coordinates": [
                    121.52404,
                    25.12164
                ]
            }
        },
        {
            "type": "Feature",
            "properties": {
                "sna": "北投文化公園(中央北路)",
                "sno": 500109105,
                "available_rent_general_bikes": 2,
                "available_return_bikes": 14,
                "total_bikes": 16
            },
            "geometry": {
                "type": "Point",
                "coordinates": [
                    121.49686,
                    25.13632
                ]
            }
        },
        {
            "type": "Feature",
            "properties": {
                "sna": "泉源路23巷口",
                "sno": 500109106,
                "available_rent_general_bikes": 16,
                "available_return_bikes": 7,
                "total_bikes": 23
            },
            "geometry": {
                "type": "Point",
                "coordinates": [
                    121.50571,
                    25.13939
                ]
            }
        },
        {
            "type": "Feature",
            "properties": {
                "sna": "幼華中學(大業路)",
                "sno": 500109108,
                "available_rent_general_bikes": 0,
                "available_return_bikes": 26,
                "total_bikes": 26
            },
            "geometry": {
                "type": "Point",
                "coordinates": [
                    121.49602,
                    25.13372
                ]
            }
        },
        {
            "type": "Feature",
            "properties": {
                "sna": "捷運松山站(4號出口)",
                "sno": 500110002,
                "available_rent_general_bikes": 4,
                "available_return_bikes": 12,
                "total_bikes": 16
            },
            "geometry": {
                "type": "Point",
                "coordinates": [
                    121.57785,
                    25.04987
                ]
            }
        },
        {
            "type": "Feature",
            "properties": {
                "sna": "塔悠八德路口",
                "sno": 500110003,
                "available_rent_general_bikes": 1,
                "available_return_bikes": 33,
                "total_bikes": 34
            },
            "geometry": {
                "type": "Point",
                "coordinates": [
                    121.57202,
                    25.05009
                ]
            }
        },
        {
            "type": "Feature",
            "properties": {
                "sna": "鵬程公園",
                "sno": 500110004,
                "available_rent_general_bikes": 2,
                "available_return_bikes": 22,
                "total_bikes": 24
            },
            "geometry": {
                "type": "Point",
                "coordinates": [
                    121.56876,
                    25.05503
                ]
            }
        },
        {
            "type": "Feature",
            "properties": {
                "sna": "中崙高中",
                "sno": 500110005,
                "available_rent_general_bikes": 74,
                "available_return_bikes": 1,
                "total_bikes": 75
            },
            "geometry": {
                "type": "Point",
                "coordinates": [
                    121.56087,
                    25.04878
                ]
            }
        },
        {
            "type": "Feature",
            "properties": {
                "sna": "捷運南京三民站(2號出口)",
                "sno": 500110006,
                "available_rent_general_bikes": 6,
                "available_return_bikes": 12,
                "total_bikes": 18
            },
            "geometry": {
                "type": "Point",
                "coordinates": [
                    121.56283,
                    25.05136
                ]
            }
        },
        {
            "type": "Feature",
            "properties": {
                "sna": "捷運南京三民站(1號出口)",
                "sno": 500110007,
                "available_rent_general_bikes": 0,
                "available_return_bikes": 38,
                "total_bikes": 38
            },
            "geometry": {
                "type": "Point",
                "coordinates": [
                    121.5636,
                    25.05155
                ]
            }
        },
        {
            "type": "Feature",
            "properties": {
                "sna": "光復北路11巷口",
                "sno": 500110008,
                "available_rent_general_bikes": 17,
                "available_return_bikes": 3,
                "total_bikes": 20
            },
            "geometry": {
                "type": "Point",
                "coordinates": [
                    121.558,
                    25.04937
                ]
            }
        },
        {
            "type": "Feature",
            "properties": {
                "sna": "捷運南京三民站(4號出口)",
                "sno": 500110009,
                "available_rent_general_bikes": 3,
                "available_return_bikes": 10,
                "total_bikes": 13
            },
            "geometry": {
                "type": "Point",
                "coordinates": [
                    121.5646,
                    25.05152
                ]
            }
        },
        {
            "type": "Feature",
            "properties": {
                "sna": "西松高中",
                "sno": 500110010,
                "available_rent_general_bikes": 0,
                "available_return_bikes": 14,
                "total_bikes": 14
            },
            "geometry": {
                "type": "Point",
                "coordinates": [
                    121.56701,
                    25.05492
                ]
            }
        },
        {
            "type": "Feature",
            "properties": {
                "sna": "民權復興路口",
                "sno": 500110011,
                "available_rent_general_bikes": 6,
                "available_return_bikes": 30,
                "total_bikes": 36
            },
            "geometry": {
                "type": "Point",
                "coordinates": [
                    121.54565,
                    25.0622
                ]
            }
        },
        {
            "type": "Feature",
            "properties": {
                "sna": "民福三號綠地",
                "sno": 500110012,
                "available_rent_general_bikes": 1,
                "available_return_bikes": 18,
                "total_bikes": 19
            },
            "geometry": {
                "type": "Point",
                "coordinates": [
                    121.54767,
                    25.06374
                ]
            }
        },
        {
            "type": "Feature",
            "properties": {
                "sna": "民有一號公園",
                "sno": 500110013,
                "available_rent_general_bikes": 28,
                "available_return_bikes": 12,
                "total_bikes": 40
            },
            "geometry": {
                "type": "Point",
                "coordinates": [
                    121.54731,
                    25.06095
                ]
            }
        },
        {
            "type": "Feature",
            "properties": {
                "sna": "民生敦化路口",
                "sno": 500110014,
                "available_rent_general_bikes": 11,
                "available_return_bikes": 21,
                "total_bikes": 32
            },
            "geometry": {
                "type": "Point",
                "coordinates": [
                    121.54897,
                    25.05804
                ]
            }
        },
        {
            "type": "Feature",
            "properties": {
                "sna": "松基公園",
                "sno": 500110015,
                "available_rent_general_bikes": 9,
                "available_return_bikes": 9,
                "total_bikes": 18
            },
            "geometry": {
                "type": "Point",
                "coordinates": [
                    121.54486,
                    25.0546
                ]
            }
        },
        {
            "type": "Feature",
            "properties": {
                "sna": "三民路166巷口",
                "sno": 500110016,
                "available_rent_general_bikes": 0,
                "available_return_bikes": 12,
                "total_bikes": 12
            },
            "geometry": {
                "type": "Point",
                "coordinates": [
                    121.56328,
                    25.0619
                ]
            }
        },
        {
            "type": "Feature",
            "properties": {
                "sna": "民生活動中心",
                "sno": 500110017,
                "available_rent_general_bikes": 12,
                "available_return_bikes": 27,
                "total_bikes": 39
            },
            "geometry": {
                "type": "Point",
                "coordinates": [
                    121.56305,
                    25.05907
                ]
            }
        },
        {
            "type": "Feature",
            "properties": {
                "sna": "捷運小巨蛋站(2號出口)",
                "sno": 500110018,
                "available_rent_general_bikes": 2,
                "available_return_bikes": 24,
                "total_bikes": 26
            },
            "geometry": {
                "type": "Point",
                "coordinates": [
                    121.55118,
                    25.05157
                ]
            }
        },
        {
            "type": "Feature",
            "properties": {
                "sna": "臺北市藝文推廣處",
                "sno": 500110019,
                "available_rent_general_bikes": 10,
                "available_return_bikes": 34,
                "total_bikes": 44
            },
            "geometry": {
                "type": "Point",
                "coordinates": [
                    121.55235,
                    25.04826
                ]
            }
        },
        {
            "type": "Feature",
            "properties": {
                "sna": "民生國小(敦化北路199巷)",
                "sno": 500110020,
                "available_rent_general_bikes": 7,
                "available_return_bikes": 13,
                "total_bikes": 20
            },
            "geometry": {
                "type": "Point",
                "coordinates": [
                    121.55286,
                    25.05633
                ]
            }
        },
        {
            "type": "Feature",
            "properties": {
                "sna": "敦北公園",
                "sno": 500110021,
                "available_rent_general_bikes": 26,
                "available_return_bikes": 17,
                "total_bikes": 43
            },
            "geometry": {
                "type": "Point",
                "coordinates": [
                    121.55098,
                    25.06118
                ]
            }
        },
        {
            "type": "Feature",
            "properties": {
                "sna": "民權運動公園",
                "sno": 500110022,
                "available_rent_general_bikes": 5,
                "available_return_bikes": 38,
                "total_bikes": 43
            },
            "geometry": {
                "type": "Point",
                "coordinates": [
                    121.56019,
                    25.062
                ]
            }
        },
        {
            "type": "Feature",
            "properties": {
                "sna": "新東公園",
                "sno": 500110023,
                "available_rent_general_bikes": 0,
                "available_return_bikes": 51,
                "total_bikes": 51
            },
            "geometry": {
                "type": "Point",
                "coordinates": [
                    121.56888,
                    25.05925
                ]
            }
        },
        {
            "type": "Feature",
            "properties": {
                "sna": "民生光復路口",
                "sno": 500110024,
                "available_rent_general_bikes": 16,
                "available_return_bikes": 11,
                "total_bikes": 27
            },
            "geometry": {
                "type": "Point",
                "coordinates": [
                    121.55496,
                    25.05834
                ]
            }
        },
        {
            "type": "Feature",
            "properties": {
                "sna": "三民公園",
                "sno": 500110025,
                "available_rent_general_bikes": 0,
                "available_return_bikes": 25,
                "total_bikes": 25
            },
            "geometry": {
                "type": "Point",
                "coordinates": [
                    121.566678992451,
                    25.061286751494
                ]
            }
        },
        {
            "type": "Feature",
            "properties": {
                "sna": "八德路三段74巷口",
                "sno": 500110026,
                "available_rent_general_bikes": 0,
                "available_return_bikes": 17,
                "total_bikes": 17
            },
            "geometry": {
                "type": "Point",
                "coordinates": [
                    121.55252,
                    25.04459
                ]
            }
        },
        {
            "type": "Feature",
            "properties": {
                "sna": "八德路三段8巷口",
                "sno": 500110027,
                "available_rent_general_bikes": 3,
                "available_return_bikes": 12,
                "total_bikes": 15
            },
            "geometry": {
                "type": "Point",
                "coordinates": [
                    121.54992,
                    25.04488
                ]
            }
        },
        {
            "type": "Feature",
            "properties": {
                "sna": "三軍總醫院(松山分院)",
                "sno": 500110028,
                "available_rent_general_bikes": 3,
                "available_return_bikes": 37,
                "total_bikes": 40
            },
            "geometry": {
                "type": "Point",
                "coordinates": [
                    121.55631,
                    25.05419
                ]
            }
        },
        {
            "type": "Feature",
            "properties": {
                "sna": "平安新城",
                "sno": 500110029,
                "available_rent_general_bikes": 4,
                "available_return_bikes": 12,
                "total_bikes": 16
            },
            "geometry": {
                "type": "Point",
                "coordinates": [
                    121.559,
                    25.05528
                ]
            }
        },
        {
            "type": "Feature",
            "properties": {
                "sna": "健康社會住宅",
                "sno": 500110030,
                "available_rent_general_bikes": 0,
                "available_return_bikes": 20,
                "total_bikes": 20
            },
            "geometry": {
                "type": "Point",
                "coordinates": [
                    121.56545,
                    25.05433
                ]
            }
        },
        {
            "type": "Feature",
            "properties": {
                "sna": "民權光復路口(東北側)",
                "sno": 500110031,
                "available_rent_general_bikes": 11,
                "available_return_bikes": 13,
                "total_bikes": 24
            },
            "geometry": {
                "type": "Point",
                "coordinates": [
                    121.55475,
                    25.06206
                ]
            }
        },
        {
            "type": "Feature",
            "properties": {
                "sna": "市民東興路口",
                "sno": 500110032,
                "available_rent_general_bikes": 10,
                "available_return_bikes": 13,
                "total_bikes": 23
            },
            "geometry": {
                "type": "Point",
                "coordinates": [
                    121.56586,
                    25.0484
                ]
            }
        },
        {
            "type": "Feature",
            "properties": {
                "sna": "光復南路22巷口",
                "sno": 500110033,
                "available_rent_general_bikes": 10,
                "available_return_bikes": 17,
                "total_bikes": 27
            },
            "geometry": {
                "type": "Point",
                "coordinates": [
                    121.55771,
                    25.04693
                ]
            }
        },
        {
            "type": "Feature",
            "properties": {
                "sna": "光復南路46巷",
                "sno": 500110034,
                "available_rent_general_bikes": 6,
                "available_return_bikes": 16,
                "total_bikes": 22
            },
            "geometry": {
                "type": "Point",
                "coordinates": [
                    121.55665,
                    25.04606
                ]
            }
        },
        {
            "type": "Feature",
            "properties": {
                "sna": "松山新城",
                "sno": 500110035,
                "available_rent_general_bikes": 0,
                "available_return_bikes": 27,
                "total_bikes": 27
            },
            "geometry": {
                "type": "Point",
                "coordinates": [
                    121.55436,
                    25.05347
                ]
            }
        },
        {
            "type": "Feature",
            "properties": {
                "sna": "內政部營建署",
                "sno": 500110036,
                "available_rent_general_bikes": 15,
                "available_return_bikes": 14,
                "total_bikes": 29
            },
            "geometry": {
                "type": "Point",
                "coordinates": [
                    121.5448,
                    25.04769
                ]
            }
        },
        {
            "type": "Feature",
            "properties": {
                "sna": "南京光復路口",
                "sno": 500110037,
                "available_rent_general_bikes": 26,
                "available_return_bikes": 4,
                "total_bikes": 30
            },
            "geometry": {
                "type": "Point",
                "coordinates": [
                    121.55716,
                    25.05143
                ]
            }
        },
        {
            "type": "Feature",
            "properties": {
                "sna": "民生立體停車場",
                "sno": 500110038,
                "available_rent_general_bikes": 6,
                "available_return_bikes": 16,
                "total_bikes": 22
            },
            "geometry": {
                "type": "Point",
                "coordinates": [
                    121.55947,
                    25.05846
                ]
            }
        },
        {
            "type": "Feature",
            "properties": {
                "sna": "健康新城",
                "sno": 500110039,
                "available_rent_general_bikes": 4,
                "available_return_bikes": 38,
                "total_bikes": 42
            },
            "geometry": {
                "type": "Point",
                "coordinates": [
                    121.56095,
                    25.05408
                ]
            }
        },
        {
            "type": "Feature",
            "properties": {
                "sna": "健安新城",
                "sno": 500110040,
                "available_rent_general_bikes": 1,
                "available_return_bikes": 29,
                "total_bikes": 30
            },
            "geometry": {
                "type": "Point",
                "coordinates": [
                    121.56345,
                    25.05606
                ]
            }
        },
        {
            "type": "Feature",
            "properties": {
                "sna": "復盛公園",
                "sno": 500110041,
                "available_rent_general_bikes": 3,
                "available_return_bikes": 33,
                "total_bikes": 36
            },
            "geometry": {
                "type": "Point",
                "coordinates": [
                    121.56115,
                    25.04763
                ]
            }
        },
        {
            "type": "Feature",
            "properties": {
                "sna": "中崙福成宮",
                "sno": 500110042,
                "available_rent_general_bikes": 5,
                "available_return_bikes": 26,
                "total_bikes": 31
            },
            "geometry": {
                "type": "Point",
                "coordinates": [
                    121.54659,
                    25.04524
                ]
            }
        },
        {
            "type": "Feature",
            "properties": {
                "sna": "捷運南京復興站(7號出口)",
                "sno": 500110043,
                "available_rent_general_bikes": 11,
                "available_return_bikes": 3,
                "total_bikes": 14
            },
            "geometry": {
                "type": "Point",
                "coordinates": [
                    121.54478,
                    25.05278
                ]
            }
        },
        {
            "type": "Feature",
            "properties": {
                "sna": "捷運南京復興站(5號出口)",
                "sno": 500110044,
                "available_rent_general_bikes": 6,
                "available_return_bikes": 42,
                "total_bikes": 48
            },
            "geometry": {
                "type": "Point",
                "coordinates": [
                    121.54506,
                    25.05168
                ]
            }
        },
        {
            "type": "Feature",
            "properties": {
                "sna": "塔悠疏散門",
                "sno": 500110045,
                "available_rent_general_bikes": 3,
                "available_return_bikes": 26,
                "total_bikes": 29
            },
            "geometry": {
                "type": "Point",
                "coordinates": [
                    121.56788,
                    25.0648
                ]
            }
        },
        {
            "type": "Feature",
            "properties": {
                "sna": "臺北田徑場",
                "sno": 500110046,
                "available_rent_general_bikes": 22,
                "available_return_bikes": 21,
                "total_bikes": 43
            },
            "geometry": {
                "type": "Point",
                "coordinates": [
                    121.54941,
                    25.04951
                ]
            }
        },
        {
            "type": "Feature",
            "properties": {
                "sna": "捷運小巨蛋站(5號出口)",
                "sno": 500110047,
                "available_rent_general_bikes": 3,
                "available_return_bikes": 18,
                "total_bikes": 21
            },
            "geometry": {
                "type": "Point",
                "coordinates": [
                    121.55352,
                    25.05176
                ]
            }
        },
        {
            "type": "Feature",
            "properties": {
                "sna": "敦化長春路口",
                "sno": 500110048,
                "available_rent_general_bikes": 10,
                "available_return_bikes": 8,
                "total_bikes": 18
            },
            "geometry": {
                "type": "Point",
                "coordinates": [
                    121.54871,
                    25.0536
                ]
            }
        },
        {
            "type": "Feature",
            "properties": {
                "sna": "饒河疏散門(基四號疏散門)",
                "sno": 500110049,
                "available_rent_general_bikes": 1,
                "available_return_bikes": 17,
                "total_bikes": 18
            },
            "geometry": {
                "type": "Point",
                "coordinates": [
                    121.57683,
                    25.05147
                ]
            }
        },
        {
            "type": "Feature",
            "properties": {
                "sna": "捷運松山站(2號出口)",
                "sno": 500110050,
                "available_rent_general_bikes": 0,
                "available_return_bikes": 14,
                "total_bikes": 14
            },
            "geometry": {
                "type": "Point",
                "coordinates": [
                    121.57635,
                    25.05013
                ]
            }
        },
        {
            "type": "Feature",
            "properties": {
                "sna": "民權東路三段106巷口",
                "sno": 500110051,
                "available_rent_general_bikes": 8,
                "available_return_bikes": 11,
                "total_bikes": 19
            },
            "geometry": {
                "type": "Point",
                "coordinates": [
                    121.54472,
                    25.062
                ]
            }
        },
        {
            "type": "Feature",
            "properties": {
                "sna": "南京東路五段59巷口",
                "sno": 500110052,
                "available_rent_general_bikes": 13,
                "available_return_bikes": 2,
                "total_bikes": 15
            },
            "geometry": {
                "type": "Point",
                "coordinates": [
                    121.55907,
                    25.05163
                ]
            }
        },
        {
            "type": "Feature",
            "properties": {
                "sna": "三民公園(塔悠路)",
                "sno": 500110053,
                "available_rent_general_bikes": 10,
                "available_return_bikes": 10,
                "total_bikes": 20
            },
            "geometry": {
                "type": "Point",
                "coordinates": [
                    121.56831,
                    25.06241
                ]
            }
        },
        {
            "type": "Feature",
            "properties": {
                "sna": "寶清公園",
                "sno": 500110054,
                "available_rent_general_bikes": 0,
                "available_return_bikes": 19,
                "total_bikes": 19
            },
            "geometry": {
                "type": "Point",
                "coordinates": [
                    121.5681,
                    25.05198
                ]
            }
        },
        {
            "type": "Feature",
            "properties": {
                "sna": "西松公園",
                "sno": 500110055,
                "available_rent_general_bikes": 0,
                "available_return_bikes": 11,
                "total_bikes": 11
            },
            "geometry": {
                "type": "Point",
                "coordinates": [
                    121.56407,
                    25.05406
                ]
            }
        },
        {
            "type": "Feature",
            "properties": {
                "sna": "長壽公園",
                "sno": 500110056,
                "available_rent_general_bikes": 5,
                "available_return_bikes": 17,
                "total_bikes": 22
            },
            "geometry": {
                "type": "Point",
                "coordinates": [
                    121.55893,
                    25.05378
                ]
            }
        },
        {
            "type": "Feature",
            "properties": {
                "sna": "復源公園",
                "sno": 500110057,
                "available_rent_general_bikes": 6,
                "available_return_bikes": 7,
                "total_bikes": 13
            },
            "geometry": {
                "type": "Point",
                "coordinates": [
                    121.5542,
                    25.04634
                ]
            }
        },
        {
            "type": "Feature",
            "properties": {
                "sna": "南京東路四段179巷口",
                "sno": 500110058,
                "available_rent_general_bikes": 6,
                "available_return_bikes": 5,
                "total_bikes": 11
            },
            "geometry": {
                "type": "Point",
                "coordinates": [
                    121.55609,
                    25.05173
                ]
            }
        },
        {
            "type": "Feature",
            "properties": {
                "sna": "臺北田徑場(北寧路側)",
                "sno": 500110059,
                "available_rent_general_bikes": 3,
                "available_return_bikes": 31,
                "total_bikes": 34
            },
            "geometry": {
                "type": "Point",
                "coordinates": [
                    121.55261,
                    25.04954
                ]
            }
        },
        {
            "type": "Feature",
            "properties": {
                "sna": "西松高中(健康路325巷)",
                "sno": 500110060,
                "available_rent_general_bikes": 0,
                "available_return_bikes": 29,
                "total_bikes": 29
            },
            "geometry": {
                "type": "Point",
                "coordinates": [
                    121.56713,
                    25.05567
                ]
            }
        },
        {
            "type": "Feature",
            "properties": {
                "sna": "南京東興路口",
                "sno": 500110061,
                "available_rent_general_bikes": 5,
                "available_return_bikes": 24,
                "total_bikes": 29
            },
            "geometry": {
                "type": "Point",
                "coordinates": [
                    121.56535,
                    25.05149
                ]
            }
        },
        {
            "type": "Feature",
            "properties": {
                "sna": "捷運松山站(3號出口)",
                "sno": 500110062,
                "available_rent_general_bikes": 13,
                "available_return_bikes": 38,
                "total_bikes": 51
            },
            "geometry": {
                "type": "Point",
                "coordinates": [
                    121.57746,
                    25.04962
                ]
            }
        },
        {
            "type": "Feature",
            "properties": {
                "sna": "介壽國中",
                "sno": 500110063,
                "available_rent_general_bikes": 12,
                "available_return_bikes": 17,
                "total_bikes": 29
            },
            "geometry": {
                "type": "Point",
                "coordinates": [
                    121.55706,
                    25.05722
                ]
            }
        },
        {
            "type": "Feature",
            "properties": {
                "sna": "敦化南京路口(東北側)",
                "sno": 500110064,
                "available_rent_general_bikes": 8,
                "available_return_bikes": 15,
                "total_bikes": 23
            },
            "geometry": {
                "type": "Point",
                "coordinates": [
                    121.54926,
                    25.05226
                ]
            }
        },
        {
            "type": "Feature",
            "properties": {
                "sna": "敦化八德路口",
                "sno": 500110065,
                "available_rent_general_bikes": 45,
                "available_return_bikes": 7,
                "total_bikes": 52
            },
            "geometry": {
                "type": "Point",
                "coordinates": [
                    121.54864,
                    25.04802
                ]
            }
        },
        {
            "type": "Feature",
            "properties": {
                "sna": "新東街51巷口",
                "sno": 500110066,
                "available_rent_general_bikes": 7,
                "available_return_bikes": 21,
                "total_bikes": 28
            },
            "geometry": {
                "type": "Point",
                "coordinates": [
                    121.56332,
                    25.0615
                ]
            }
        },
        {
            "type": "Feature",
            "properties": {
                "sna": "八德立體停車場",
                "sno": 500110067,
                "available_rent_general_bikes": 0,
                "available_return_bikes": 34,
                "total_bikes": 34
            },
            "geometry": {
                "type": "Point",
                "coordinates": [
                    121.57189,
                    25.04985
                ]
            }
        },
        {
            "type": "Feature",
            "properties": {
                "sna": "長春慶城街口",
                "sno": 500110068,
                "available_rent_general_bikes": 12,
                "available_return_bikes": 16,
                "total_bikes": 28
            },
            "geometry": {
                "type": "Point",
                "coordinates": [
                    121.54636,
                    25.05452
                ]
            }
        },
        {
            "type": "Feature",
            "properties": {
                "sna": "八德路四段652巷口",
                "sno": 500110069,
                "available_rent_general_bikes": 6,
                "available_return_bikes": 14,
                "total_bikes": 20
            },
            "geometry": {
                "type": "Point",
                "coordinates": [
                    121.57503,
                    25.04942
                ]
            }
        },
        {
            "type": "Feature",
            "properties": {
                "sna": "捷運松山站(1號出口)",
                "sno": 500110070,
                "available_rent_general_bikes": 0,
                "available_return_bikes": 15,
                "total_bikes": 15
            },
            "geometry": {
                "type": "Point",
                "coordinates": [
                    121.57692,
                    25.05014
                ]
            }
        },
        {
            "type": "Feature",
            "properties": {
                "sna": "捷運小巨蛋站(3號出口)",
                "sno": 500110071,
                "available_rent_general_bikes": 1,
                "available_return_bikes": 26,
                "total_bikes": 27
            },
            "geometry": {
                "type": "Point",
                "coordinates": [
                    121.55243,
                    25.05152
                ]
            }
        },
        {
            "type": "Feature",
            "properties": {
                "sna": "捷運小巨蛋站(5號出口)_1",
                "sno": 500110072,
                "available_rent_general_bikes": 0,
                "available_return_bikes": 20,
                "total_bikes": 20
            },
            "geometry": {
                "type": "Point",
                "coordinates": [
                    121.5521,
                    25.05181
                ]
            }
        },
        {
            "type": "Feature",
            "properties": {
                "sna": "敦化北路155巷口",
                "sno": 500110073,
                "available_rent_general_bikes": 17,
                "available_return_bikes": 11,
                "total_bikes": 28
            },
            "geometry": {
                "type": "Point",
                "coordinates": [
                    121.5491,
                    25.0542
                ]
            }
        },
        {
            "type": "Feature",
            "properties": {
                "sna": "民生復興路口",
                "sno": 500110074,
                "available_rent_general_bikes": 11,
                "available_return_bikes": 4,
                "total_bikes": 15
            },
            "geometry": {
                "type": "Point",
                "coordinates": [
                    121.54443,
                    25.05764
                ]
            }
        },
        {
            "type": "Feature",
            "properties": {
                "sna": "市民延吉街口",
                "sno": 500110076,
                "available_rent_general_bikes": 0,
                "available_return_bikes": 27,
                "total_bikes": 27
            },
            "geometry": {
                "type": "Point",
                "coordinates": [
                    121.55397,
                    25.0444
                ]
            }
        },
        {
            "type": "Feature",
            "properties": {
                "sna": "龍城市場",
                "sno": 500110077,
                "available_rent_general_bikes": 1,
                "available_return_bikes": 21,
                "total_bikes": 22
            },
            "geometry": {
                "type": "Point",
                "coordinates": [
                    121.55417,
                    25.05454
                ]
            }
        },
        {
            "type": "Feature",
            "properties": {
                "sna": "捷運南京三民站(3號出口)",
                "sno": 500110078,
                "available_rent_general_bikes": 2,
                "available_return_bikes": 24,
                "total_bikes": 26
            },
            "geometry": {
                "type": "Point",
                "coordinates": [
                    121.56426,
                    25.05129
                ]
            }
        },
        {
            "type": "Feature",
            "properties": {
                "sna": "塔悠基隆路口(麥帥一橋下)",
                "sno": 500110079,
                "available_rent_general_bikes": 2,
                "available_return_bikes": 17,
                "total_bikes": 19
            },
            "geometry": {
                "type": "Point",
                "coordinates": [
                    121.57062,
                    25.05139
                ]
            }
        },
        {
            "type": "Feature",
            "properties": {
                "sna": "五常街370巷",
                "sno": 500110080,
                "available_rent_general_bikes": 0,
                "available_return_bikes": 10,
                "total_bikes": 10
            },
            "geometry": {
                "type": "Point",
                "coordinates": [
                    121.54537,
                    25.06432
                ]
            }
        },
        {
            "type": "Feature",
            "properties": {
                "sna": "延壽街119巷口",
                "sno": 500110081,
                "available_rent_general_bikes": 1,
                "available_return_bikes": 14,
                "total_bikes": 15
            },
            "geometry": {
                "type": "Point",
                "coordinates": [
                    121.56486,
                    25.05708
                ]
            }
        },
        {
            "type": "Feature",
            "properties": {
                "sna": "市民東寧路口",
                "sno": 500110082,
                "available_rent_general_bikes": 0,
                "available_return_bikes": 14,
                "total_bikes": 14
            },
            "geometry": {
                "type": "Point",
                "coordinates": [
                    121.56305,
                    25.04742
                ]
            }
        },
        {
            "type": "Feature",
            "properties": {
                "sna": "民福簡易綠地",
                "sno": 500110083,
                "available_rent_general_bikes": 1,
                "available_return_bikes": 13,
                "total_bikes": 14
            },
            "geometry": {
                "type": "Point",
                "coordinates": [
                    121.54529,
                    25.06589
                ]
            }
        },
        {
            "type": "Feature",
            "properties": {
                "sna": "三民國小(撫遠街)",
                "sno": 500110084,
                "available_rent_general_bikes": 15,
                "available_return_bikes": 11,
                "total_bikes": 26
            },
            "geometry": {
                "type": "Point",
                "coordinates": [
                    121.56458,
                    25.06457
                ]
            }
        },
        {
            "type": "Feature",
            "properties": {
                "sna": "民生郵局",
                "sno": 500110085,
                "available_rent_general_bikes": 8,
                "available_return_bikes": 6,
                "total_bikes": 14
            },
            "geometry": {
                "type": "Point",
                "coordinates": [
                    121.56586,
                    25.05936
                ]
            }
        },
        {
            "type": "Feature",
            "properties": {
                "sna": "民權敦化路口(西北側)",
                "sno": 500110086,
                "available_rent_general_bikes": 15,
                "available_return_bikes": 8,
                "total_bikes": 23
            },
            "geometry": {
                "type": "Point",
                "coordinates": [
                    121.55,
                    25.06185
                ]
            }
        },
        {
            "type": "Feature",
            "properties": {
                "sna": "寶清八德路口(北側)",
                "sno": 500110087,
                "available_rent_general_bikes": 0,
                "available_return_bikes": 15,
                "total_bikes": 15
            },
            "geometry": {
                "type": "Point",
                "coordinates": [
                    121.56879,
                    25.05028
                ]
            }
        },
        {
            "type": "Feature",
            "properties": {
                "sna": "民生東路三段140巷口",
                "sno": 500110088,
                "available_rent_general_bikes": 12,
                "available_return_bikes": 2,
                "total_bikes": 14
            },
            "geometry": {
                "type": "Point",
                "coordinates": [
                    121.5467,
                    25.056
                ]
            }
        },
        {
            "type": "Feature",
            "properties": {
                "sna": "新東延壽街口",
                "sno": 500110089,
                "available_rent_general_bikes": 2,
                "available_return_bikes": 21,
                "total_bikes": 23
            },
            "geometry": {
                "type": "Point",
                "coordinates": [
                    121.56608,
                    25.05725
                ]
            }
        },
        {
            "type": "Feature",
            "properties": {
                "sna": "健康公園",
                "sno": 500110090,
                "available_rent_general_bikes": 1,
                "available_return_bikes": 24,
                "total_bikes": 25
            },
            "geometry": {
                "type": "Point",
                "coordinates": [
                    121.56878,
                    25.05434
                ]
            }
        },
        {
            "type": "Feature",
            "properties": {
                "sna": "新中街4巷口",
                "sno": 500110091,
                "available_rent_general_bikes": 3,
                "available_return_bikes": 30,
                "total_bikes": 33
            },
            "geometry": {
                "type": "Point",
                "coordinates": [
                    121.56167,
                    25.05779
                ]
            }
        },
        {
            "type": "Feature",
            "properties": {
                "sna": "光復北富錦街口",
                "sno": 500110092,
                "available_rent_general_bikes": 3,
                "available_return_bikes": 22,
                "total_bikes": 25
            },
            "geometry": {
                "type": "Point",
                "coordinates": [
                    121.55489,
                    25.06054
                ]
            }
        },
        {
            "type": "Feature",
            "properties": {
                "sna": "南港公園(東新街)",
                "sno": 500111001,
                "available_rent_general_bikes": 11,
                "available_return_bikes": 12,
                "total_bikes": 23
            },
            "geometry": {
                "type": "Point",
                "coordinates": [
                    121.59226,
                    25.04591
                ]
            }
        },
        {
            "type": "Feature",
            "properties": {
                "sna": "南港公園(福德街)",
                "sno": 500111002,
                "available_rent_general_bikes": 9,
                "available_return_bikes": 47,
                "total_bikes": 56
            },
            "geometry": {
                "type": "Point",
                "coordinates": [
                    121.59089,
                    25.04128
                ]
            }
        },
        {
            "type": "Feature",
            "properties": {
                "sna": "捷運昆陽站(1號出口)",
                "sno": 500111003,
                "available_rent_general_bikes": 26,
                "available_return_bikes": 37,
                "total_bikes": 63
            },
            "geometry": {
                "type": "Point",
                "coordinates": [
                    121.59238,
                    25.05014
                ]
            }
        },
        {
            "type": "Feature",
            "properties": {
                "sna": "忠孝東路六段225巷口",
                "sno": 500111004,
                "available_rent_general_bikes": 17,
                "available_return_bikes": 17,
                "total_bikes": 34
            },
            "geometry": {
                "type": "Point",
                "coordinates": [
                    121.58832,
                    25.04919
                ]
            }
        },
        {
            "type": "Feature",
            "properties": {
                "sna": "捷運後山埤站(1號出口)",
                "sno": 500111005,
                "available_rent_general_bikes": 28,
                "available_return_bikes": 20,
                "total_bikes": 48
            },
            "geometry": {
                "type": "Point",
                "coordinates": [
                    121.58133,
                    25.04437
                ]
            }
        },
        {
            "type": "Feature",
            "properties": {
                "sna": "合樂公園",
                "sno": 500111006,
                "available_rent_general_bikes": 7,
                "available_return_bikes": 8,
                "total_bikes": 15
            },
            "geometry": {
                "type": "Point",
                "coordinates": [
                    121.58154,
                    25.04843
                ]
            }
        },
        {
            "type": "Feature",
            "properties": {
                "sna": "合心廣場",
                "sno": 500111007,
                "available_rent_general_bikes": 19,
                "available_return_bikes": 21,
                "total_bikes": 40
            },
            "geometry": {
                "type": "Point",
                "coordinates": [
                    121.58315,
                    25.04608
                ]
            }
        },
        {
            "type": "Feature",
            "properties": {
                "sna": "成德國中",
                "sno": 500111008,
                "available_rent_general_bikes": 1,
                "available_return_bikes": 41,
                "total_bikes": 42
            },
            "geometry": {
                "type": "Point",
                "coordinates": [
                    121.5882,
                    25.04592
                ]
            }
        },
        {
            "type": "Feature",
            "properties": {
                "sna": "玉成公園",
                "sno": 500111009,
                "available_rent_general_bikes": 2,
                "available_return_bikes": 32,
                "total_bikes": 34
            },
            "geometry": {
                "type": "Point",
                "coordinates": [
                    121.58613,
                    25.04281
                ]
            }
        },
        {
            "type": "Feature",
            "properties": {
                "sna": "研究院舊莊街口",
                "sno": 500111010,
                "available_rent_general_bikes": 1,
                "available_return_bikes": 27,
                "total_bikes": 28
            },
            "geometry": {
                "type": "Point",
                "coordinates": [
                    121.61683,
                    25.04239
                ]
            }
        },
        {
            "type": "Feature",
            "properties": {
                "sna": "中研院綜合體育館東側",
                "sno": 500111011,
                "available_rent_general_bikes": 23,
                "available_return_bikes": 5,
                "total_bikes": 28
            },
            "geometry": {
                "type": "Point",
                "coordinates": [
                    121.61374,
                    25.04054
                ]
            }
        },
        {
            "type": "Feature",
            "properties": {
                "sna": "國家生技園區",
                "sno": 500111012,
                "available_rent_general_bikes": 19,
                "available_return_bikes": 7,
                "total_bikes": 26
            },
            "geometry": {
                "type": "Point",
                "coordinates": [
                    121.61145,
                    25.04763
                ]
            }
        },
        {
            "type": "Feature",
            "properties": {
                "sna": "捷運南港展覽館站(5號出口)",
                "sno": 500111013,
                "available_rent_general_bikes": 4,
                "available_return_bikes": 68,
                "total_bikes": 72
            },
            "geometry": {
                "type": "Point",
                "coordinates": [
                    121.61669,
                    25.05469
                ]
            }
        },
        {
            "type": "Feature",
            "properties": {
                "sna": "中研公園",
                "sno": 500111014,
                "available_rent_general_bikes": 4,
                "available_return_bikes": 34,
                "total_bikes": 38
            },
            "geometry": {
                "type": "Point",
                "coordinates": [
                    121.61375,
                    25.04697
                ]
            }
        },
        {
            "type": "Feature",
            "properties": {
                "sna": "福山公園",
                "sno": 500111015,
                "available_rent_general_bikes": 3,
                "available_return_bikes": 27,
                "total_bikes": 30
            },
            "geometry": {
                "type": "Point",
                "coordinates": [
                    121.61775,
                    25.04499
                ]
            }
        },
        {
            "type": "Feature",
            "properties": {
                "sna": "舊莊區民活動中心",
                "sno": 500111016,
                "available_rent_general_bikes": 2,
                "available_return_bikes": 31,
                "total_bikes": 33
            },
            "geometry": {
                "type": "Point",
                "coordinates": [
                    121.6191,
                    25.04139
                ]
            }
        },
        {
            "type": "Feature",
            "properties": {
                "sna": "凌雲市場",
                "sno": 500111017,
                "available_rent_general_bikes": 2,
                "available_return_bikes": 20,
                "total_bikes": 22
            },
            "geometry": {
                "type": "Point",
                "coordinates": [
                    121.61415,
                    25.03564
                ]
            }
        },
        {
            "type": "Feature",
            "properties": {
                "sna": "市民大道八段532號",
                "sno": 500111018,
                "available_rent_general_bikes": 1,
                "available_return_bikes": 14,
                "total_bikes": 15
            },
            "geometry": {
                "type": "Point",
                "coordinates": [
                    121.61334,
                    25.054
                ]
            }
        },
        {
            "type": "Feature",
            "properties": {
                "sna": "捷運南港軟體園區(2號出口)",
                "sno": 500111019,
                "available_rent_general_bikes": 0,
                "available_return_bikes": 37,
                "total_bikes": 37
            },
            "geometry": {
                "type": "Point",
                "coordinates": [
                    121.61677,
                    25.05933
                ]
            }
        },
        {
            "type": "Feature",
            "properties": {
                "sna": "南港國小",
                "sno": 500111020,
                "available_rent_general_bikes": 14,
                "available_return_bikes": 21,
                "total_bikes": 35
            },
            "geometry": {
                "type": "Point",
                "coordinates": [
                    121.61137,
                    25.05668
                ]
            }
        },
        {
            "type": "Feature",
            "properties": {
                "sna": "興中立體停車場(興中路)",
                "sno": 500111021,
                "available_rent_general_bikes": 11,
                "available_return_bikes": 15,
                "total_bikes": 26
            },
            "geometry": {
                "type": "Point",
                "coordinates": [
                    121.607,
                    25.05629
                ]
            }
        },
        {
            "type": "Feature",
            "properties": {
                "sna": "臺北市立圖書館南港分館",
                "sno": 500111022,
                "available_rent_general_bikes": 17,
                "available_return_bikes": 21,
                "total_bikes": 38
            },
            "geometry": {
                "type": "Point",
                "coordinates": [
                    121.60866,
                    25.05485
                ]
            }
        },
        {
            "type": "Feature",
            "properties": {
                "sna": "東陽公園",
                "sno": 500111023,
                "available_rent_general_bikes": 8,
                "available_return_bikes": 40,
                "total_bikes": 48
            },
            "geometry": {
                "type": "Point",
                "coordinates": [
                    121.59792,
                    25.05716
                ]
            }
        },
        {
            "type": "Feature",
            "properties": {
                "sna": "向陽南港路口",
                "sno": 500111024,
                "available_rent_general_bikes": 11,
                "available_return_bikes": 15,
                "total_bikes": 26
            },
            "geometry": {
                "type": "Point",
                "coordinates": [
                    121.59423,
                    25.05437
                ]
            }
        },
        {
            "type": "Feature",
            "properties": {
                "sna": "南港車站(忠孝東路七段415巷)",
                "sno": 500111025,
                "available_rent_general_bikes": 4,
                "available_return_bikes": 7,
                "total_bikes": 11
            },
            "geometry": {
                "type": "Point",
                "coordinates": [
                    121.60922,
                    25.05252
                ]
            }
        },
        {
            "type": "Feature",
            "properties": {
                "sna": "捷運南港站(2號出口)",
                "sno": 500111026,
                "available_rent_general_bikes": 10,
                "available_return_bikes": 13,
                "total_bikes": 23
            },
            "geometry": {
                "type": "Point",
                "coordinates": [
                    121.60741,
                    25.05201
                ]
            }
        },
        {
            "type": "Feature",
            "properties": {
                "sna": "捷運南港站(1號出口)",
                "sno": 500111027,
                "available_rent_general_bikes": 5,
                "available_return_bikes": 14,
                "total_bikes": 19
            },
            "geometry": {
                "type": "Point",
                "coordinates": [
                    121.60642,
                    25.05192
                ]
            }
        },
        {
            "type": "Feature",
            "properties": {
                "sna": "東新國小",
                "sno": 500111028,
                "available_rent_general_bikes": 4,
                "available_return_bikes": 18,
                "total_bikes": 22
            },
            "geometry": {
                "type": "Point",
                "coordinates": [
                    121.6028,
                    25.05507
                ]
            }
        },
        {
            "type": "Feature",
            "properties": {
                "sna": "中華科技大學",
                "sno": 500111029,
                "available_rent_general_bikes": 1,
                "available_return_bikes": 17,
                "total_bikes": 18
            },
            "geometry": {
                "type": "Point",
                "coordinates": [
                    121.60985,
                    25.03392
                ]
            }
        },
        {
            "type": "Feature",
            "properties": {
                "sna": "六福公園",
                "sno": 500111030,
                "available_rent_general_bikes": 0,
                "available_return_bikes": 18,
                "total_bikes": 18
            },
            "geometry": {
                "type": "Point",
                "coordinates": [
                    121.61703,
                    25.04681
                ]
            }
        },
        {
            "type": "Feature",
            "properties": {
                "sna": "南港加壓站",
                "sno": 500111031,
                "available_rent_general_bikes": 0,
                "available_return_bikes": 24,
                "total_bikes": 24
            },
            "geometry": {
                "type": "Point",
                "coordinates": [
                    121.61594,
                    25.04805
                ]
            }
        },
        {
            "type": "Feature",
            "properties": {
                "sna": "臺北流行音樂中心(南港路)",
                "sno": 500111032,
                "available_rent_general_bikes": 5,
                "available_return_bikes": 14,
                "total_bikes": 19
            },
            "geometry": {
                "type": "Point",
                "coordinates": [
                    121.59945,
                    25.05343
                ]
            }
        },
        {
            "type": "Feature",
            "properties": {
                "sna": "興南公園",
                "sno": 500111033,
                "available_rent_general_bikes": 14,
                "available_return_bikes": 9,
                "total_bikes": 23
            },
            "geometry": {
                "type": "Point",
                "coordinates": [
                    121.60396,
                    25.05766
                ]
            }
        },
        {
            "type": "Feature",
            "properties": {
                "sna": "臺北流行音樂中心(市民大道)",
                "sno": 500111034,
                "available_rent_general_bikes": 22,
                "available_return_bikes": 10,
                "total_bikes": 32
            },
            "geometry": {
                "type": "Point",
                "coordinates": [
                    121.59839,
                    25.05211
                ]
            }
        },
        {
            "type": "Feature",
            "properties": {
                "sna": "南港車站(市民大道)",
                "sno": 500111035,
                "available_rent_general_bikes": 2,
                "available_return_bikes": 27,
                "total_bikes": 29
            },
            "geometry": {
                "type": "Point",
                "coordinates": [
                    121.60656,
                    25.05326
                ]
            }
        },
        {
            "type": "Feature",
            "properties": {
                "sna": "忠孝東路七段527巷口",
                "sno": 500111036,
                "available_rent_general_bikes": 1,
                "available_return_bikes": 24,
                "total_bikes": 25
            },
            "geometry": {
                "type": "Point",
                "coordinates": [
                    121.61275,
                    25.05266
                ]
            }
        },
        {
            "type": "Feature",
            "properties": {
                "sna": "南港軟體園區(新民街)",
                "sno": 500111037,
                "available_rent_general_bikes": 6,
                "available_return_bikes": 19,
                "total_bikes": 25
            },
            "geometry": {
                "type": "Point",
                "coordinates": [
                    121.61369,
                    25.05627
                ]
            }
        },
        {
            "type": "Feature",
            "properties": {
                "sna": "世貿公園",
                "sno": 500111038,
                "available_rent_general_bikes": 23,
                "available_return_bikes": 11,
                "total_bikes": 34
            },
            "geometry": {
                "type": "Point",
                "coordinates": [
                    121.61422,
                    25.05831
                ]
            }
        },
        {
            "type": "Feature",
            "properties": {
                "sna": "凌雲五村(研究院路三段8巷)",
                "sno": 500111039,
                "available_rent_general_bikes": 7,
                "available_return_bikes": 17,
                "total_bikes": 24
            },
            "geometry": {
                "type": "Point",
                "coordinates": [
                    121.61688,
                    25.03595
                ]
            }
        },
        {
            "type": "Feature",
            "properties": {
                "sna": "新新公園(昆陽街60巷)",
                "sno": 500111040,
                "available_rent_general_bikes": 8,
                "available_return_bikes": 11,
                "total_bikes": 19
            },
            "geometry": {
                "type": "Point",
                "coordinates": [
                    121.59053,
                    25.0521
                ]
            }
        },
        {
            "type": "Feature",
            "properties": {
                "sna": "南港高中(昆陽街)",
                "sno": 500111041,
                "available_rent_general_bikes": 17,
                "available_return_bikes": 8,
                "total_bikes": 25
            },
            "geometry": {
                "type": "Point",
                "coordinates": [
                    121.59279,
                    25.05285
                ]
            }
        },
        {
            "type": "Feature",
            "properties": {
                "sna": "南港路三段290巷口",
                "sno": 500111042,
                "available_rent_general_bikes": 8,
                "available_return_bikes": 11,
                "total_bikes": 19
            },
            "geometry": {
                "type": "Point",
                "coordinates": [
                    121.58152,
                    25.05234
                ]
            }
        },
        {
            "type": "Feature",
            "properties": {
                "sna": "南港路三段220巷口",
                "sno": 500111043,
                "available_rent_general_bikes": 9,
                "available_return_bikes": 15,
                "total_bikes": 24
            },
            "geometry": {
                "type": "Point",
                "coordinates": [
                    121.58599,
                    25.05289
                ]
            }
        },
        {
            "type": "Feature",
            "properties": {
                "sna": "南港東新街口",
                "sno": 500111044,
                "available_rent_general_bikes": 19,
                "available_return_bikes": 7,
                "total_bikes": 26
            },
            "geometry": {
                "type": "Point",
                "coordinates": [
                    121.58284,
                    25.05168
                ]
            }
        },
        {
            "type": "Feature",
            "properties": {
                "sna": "八德中坡路口",
                "sno": 500111045,
                "available_rent_general_bikes": 21,
                "available_return_bikes": 18,
                "total_bikes": 39
            },
            "geometry": {
                "type": "Point",
                "coordinates": [
                    121.5803,
                    25.05064
                ]
            }
        },
        {
            "type": "Feature",
            "properties": {
                "sna": "捷運後山埤站(3號出口)",
                "sno": 500111046,
                "available_rent_general_bikes": 13,
                "available_return_bikes": 2,
                "total_bikes": 15
            },
            "geometry": {
                "type": "Point",
                "coordinates": [
                    121.5836,
                    25.04511
                ]
            }
        },
        {
            "type": "Feature",
            "properties": {
                "sna": "玉成公園運動中心",
                "sno": 500111047,
                "available_rent_general_bikes": 21,
                "available_return_bikes": 4,
                "total_bikes": 25
            },
            "geometry": {
                "type": "Point",
                "coordinates": [
                    121.58493,
                    25.04193
                ]
            }
        },
        {
            "type": "Feature",
            "properties": {
                "sna": "百福公園",
                "sno": 500111048,
                "available_rent_general_bikes": 2,
                "available_return_bikes": 22,
                "total_bikes": 24
            },
            "geometry": {
                "type": "Point",
                "coordinates": [
                    121.58788,
                    25.03884
                ]
            }
        },
        {
            "type": "Feature",
            "properties": {
                "sna": "南湖大橋(經貿二路255巷)",
                "sno": 500111049,
                "available_rent_general_bikes": 11,
                "available_return_bikes": 8,
                "total_bikes": 19
            },
            "geometry": {
                "type": "Point",
                "coordinates": [
                    121.61384,
                    25.06148
                ]
            }
        },
        {
            "type": "Feature",
            "properties": {
                "sna": "園區重陽路口",
                "sno": 500111050,
                "available_rent_general_bikes": 3,
                "available_return_bikes": 15,
                "total_bikes": 18
            },
            "geometry": {
                "type": "Point",
                "coordinates": [
                    121.61072,
                    25.05937
                ]
            }
        },
        {
            "type": "Feature",
            "properties": {
                "sna": "南港車站B棟(市民大道)",
                "sno": 500111051,
                "available_rent_general_bikes": 5,
                "available_return_bikes": 19,
                "total_bikes": 24
            },
            "geometry": {
                "type": "Point",
                "coordinates": [
                    121.60549,
                    25.05293
                ]
            }
        },
        {
            "type": "Feature",
            "properties": {
                "sna": "胡適公園",
                "sno": 500111052,
                "available_rent_general_bikes": 1,
                "available_return_bikes": 17,
                "total_bikes": 18
            },
            "geometry": {
                "type": "Point",
                "coordinates": [
                    121.61766,
                    25.04014
                ]
            }
        },
        {
            "type": "Feature",
            "properties": {
                "sna": "南港抽水站",
                "sno": 500111053,
                "available_rent_general_bikes": 6,
                "available_return_bikes": 13,
                "total_bikes": 19
            },
            "geometry": {
                "type": "Point",
                "coordinates": [
                    121.61267,
                    25.06164
                ]
            }
        },
        {
            "type": "Feature",
            "properties": {
                "sna": "經貿公園",
                "sno": 500111054,
                "available_rent_general_bikes": 14,
                "available_return_bikes": 5,
                "total_bikes": 19
            },
            "geometry": {
                "type": "Point",
                "coordinates": [
                    121.61597,
                    25.06271
                ]
            }
        },
        {
            "type": "Feature",
            "properties": {
                "sna": "育成高中",
                "sno": 500111055,
                "available_rent_general_bikes": 22,
                "available_return_bikes": 10,
                "total_bikes": 32
            },
            "geometry": {
                "type": "Point",
                "coordinates": [
                    121.60983,
                    25.05853
                ]
            }
        },
        {
            "type": "Feature",
            "properties": {
                "sna": "捷運南港展覽館站(7號出口)",
                "sno": 500111056,
                "available_rent_general_bikes": 16,
                "available_return_bikes": 26,
                "total_bikes": 42
            },
            "geometry": {
                "type": "Point",
                "coordinates": [
                    121.6181,
                    25.05436
                ]
            }
        },
        {
            "type": "Feature",
            "properties": {
                "sna": "力行橋(南港)",
                "sno": 500111057,
                "available_rent_general_bikes": 2,
                "available_return_bikes": 16,
                "total_bikes": 18
            },
            "geometry": {
                "type": "Point",
                "coordinates": [
                    121.61686,
                    25.05172
                ]
            }
        },
        {
            "type": "Feature",
            "properties": {
                "sna": "舊莊國小(舊莊街一段)",
                "sno": 500111058,
                "available_rent_general_bikes": 1,
                "available_return_bikes": 14,
                "total_bikes": 15
            },
            "geometry": {
                "type": "Point",
                "coordinates": [
                    121.62015,
                    25.03987
                ]
            }
        },
        {
            "type": "Feature",
            "properties": {
                "sna": "向陽公園",
                "sno": 500111059,
                "available_rent_general_bikes": 9,
                "available_return_bikes": 8,
                "total_bikes": 17
            },
            "geometry": {
                "type": "Point",
                "coordinates": [
                    121.59265,
                    25.05705
                ]
            }
        },
        {
            "type": "Feature",
            "properties": {
                "sna": "小彎社會住宅",
                "sno": 500111060,
                "available_rent_general_bikes": 14,
                "available_return_bikes": 37,
                "total_bikes": 51
            },
            "geometry": {
                "type": "Point",
                "coordinates": [
                    121.59368,
                    25.0582
                ]
            }
        },
        {
            "type": "Feature",
            "properties": {
                "sna": "捷運南港展覽館站(6號出口)",
                "sno": 500111061,
                "available_rent_general_bikes": 14,
                "available_return_bikes": 11,
                "total_bikes": 25
            },
            "geometry": {
                "type": "Point",
                "coordinates": [
                    121.6185,
                    25.05465
                ]
            }
        },
        {
            "type": "Feature",
            "properties": {
                "sna": "捷運南港展覽館站(4號出口)",
                "sno": 500111062,
                "available_rent_general_bikes": 8,
                "available_return_bikes": 11,
                "total_bikes": 19
            },
            "geometry": {
                "type": "Point",
                "coordinates": [
                    121.61838,
                    25.05535
                ]
            }
        },
        {
            "type": "Feature",
            "properties": {
                "sna": "成德綠地",
                "sno": 500111063,
                "available_rent_general_bikes": 4,
                "available_return_bikes": 13,
                "total_bikes": 17
            },
            "geometry": {
                "type": "Point",
                "coordinates": [
                    121.58731,
                    25.04675
                ]
            }
        },
        {
            "type": "Feature",
            "properties": {
                "sna": "南港公園(東新街170巷)",
                "sno": 500111064,
                "available_rent_general_bikes": 2,
                "available_return_bikes": 14,
                "total_bikes": 16
            },
            "geometry": {
                "type": "Point",
                "coordinates": [
                    121.59323,
                    25.04134
                ]
            }
        },
        {
            "type": "Feature",
            "properties": {
                "sna": "中坡市民路口(東北側)",
                "sno": 500111065,
                "available_rent_general_bikes": 16,
                "available_return_bikes": 8,
                "total_bikes": 24
            },
            "geometry": {
                "type": "Point",
                "coordinates": [
                    121.58028,
                    25.04969
                ]
            }
        },
        {
            "type": "Feature",
            "properties": {
                "sna": "昆陽公園",
                "sno": 500111066,
                "available_rent_general_bikes": 0,
                "available_return_bikes": 14,
                "total_bikes": 14
            },
            "geometry": {
                "type": "Point",
                "coordinates": [
                    121.59425,
                    25.0483
                ]
            }
        },
        {
            "type": "Feature",
            "properties": {
                "sna": "南港路二段178巷口",
                "sno": 500111067,
                "available_rent_general_bikes": 0,
                "available_return_bikes": 15,
                "total_bikes": 15
            },
            "geometry": {
                "type": "Point",
                "coordinates": [
                    121.59969,
                    25.05368
                ]
            }
        },
        {
            "type": "Feature",
            "properties": {
                "sna": "南港車站(忠孝東路)",
                "sno": 500111068,
                "available_rent_general_bikes": 4,
                "available_return_bikes": 20,
                "total_bikes": 24
            },
            "geometry": {
                "type": "Point",
                "coordinates": [
                    121.60766,
                    25.05225
                ]
            }
        },
        {
            "type": "Feature",
            "properties": {
                "sna": "南港車站(興華路)",
                "sno": 500111069,
                "available_rent_general_bikes": 3,
                "available_return_bikes": 44,
                "total_bikes": 47
            },
            "geometry": {
                "type": "Point",
                "coordinates": [
                    121.60633,
                    25.05343
                ]
            }
        },
        {
            "type": "Feature",
            "properties": {
                "sna": "玉成公園(成福路178巷口)",
                "sno": 500111070,
                "available_rent_general_bikes": 10,
                "available_return_bikes": 16,
                "total_bikes": 26
            },
            "geometry": {
                "type": "Point",
                "coordinates": [
                    121.58735,
                    25.04177
                ]
            }
        },
        {
            "type": "Feature",
            "properties": {
                "sna": "玉東公園(東新街)",
                "sno": 500111071,
                "available_rent_general_bikes": 24,
                "available_return_bikes": 1,
                "total_bikes": 25
            },
            "geometry": {
                "type": "Point",
                "coordinates": [
                    121.58383,
                    25.04998
                ]
            }
        },
        {
            "type": "Feature",
            "properties": {
                "sna": "南港出租國宅社區",
                "sno": 500111072,
                "available_rent_general_bikes": 2,
                "available_return_bikes": 20,
                "total_bikes": 22
            },
            "geometry": {
                "type": "Point",
                "coordinates": [
                    121.59302,
                    25.03878
                ]
            }
        },
        {
            "type": "Feature",
            "properties": {
                "sna": "成福路197巷口",
                "sno": 500111073,
                "available_rent_general_bikes": 8,
                "available_return_bikes": 7,
                "total_bikes": 15
            },
            "geometry": {
                "type": "Point",
                "coordinates": [
                    121.58877,
                    25.04066
                ]
            }
        },
        {
            "type": "Feature",
            "properties": {
                "sna": "南港疏散門(基三號疏散門)",
                "sno": 500111074,
                "available_rent_general_bikes": 18,
                "available_return_bikes": 5,
                "total_bikes": 23
            },
            "geometry": {
                "type": "Point",
                "coordinates": [
                    121.5892,
                    25.05543
                ]
            }
        },
        {
            "type": "Feature",
            "properties": {
                "sna": "成德立體停車場",
                "sno": 500111075,
                "available_rent_general_bikes": 5,
                "available_return_bikes": 12,
                "total_bikes": 17
            },
            "geometry": {
                "type": "Point",
                "coordinates": [
                    121.58629,
                    25.04557
                ]
            }
        },
        {
            "type": "Feature",
            "properties": {
                "sna": "南港展覽館2館",
                "sno": 500111076,
                "available_rent_general_bikes": 4,
                "available_return_bikes": 14,
                "total_bikes": 18
            },
            "geometry": {
                "type": "Point",
                "coordinates": [
                    121.61646,
                    25.05545
                ]
            }
        },
        {
            "type": "Feature",
            "properties": {
                "sna": "舊莊派出所",
                "sno": 500111077,
                "available_rent_general_bikes": 2,
                "available_return_bikes": 13,
                "total_bikes": 15
            },
            "geometry": {
                "type": "Point",
                "coordinates": [
                    121.62274,
                    25.03827
                ]
            }
        },
        {
            "type": "Feature",
            "properties": {
                "sna": "南港路三段80巷",
                "sno": 500111078,
                "available_rent_general_bikes": 5,
                "available_return_bikes": 8,
                "total_bikes": 13
            },
            "geometry": {
                "type": "Point",
                "coordinates": [
                    121.59124,
                    25.05394
                ]
            }
        },
        {
            "type": "Feature",
            "properties": {
                "sna": "捷運昆陽站(4號出口)",
                "sno": 500111079,
                "available_rent_general_bikes": 8,
                "available_return_bikes": 18,
                "total_bikes": 26
            },
            "geometry": {
                "type": "Point",
                "coordinates": [
                    121.59431,
                    25.05066
                ]
            }
        },
        {
            "type": "Feature",
            "properties": {
                "sna": "忠孝東路六段278巷口",
                "sno": 500111080,
                "available_rent_general_bikes": 4,
                "available_return_bikes": 10,
                "total_bikes": 14
            },
            "geometry": {
                "type": "Point",
                "coordinates": [
                    121.58906,
                    25.04916
                ]
            }
        },
        {
            "type": "Feature",
            "properties": {
                "sna": "中研院人文社會科學館",
                "sno": 500111081,
                "available_rent_general_bikes": 19,
                "available_return_bikes": 8,
                "total_bikes": 27
            },
            "geometry": {
                "type": "Point",
                "coordinates": [
                    121.6118,
                    25.04126
                ]
            }
        },
        {
            "type": "Feature",
            "properties": {
                "sna": "南港路三段130巷口",
                "sno": 500111082,
                "available_rent_general_bikes": 3,
                "available_return_bikes": 9,
                "total_bikes": 12
            },
            "geometry": {
                "type": "Point",
                "coordinates": [
                    121.58781,
                    25.05457
                ]
            }
        },
        {
            "type": "Feature",
            "properties": {
                "sna": "南港路三段190巷口",
                "sno": 500111083,
                "available_rent_general_bikes": 11,
                "available_return_bikes": 5,
                "total_bikes": 16
            },
            "geometry": {
                "type": "Point",
                "coordinates": [
                    121.58638,
                    25.05381
                ]
            }
        },
        {
            "type": "Feature",
            "properties": {
                "sna": "忠孝東路六段212巷口",
                "sno": 500111084,
                "available_rent_general_bikes": 6,
                "available_return_bikes": 9,
                "total_bikes": 15
            },
            "geometry": {
                "type": "Point",
                "coordinates": [
                    121.58742,
                    25.0488
                ]
            }
        },
        {
            "type": "Feature",
            "properties": {
                "sna": "新富公園",
                "sno": 500111085,
                "available_rent_general_bikes": 0,
                "available_return_bikes": 12,
                "total_bikes": 12
            },
            "geometry": {
                "type": "Point",
                "coordinates": [
                    121.61713,
                    25.05296
                ]
            }
        },
        {
            "type": "Feature",
            "properties": {
                "sna": "東新街63巷口",
                "sno": 500111086,
                "available_rent_general_bikes": 9,
                "available_return_bikes": 4,
                "total_bikes": 13
            },
            "geometry": {
                "type": "Point",
                "coordinates": [
                    121.58605,
                    25.04728
                ]
            }
        },
        {
            "type": "Feature",
            "properties": {
                "sna": "中興公園",
                "sno": 500111087,
                "available_rent_general_bikes": 11,
                "available_return_bikes": 4,
                "total_bikes": 15
            },
            "geometry": {
                "type": "Point",
                "coordinates": [
                    121.61481,
                    25.04487
                ]
            }
        },
        {
            "type": "Feature",
            "properties": {
                "sna": "向陽市民大道路口(西北側)",
                "sno": 500111088,
                "available_rent_general_bikes": 17,
                "available_return_bikes": 11,
                "total_bikes": 28
            },
            "geometry": {
                "type": "Point",
                "coordinates": [
                    121.59535,
                    25.05163
                ]
            }
        },
        {
            "type": "Feature",
            "properties": {
                "sna": "向陽南港路口(西北側)",
                "sno": 500111089,
                "available_rent_general_bikes": 2,
                "available_return_bikes": 14,
                "total_bikes": 16
            },
            "geometry": {
                "type": "Point",
                "coordinates": [
                    121.5944,
                    25.05486
                ]
            }
        },
        {
            "type": "Feature",
            "properties": {
                "sna": "研究院路一段151巷口",
                "sno": 500111090,
                "available_rent_general_bikes": 2,
                "available_return_bikes": 11,
                "total_bikes": 13
            },
            "geometry": {
                "type": "Point",
                "coordinates": [
                    121.6162,
                    25.04997
                ]
            }
        },
        {
            "type": "Feature",
            "properties": {
                "sna": "興中重陽路口",
                "sno": 500111091,
                "available_rent_general_bikes": 14,
                "available_return_bikes": 10,
                "total_bikes": 24
            },
            "geometry": {
                "type": "Point",
                "coordinates": [
                    121.60674,
                    25.05801
                ]
            }
        },
        {
            "type": "Feature",
            "properties": {
                "sna": "中研院近代史研究所研究大樓",
                "sno": 500111092,
                "available_rent_general_bikes": 6,
                "available_return_bikes": 10,
                "total_bikes": 16
            },
            "geometry": {
                "type": "Point",
                "coordinates": [
                    121.61538,
                    25.03999
                ]
            }
        },
        {
            "type": "Feature",
            "properties": {
                "sna": "中研院人文社會科學研究中心",
                "sno": 500111093,
                "available_rent_general_bikes": 8,
                "available_return_bikes": 8,
                "total_bikes": 16
            },
            "geometry": {
                "type": "Point",
                "coordinates": [
                    121.61532,
                    25.04159
                ]
            }
        },
        {
            "type": "Feature",
            "properties": {
                "sna": "中研院生態時代館",
                "sno": 500111094,
                "available_rent_general_bikes": 9,
                "available_return_bikes": 6,
                "total_bikes": 15
            },
            "geometry": {
                "type": "Point",
                "coordinates": [
                    121.61342,
                    25.04287
                ]
            }
        },
        {
            "type": "Feature",
            "properties": {
                "sna": "玉成街(中坡北路50巷口)",
                "sno": 500111095,
                "available_rent_general_bikes": 9,
                "available_return_bikes": 11,
                "total_bikes": 20
            },
            "geometry": {
                "type": "Point",
                "coordinates": [
                    121.58192,
                    25.04691
                ]
            }
        },
        {
            "type": "Feature",
            "properties": {
                "sna": "東明公園",
                "sno": 500111096,
                "available_rent_general_bikes": 10,
                "available_return_bikes": 9,
                "total_bikes": 19
            },
            "geometry": {
                "type": "Point",
                "coordinates": [
                    121.60381,
                    25.05469
                ]
            }
        },
        {
            "type": "Feature",
            "properties": {
                "sna": "捷運南港軟體園區站(1號出口)",
                "sno": 500111097,
                "available_rent_general_bikes": 18,
                "available_return_bikes": 14,
                "total_bikes": 32
            },
            "geometry": {
                "type": "Point",
                "coordinates": [
                    121.61498,
                    25.06043
                ]
            }
        },
        {
            "type": "Feature",
            "properties": {
                "sna": "南港花園社區A18",
                "sno": 500111098,
                "available_rent_general_bikes": 0,
                "available_return_bikes": 12,
                "total_bikes": 12
            },
            "geometry": {
                "type": "Point",
                "coordinates": [
                    121.59111,
                    25.04015
                ]
            }
        },
        {
            "type": "Feature",
            "properties": {
                "sna": "內湖機廠(港東街)",
                "sno": 500111113,
                "available_rent_general_bikes": 1,
                "available_return_bikes": 16,
                "total_bikes": 17
            },
            "geometry": {
                "type": "Point",
                "coordinates": [
                    121.62189,
                    25.058
                ]
            }
        },
        {
            "type": "Feature",
            "properties": {
                "sna": "南港機廠(北流)",
                "sno": 500111115,
                "available_rent_general_bikes": 8,
                "available_return_bikes": 10,
                "total_bikes": 18
            },
            "geometry": {
                "type": "Point",
                "coordinates": [
                    121.6014,
                    25.05156
                ]
            }
        },
        {
            "type": "Feature",
            "properties": {
                "sna": "忠孝東路七段265巷",
                "sno": 500111116,
                "available_rent_general_bikes": 8,
                "available_return_bikes": 28,
                "total_bikes": 36
            },
            "geometry": {
                "type": "Point",
                "coordinates": [
                    121.60338,
                    25.05216
                ]
            }
        },
        {
            "type": "Feature",
            "properties": {
                "sna": "黎忠區民活動中心",
                "sno": 500112001,
                "available_rent_general_bikes": 0,
                "available_return_bikes": 20,
                "total_bikes": 20
            },
            "geometry": {
                "type": "Point",
                "coordinates": [
                    121.55769,
                    25.02035
                ]
            }
        },
        {
            "type": "Feature",
            "properties": {
                "sna": "基隆路二段159巷口",
                "sno": 500112002,
                "available_rent_general_bikes": 3,
                "available_return_bikes": 11,
                "total_bikes": 14
            },
            "geometry": {
                "type": "Point",
                "coordinates": [
                    121.55409,
                    25.02561
                ]
            }
        },
        {
            "type": "Feature",
            "properties": {
                "sna": "嘉興街175巷口",
                "sno": 500112003,
                "available_rent_general_bikes": 0,
                "available_return_bikes": 23,
                "total_bikes": 23
            },
            "geometry": {
                "type": "Point",
                "coordinates": [
                    121.55671,
                    25.02811
                ]
            }
        },
        {
            "type": "Feature",
            "properties": {
                "sna": "和平東路三段631巷口",
                "sno": 500112004,
                "available_rent_general_bikes": 12,
                "available_return_bikes": 12,
                "total_bikes": 24
            },
            "geometry": {
                "type": "Point",
                "coordinates": [
                    121.56335,
                    25.0132
                ]
            }
        },
        {
            "type": "Feature",
            "properties": {
                "sna": "和平東路三段530巷口",
                "sno": 500112005,
                "available_rent_general_bikes": 18,
                "available_return_bikes": 6,
                "total_bikes": 24
            },
            "geometry": {
                "type": "Point",
                "coordinates": [
                    121.56134,
                    25.01545
                ]
            }
        },
        {
            "type": "Feature",
            "properties": {
                "sna": "景勤二號公園",
                "sno": 500112006,
                "available_rent_general_bikes": 7,
                "available_return_bikes": 34,
                "total_bikes": 41
            },
            "geometry": {
                "type": "Point",
                "coordinates": [
                    121.55841,
                    25.02698
                ]
            }
        },
        {
            "type": "Feature",
            "properties": {
                "sna": "臺北醫學大學",
                "sno": 500112007,
                "available_rent_general_bikes": 14,
                "available_return_bikes": 45,
                "total_bikes": 59
            },
            "geometry": {
                "type": "Point",
                "coordinates": [
                    121.56175,
                    25.02668
                ]
            }
        },
        {
            "type": "Feature",
            "properties": {
                "sna": "三興公園",
                "sno": 500112008,
                "available_rent_general_bikes": 1,
                "available_return_bikes": 46,
                "total_bikes": 47
            },
            "geometry": {
                "type": "Point",
                "coordinates": [
                    121.55932,
                    25.02868
                ]
            }
        },
        {
            "type": "Feature",
            "properties": {
                "sna": "松德站",
                "sno": 500112009,
                "available_rent_general_bikes": 38,
                "available_return_bikes": 19,
                "total_bikes": 57
            },
            "geometry": {
                "type": "Point",
                "coordinates": [
                    121.57396,
                    25.03162
                ]
            }
        },
        {
            "type": "Feature",
            "properties": {
                "sna": "捷運象山站(2號出口)",
                "sno": 500112010,
                "available_rent_general_bikes": 2,
                "available_return_bikes": 29,
                "total_bikes": 31
            },
            "geometry": {
                "type": "Point",
                "coordinates": [
                    121.56974,
                    25.03222
                ]
            }
        },
        {
            "type": "Feature",
            "properties": {
                "sna": "象山公園",
                "sno": 500112011,
                "available_rent_general_bikes": 20,
                "available_return_bikes": 27,
                "total_bikes": 47
            },
            "geometry": {
                "type": "Point",
                "coordinates": [
                    121.56981,
                    25.02863
                ]
            }
        },
        {
            "type": "Feature",
            "properties": {
                "sna": "松仁路253巷3弄",
                "sno": 500112012,
                "available_rent_general_bikes": 1,
                "available_return_bikes": 23,
                "total_bikes": 24
            },
            "geometry": {
                "type": "Point",
                "coordinates": [
                    121.56884,
                    25.02678
                ]
            }
        },
        {
            "type": "Feature",
            "properties": {
                "sna": "興雅國中",
                "sno": 500112013,
                "available_rent_general_bikes": 2,
                "available_return_bikes": 0,
                "total_bikes": 2
            },
            "geometry": {
                "type": "Point",
                "coordinates": [
                    121.56983,
                    25.03616
                ]
            }
        },
        {
            "type": "Feature",
            "properties": {
                "sna": "捷運象山站(1號出口)",
                "sno": 500112014,
                "available_rent_general_bikes": 1,
                "available_return_bikes": 23,
                "total_bikes": 24
            },
            "geometry": {
                "type": "Point",
                "coordinates": [
                    121.56867,
                    25.03295
                ]
            }
        },
        {
            "type": "Feature",
            "properties": {
                "sna": "松德路200巷",
                "sno": 500112015,
                "available_rent_general_bikes": 34,
                "available_return_bikes": 7,
                "total_bikes": 41
            },
            "geometry": {
                "type": "Point",
                "coordinates": [
                    121.57301,
                    25.03471
                ]
            }
        },
        {
            "type": "Feature",
            "properties": {
                "sna": "中全公園",
                "sno": 500112016,
                "available_rent_general_bikes": 1,
                "available_return_bikes": 33,
                "total_bikes": 34
            },
            "geometry": {
                "type": "Point",
                "coordinates": [
                    121.57495,
                    25.0382
                ]
            }
        },
        {
            "type": "Feature",
            "properties": {
                "sna": "台北市災害應變中心",
                "sno": 500112017,
                "available_rent_general_bikes": 1,
                "available_return_bikes": 51,
                "total_bikes": 52
            },
            "geometry": {
                "type": "Point",
                "coordinates": [
                    121.56672,
                    25.02868
                ]
            }
        },
        {
            "type": "Feature",
            "properties": {
                "sna": "信義運動中心",
                "sno": 500112018,
                "available_rent_general_bikes": 0,
                "available_return_bikes": 34,
                "total_bikes": 34
            },
            "geometry": {
                "type": "Point",
                "coordinates": [
                    121.56678,
                    25.03189
                ]
            }
        },
        {
            "type": "Feature",
            "properties": {
                "sna": "捷運台北101/世貿站(3號出口)",
                "sno": 500112019,
                "available_rent_general_bikes": 0,
                "available_return_bikes": 15,
                "total_bikes": 15
            },
            "geometry": {
                "type": "Point",
                "coordinates": [
                    121.56337,
                    25.03275
                ]
            }
        },
        {
            "type": "Feature",
            "properties": {
                "sna": "景新公園",
                "sno": 500112020,
                "available_rent_general_bikes": 1,
                "available_return_bikes": 16,
                "total_bikes": 17
            },
            "geometry": {
                "type": "Point",
                "coordinates": [
                    121.56287,
                    25.03003
                ]
            }
        },
        {
            "type": "Feature",
            "properties": {
                "sna": "光復信義路口東南側",
                "sno": 500112021,
                "available_rent_general_bikes": 0,
                "available_return_bikes": 0,
                "total_bikes": 0
            },
            "geometry": {
                "type": "Point",
                "coordinates": [
                    121.55756,
                    25.03281
                ]
            }
        },
        {
            "type": "Feature",
            "properties": {
                "sna": "三張犁",
                "sno": 500112022,
                "available_rent_general_bikes": 1,
                "available_return_bikes": 55,
                "total_bikes": 56
            },
            "geometry": {
                "type": "Point",
                "coordinates": [
                    121.5576,
                    25.03452
                ]
            }
        },
        {
            "type": "Feature",
            "properties": {
                "sna": "仁愛路四段496巷口",
                "sno": 500112023,
                "available_rent_general_bikes": 3,
                "available_return_bikes": 31,
                "total_bikes": 34
            },
            "geometry": {
                "type": "Point",
                "coordinates": [
                    121.5602,
                    25.03745
                ]
            }
        },
        {
            "type": "Feature",
            "properties": {
                "sna": "松山工農",
                "sno": 500112024,
                "available_rent_general_bikes": 22,
                "available_return_bikes": 11,
                "total_bikes": 33
            },
            "geometry": {
                "type": "Point",
                "coordinates": [
                    121.57199,
                    25.03961
                ]
            }
        },
        {
            "type": "Feature",
            "properties": {
                "sna": "松友公園",
                "sno": 500112025,
                "available_rent_general_bikes": 2,
                "available_return_bikes": 37,
                "total_bikes": 39
            },
            "geometry": {
                "type": "Point",
                "coordinates": [
                    121.57636,
                    25.03423
                ]
            }
        },
        {
            "type": "Feature",
            "properties": {
                "sna": "林口公園",
                "sno": 500112026,
                "available_rent_general_bikes": 3,
                "available_return_bikes": 47,
                "total_bikes": 50
            },
            "geometry": {
                "type": "Point",
                "coordinates": [
                    121.57915,
                    25.03894
                ]
            }
        },
        {
            "type": "Feature",
            "properties": {
                "sna": "松山家商",
                "sno": 500112027,
                "available_rent_general_bikes": 13,
                "available_return_bikes": 11,
                "total_bikes": 24
            },
            "geometry": {
                "type": "Point",
                "coordinates": [
                    121.58018,
                    25.0347
                ]
            }
        },
        {
            "type": "Feature",
            "properties": {
                "sna": "永春陂濕地公園",
                "sno": 500112028,
                "available_rent_general_bikes": 5,
                "available_return_bikes": 18,
                "total_bikes": 23
            },
            "geometry": {
                "type": "Point",
                "coordinates": [
                    121.58096,
                    25.03301
                ]
            }
        },
        {
            "type": "Feature",
            "properties": {
                "sna": "臺北市政府",
                "sno": 500112029,
                "available_rent_general_bikes": 30,
                "available_return_bikes": 15,
                "total_bikes": 45
            },
            "geometry": {
                "type": "Point",
                "coordinates": [
                    121.56541,
                    25.03801
                ]
            }
        },
        {
            "type": "Feature",
            "properties": {
                "sna": "松智松壽路口",
                "sno": 500112030,
                "available_rent_general_bikes": 29,
                "available_return_bikes": 3,
                "total_bikes": 32
            },
            "geometry": {
                "type": "Point",
                "coordinates": [
                    121.56535,
                    25.03607
                ]
            }
        },
        {
            "type": "Feature",
            "properties": {
                "sna": "市府松壽路口",
                "sno": 500112031,
                "available_rent_general_bikes": 18,
                "available_return_bikes": 9,
                "total_bikes": 27
            },
            "geometry": {
                "type": "Point",
                "coordinates": [
                    121.56383,
                    25.03627
                ]
            }
        },
        {
            "type": "Feature",
            "properties": {
                "sna": "市府松高路口",
                "sno": 500112032,
                "available_rent_general_bikes": 44,
                "available_return_bikes": 6,
                "total_bikes": 50
            },
            "geometry": {
                "type": "Point",
                "coordinates": [
                    121.56369,
                    25.03899
                ]
            }
        },
        {
            "type": "Feature",
            "properties": {
                "sna": "市民廣場",
                "sno": 500112033,
                "available_rent_general_bikes": 21,
                "available_return_bikes": 21,
                "total_bikes": 42
            },
            "geometry": {
                "type": "Point",
                "coordinates": [
                    121.56218,
                    25.03599
                ]
            }
        },
        {
            "type": "Feature",
            "properties": {
                "sna": "信義廣場(台北101)",
                "sno": 500112035,
                "available_rent_general_bikes": 33,
                "available_return_bikes": 61,
                "total_bikes": 94
            },
            "geometry": {
                "type": "Point",
                "coordinates": [
                    121.5662,
                    25.03306
                ]
            }
        },
        {
            "type": "Feature",
            "properties": {
                "sna": "捷運台北101/世貿站(5號出口)",
                "sno": 500112036,
                "available_rent_general_bikes": 8,
                "available_return_bikes": 13,
                "total_bikes": 21
            },
            "geometry": {
                "type": "Point",
                "coordinates": [
                    121.56333,
                    25.03338
                ]
            }
        },
        {
            "type": "Feature",
            "properties": {
                "sna": "春光公園",
                "sno": 500112037,
                "available_rent_general_bikes": 7,
                "available_return_bikes": 33,
                "total_bikes": 40
            },
            "geometry": {
                "type": "Point",
                "coordinates": [
                    121.58112,
                    25.0427
                ]
            }
        },
        {
            "type": "Feature",
            "properties": {
                "sna": "松仁路121巷口",
                "sno": 500112038,
                "available_rent_general_bikes": 16,
                "available_return_bikes": 11,
                "total_bikes": 27
            },
            "geometry": {
                "type": "Point",
                "coordinates": [
                    121.56865,
                    25.03476
                ]
            }
        },
        {
            "type": "Feature",
            "properties": {
                "sna": "福德國小",
                "sno": 500112039,
                "available_rent_general_bikes": 14,
                "available_return_bikes": 27,
                "total_bikes": 41
            },
            "geometry": {
                "type": "Point",
                "coordinates": [
                    121.58618,
                    25.03846
                ]
            }
        },
        {
            "type": "Feature",
            "properties": {
                "sna": "福德公園",
                "sno": 500112040,
                "available_rent_general_bikes": 6,
                "available_return_bikes": 29,
                "total_bikes": 35
            },
            "geometry": {
                "type": "Point",
                "coordinates": [
                    121.58355,
                    25.03841
                ]
            }
        },
        {
            "type": "Feature",
            "properties": {
                "sna": "松高路(信義新天地A4館)",
                "sno": 500112042,
                "available_rent_general_bikes": 16,
                "available_return_bikes": 0,
                "total_bikes": 16
            },
            "geometry": {
                "type": "Point",
                "coordinates": [
                    121.56654,
                    25.03918
                ]
            }
        },
        {
            "type": "Feature",
            "properties": {
                "sna": "興雅松仁路口",
                "sno": 500112043,
                "available_rent_general_bikes": 21,
                "available_return_bikes": 44,
                "total_bikes": 65
            },
            "geometry": {
                "type": "Point",
                "coordinates": [
                    121.56822,
                    25.0401
                ]
            }
        },
        {
            "type": "Feature",
            "properties": {
                "sna": "福祥公園",
                "sno": 500112044,
                "available_rent_general_bikes": 18,
                "available_return_bikes": 5,
                "total_bikes": 23
            },
            "geometry": {
                "type": "Point",
                "coordinates": [
                    121.57045,
                    25.04626
                ]
            }
        },
        {
            "type": "Feature",
            "properties": {
                "sna": "吳興公車總站",
                "sno": 500112045,
                "available_rent_general_bikes": 2,
                "available_return_bikes": 54,
                "total_bikes": 56
            },
            "geometry": {
                "type": "Point",
                "coordinates": [
                    121.56984,
                    25.02388
                ]
            }
        },
        {
            "type": "Feature",
            "properties": {
                "sna": "泰和公園",
                "sno": 500112046,
                "available_rent_general_bikes": 2,
                "available_return_bikes": 37,
                "total_bikes": 39
            },
            "geometry": {
                "type": "Point",
                "coordinates": [
                    121.57105,
                    25.0193
                ]
            }
        },
        {
            "type": "Feature",
            "properties": {
                "sna": "興雅國小(基隆路一段37巷)",
                "sno": 500112047,
                "available_rent_general_bikes": 9,
                "available_return_bikes": 17,
                "total_bikes": 26
            },
            "geometry": {
                "type": "Point",
                "coordinates": [
                    121.56895,
                    25.04773
                ]
            }
        },
        {
            "type": "Feature",
            "properties": {
                "sna": "雅祥公園(松信路50巷口)",
                "sno": 500112048,
                "available_rent_general_bikes": 4,
                "available_return_bikes": 8,
                "total_bikes": 12
            },
            "geometry": {
                "type": "Point",
                "coordinates": [
                    121.57211,
                    25.04732
                ]
            }
        },
        {
            "type": "Feature",
            "properties": {
                "sna": "松山車站",
                "sno": 500112049,
                "available_rent_general_bikes": 50,
                "available_return_bikes": 20,
                "total_bikes": 70
            },
            "geometry": {
                "type": "Point",
                "coordinates": [
                    121.57841,
                    25.0489
                ]
            }
        },
        {
            "type": "Feature",
            "properties": {
                "sna": "五常公園",
                "sno": 500112050,
                "available_rent_general_bikes": 0,
                "available_return_bikes": 35,
                "total_bikes": 35
            },
            "geometry": {
                "type": "Point",
                "coordinates": [
                    121.57432,
                    25.04797
                ]
            }
        },
        {
            "type": "Feature",
            "properties": {
                "sna": "永吉松信路口",
                "sno": 500112051,
                "available_rent_general_bikes": 0,
                "available_return_bikes": 34,
                "total_bikes": 34
            },
            "geometry": {
                "type": "Point",
                "coordinates": [
                    121.57207,
                    25.04548
                ]
            }
        },
        {
            "type": "Feature",
            "properties": {
                "sna": "三興國小",
                "sno": 500112052,
                "available_rent_general_bikes": 2,
                "available_return_bikes": 23,
                "total_bikes": 25
            },
            "geometry": {
                "type": "Point",
                "coordinates": [
                    121.55766,
                    25.02969
                ]
            }
        },
        {
            "type": "Feature",
            "properties": {
                "sna": "市民松信路口",
                "sno": 500112053,
                "available_rent_general_bikes": 5,
                "available_return_bikes": 15,
                "total_bikes": 20
            },
            "geometry": {
                "type": "Point",
                "coordinates": [
                    121.57205,
                    25.04927
                ]
            }
        },
        {
            "type": "Feature",
            "properties": {
                "sna": "松山高中",
                "sno": 500112054,
                "available_rent_general_bikes": 36,
                "available_return_bikes": 3,
                "total_bikes": 39
            },
            "geometry": {
                "type": "Point",
                "coordinates": [
                    121.5638,
                    25.0433
                ]
            }
        },
        {
            "type": "Feature",
            "properties": {
                "sna": "基隆光復路口",
                "sno": 500112055,
                "available_rent_general_bikes": 2,
                "available_return_bikes": 29,
                "total_bikes": 31
            },
            "geometry": {
                "type": "Point",
                "coordinates": [
                    121.55764,
                    25.03005
                ]
            }
        },
        {
            "type": "Feature",
            "properties": {
                "sna": "基隆忠孝路口西南側",
                "sno": 500112056,
                "available_rent_general_bikes": 20,
                "available_return_bikes": 1,
                "total_bikes": 21
            },
            "geometry": {
                "type": "Point",
                "coordinates": [
                    121.5629,
                    25.04108
                ]
            }
        },
        {
            "type": "Feature",
            "properties": {
                "sna": "泰和里民活動中心",
                "sno": 500112057,
                "available_rent_general_bikes": 1,
                "available_return_bikes": 23,
                "total_bikes": 24
            },
            "geometry": {
                "type": "Point",
                "coordinates": [
                    121.57027,
                    25.0213
                ]
            }
        },
        {
            "type": "Feature",
            "properties": {
                "sna": "捷運後山埤站(2號出口)",
                "sno": 500112058,
                "available_rent_general_bikes": 22,
                "available_return_bikes": 0,
                "total_bikes": 22
            },
            "geometry": {
                "type": "Point",
                "coordinates": [
                    121.58184,
                    25.04395
                ]
            }
        },
        {
            "type": "Feature",
            "properties": {
                "sna": "虎林永吉路口",
                "sno": 500112059,
                "available_rent_general_bikes": 3,
                "available_return_bikes": 18,
                "total_bikes": 21
            },
            "geometry": {
                "type": "Point",
                "coordinates": [
                    121.57712,
                    25.04519
                ]
            }
        },
        {
            "type": "Feature",
            "properties": {
                "sna": "永吉公園",
                "sno": 500112060,
                "available_rent_general_bikes": 0,
                "available_return_bikes": 24,
                "total_bikes": 24
            },
            "geometry": {
                "type": "Point",
                "coordinates": [
                    121.57539,
                    25.04345
                ]
            }
        },
        {
            "type": "Feature",
            "properties": {
                "sna": "永吉路321巷口",
                "sno": 500112061,
                "available_rent_general_bikes": 0,
                "available_return_bikes": 19,
                "total_bikes": 19
            },
            "geometry": {
                "type": "Point",
                "coordinates": [
                    121.57549,
                    25.04561
                ]
            }
        },
        {
            "type": "Feature",
            "properties": {
                "sna": "松山永吉路口",
                "sno": 500112062,
                "available_rent_general_bikes": 1,
                "available_return_bikes": 19,
                "total_bikes": 20
            },
            "geometry": {
                "type": "Point",
                "coordinates": [
                    121.57772,
                    25.04623
                ]
            }
        },
        {
            "type": "Feature",
            "properties": {
                "sna": "松山路292巷口",
                "sno": 500112063,
                "available_rent_general_bikes": 3,
                "available_return_bikes": 17,
                "total_bikes": 20
            },
            "geometry": {
                "type": "Point",
                "coordinates": [
                    121.57789,
                    25.0432
                ]
            }
        },
        {
            "type": "Feature",
            "properties": {
                "sna": "捷運象山站(3號出口)",
                "sno": 500112064,
                "available_rent_general_bikes": 18,
                "available_return_bikes": 33,
                "total_bikes": 51
            },
            "geometry": {
                "type": "Point",
                "coordinates": [
                    121.5712,
                    25.03295
                ]
            }
        },
        {
            "type": "Feature",
            "properties": {
                "sna": "松德公園",
                "sno": 500112065,
                "available_rent_general_bikes": 22,
                "available_return_bikes": 17,
                "total_bikes": 39
            },
            "geometry": {
                "type": "Point",
                "coordinates": [
                    121.57349,
                    25.03657
                ]
            }
        },
        {
            "type": "Feature",
            "properties": {
                "sna": "世貿三館",
                "sno": 500112066,
                "available_rent_general_bikes": 41,
                "available_return_bikes": 13,
                "total_bikes": 54
            },
            "geometry": {
                "type": "Point",
                "coordinates": [
                    121.56369,
                    25.03511
                ]
            }
        },
        {
            "type": "Feature",
            "properties": {
                "sna": "松德虎林街口",
                "sno": 500112067,
                "available_rent_general_bikes": 1,
                "available_return_bikes": 29,
                "total_bikes": 30
            },
            "geometry": {
                "type": "Point",
                "coordinates": [
                    121.5762,
                    25.0383
                ]
            }
        },
        {
            "type": "Feature",
            "properties": {
                "sna": "富台公園",
                "sno": 500112068,
                "available_rent_general_bikes": 1,
                "available_return_bikes": 31,
                "total_bikes": 32
            },
            "geometry": {
                "type": "Point",
                "coordinates": [
                    121.57204,
                    25.04185
                ]
            }
        },
        {
            "type": "Feature",
            "properties": {
                "sna": "基隆路一段101巷口",
                "sno": 500112069,
                "available_rent_general_bikes": 24,
                "available_return_bikes": 5,
                "total_bikes": 29
            },
            "geometry": {
                "type": "Point",
                "coordinates": [
                    121.56702,
                    25.04516
                ]
            }
        },
        {
            "type": "Feature",
            "properties": {
                "sna": "捷運永春站(2號出口)",
                "sno": 500112070,
                "available_rent_general_bikes": 10,
                "available_return_bikes": 19,
                "total_bikes": 29
            },
            "geometry": {
                "type": "Point",
                "coordinates": [
                    121.57538,
                    25.0405
                ]
            }
        },
        {
            "type": "Feature",
            "properties": {
                "sna": "吳興街260巷",
                "sno": 500112071,
                "available_rent_general_bikes": 7,
                "available_return_bikes": 24,
                "total_bikes": 31
            },
            "geometry": {
                "type": "Point",
                "coordinates": [
                    121.5631,
                    25.02606
                ]
            }
        },
        {
            "type": "Feature",
            "properties": {
                "sna": "松山家商(林口街)",
                "sno": 500112072,
                "available_rent_general_bikes": 8,
                "available_return_bikes": 37,
                "total_bikes": 45
            },
            "geometry": {
                "type": "Point",
                "coordinates": [
                    121.57906,
                    25.03593
                ]
            }
        },
        {
            "type": "Feature",
            "properties": {
                "sna": "仁愛逸仙路口",
                "sno": 500112073,
                "available_rent_general_bikes": 14,
                "available_return_bikes": 24,
                "total_bikes": 38
            },
            "geometry": {
                "type": "Point",
                "coordinates": [
                    121.56124,
                    25.03771
                ]
            }
        },
        {
            "type": "Feature",
            "properties": {
                "sna": "信義基隆路口",
                "sno": 500112075,
                "available_rent_general_bikes": 20,
                "available_return_bikes": 3,
                "total_bikes": 23
            },
            "geometry": {
                "type": "Point",
                "coordinates": [
                    121.55873,
                    25.03321
                ]
            }
        },
        {
            "type": "Feature",
            "properties": {
                "sna": "捷運台北101/世貿站(2號出口)",
                "sno": 500112076,
                "available_rent_general_bikes": 4,
                "available_return_bikes": 47,
                "total_bikes": 51
            },
            "geometry": {
                "type": "Point",
                "coordinates": [
                    121.56157,
                    25.0327
                ]
            }
        },
        {
            "type": "Feature",
            "properties": {
                "sna": "吳興街284巷36弄口",
                "sno": 500112078,
                "available_rent_general_bikes": 3,
                "available_return_bikes": 22,
                "total_bikes": 25
            },
            "geometry": {
                "type": "Point",
                "coordinates": [
                    121.56268,
                    25.02236
                ]
            }
        },
        {
            "type": "Feature",
            "properties": {
                "sna": "協和祐德高級中學",
                "sno": 500112079,
                "available_rent_general_bikes": 2,
                "available_return_bikes": 17,
                "total_bikes": 19
            },
            "geometry": {
                "type": "Point",
                "coordinates": [
                    121.58381,
                    25.0426
                ]
            }
        },
        {
            "type": "Feature",
            "properties": {
                "sna": "福德國小公車站",
                "sno": 500112080,
                "available_rent_general_bikes": 10,
                "available_return_bikes": 9,
                "total_bikes": 19
            },
            "geometry": {
                "type": "Point",
                "coordinates": [
                    121.58755,
                    25.03929
                ]
            }
        },
        {
            "type": "Feature",
            "properties": {
                "sna": "松仁路95巷口",
                "sno": 500112081,
                "available_rent_general_bikes": 12,
                "available_return_bikes": 12,
                "total_bikes": 24
            },
            "geometry": {
                "type": "Point",
                "coordinates": [
                    121.56866,
                    25.03656
                ]
            }
        },
        {
            "type": "Feature",
            "properties": {
                "sna": "臺北南山廣場_1",
                "sno": 500112082,
                "available_rent_general_bikes": 34,
                "available_return_bikes": 12,
                "total_bikes": 46
            },
            "geometry": {
                "type": "Point",
                "coordinates": [
                    121.56598,
                    25.03404
                ]
            }
        },
        {
            "type": "Feature",
            "properties": {
                "sna": "景聯廣場",
                "sno": 500112083,
                "available_rent_general_bikes": 2,
                "available_return_bikes": 21,
                "total_bikes": 23
            },
            "geometry": {
                "type": "Point",
                "coordinates": [
                    121.55974,
                    25.03214
                ]
            }
        },
        {
            "type": "Feature",
            "properties": {
                "sna": "景平公園",
                "sno": 500112084,
                "available_rent_general_bikes": 3,
                "available_return_bikes": 23,
                "total_bikes": 26
            },
            "geometry": {
                "type": "Point",
                "coordinates": [
                    121.5642,
                    25.02976
                ]
            }
        },
        {
            "type": "Feature",
            "properties": {
                "sna": "捷運市政府站(3號出口)",
                "sno": 500112085,
                "available_rent_general_bikes": 31,
                "available_return_bikes": 61,
                "total_bikes": 92
            },
            "geometry": {
                "type": "Point",
                "coordinates": [
                    121.56789,
                    25.04084
                ]
            }
        },
        {
            "type": "Feature",
            "properties": {
                "sna": "五分埔公園",
                "sno": 500112086,
                "available_rent_general_bikes": 3,
                "available_return_bikes": 17,
                "total_bikes": 20
            },
            "geometry": {
                "type": "Point",
                "coordinates": [
                    121.58058,
                    25.04719
                ]
            }
        },
        {
            "type": "Feature",
            "properties": {
                "sna": "松仁路305號",
                "sno": 500112087,
                "available_rent_general_bikes": 12,
                "available_return_bikes": 9,
                "total_bikes": 21
            },
            "geometry": {
                "type": "Point",
                "coordinates": [
                    121.57036,
                    25.02306
                ]
            }
        },
        {
            "type": "Feature",
            "properties": {
                "sna": "吳興街394巷口",
                "sno": 500112088,
                "available_rent_general_bikes": 1,
                "available_return_bikes": 11,
                "total_bikes": 12
            },
            "geometry": {
                "type": "Point",
                "coordinates": [
                    121.56741,
                    25.02474
                ]
            }
        },
        {
            "type": "Feature",
            "properties": {
                "sna": "忠孝東路五段215巷口",
                "sno": 500112089,
                "available_rent_general_bikes": 13,
                "available_return_bikes": 11,
                "total_bikes": 24
            },
            "geometry": {
                "type": "Point",
                "coordinates": [
                    121.5705,
                    25.0409
                ]
            }
        },
        {
            "type": "Feature",
            "properties": {
                "sna": "松勤莊敬路口",
                "sno": 500112090,
                "available_rent_general_bikes": 2,
                "available_return_bikes": 13,
                "total_bikes": 15
            },
            "geometry": {
                "type": "Point",
                "coordinates": [
                    121.5615,
                    25.03203
                ]
            }
        },
        {
            "type": "Feature",
            "properties": {
                "sna": "松仁松平路口",
                "sno": 500112091,
                "available_rent_general_bikes": 4,
                "available_return_bikes": 6,
                "total_bikes": 10
            },
            "geometry": {
                "type": "Point",
                "coordinates": [
                    121.56838,
                    25.03047
                ]
            }
        },
        {
            "type": "Feature",
            "properties": {
                "sna": "信義松德路口",
                "sno": 500112092,
                "available_rent_general_bikes": 2,
                "available_return_bikes": 21,
                "total_bikes": 23
            },
            "geometry": {
                "type": "Point",
                "coordinates": [
                    121.57433,
                    25.03322
                ]
            }
        },
        {
            "type": "Feature",
            "properties": {
                "sna": "捷運市政府站(4號出口)",
                "sno": 500112093,
                "available_rent_general_bikes": 4,
                "available_return_bikes": 10,
                "total_bikes": 14
            },
            "geometry": {
                "type": "Point",
                "coordinates": [
                    121.56731,
                    25.04146
                ]
            }
        },
        {
            "type": "Feature",
            "properties": {
                "sna": "吳興街284巷(廣安宮)",
                "sno": 500112094,
                "available_rent_general_bikes": 6,
                "available_return_bikes": 9,
                "total_bikes": 15
            },
            "geometry": {
                "type": "Point",
                "coordinates": [
                    121.56329,
                    25.02326
                ]
            }
        },
        {
            "type": "Feature",
            "properties": {
                "sna": "景勤二號公園(西南側)",
                "sno": 500112095,
                "available_rent_general_bikes": 1,
                "available_return_bikes": 21,
                "total_bikes": 22
            },
            "geometry": {
                "type": "Point",
                "coordinates": [
                    121.5577,
                    25.02605
                ]
            }
        },
        {
            "type": "Feature",
            "properties": {
                "sna": "克勤新村",
                "sno": 500112096,
                "available_rent_general_bikes": 14,
                "available_return_bikes": 3,
                "total_bikes": 17
            },
            "geometry": {
                "type": "Point",
                "coordinates": [
                    121.56073,
                    25.02589
                ]
            }
        },
        {
            "type": "Feature",
            "properties": {
                "sna": "和平東路三段291號",
                "sno": 500112097,
                "available_rent_general_bikes": 0,
                "available_return_bikes": 20,
                "total_bikes": 20
            },
            "geometry": {
                "type": "Point",
                "coordinates": [
                    121.55532,
                    25.02186
                ]
            }
        },
        {
            "type": "Feature",
            "properties": {
                "sna": "永吉路468巷口",
                "sno": 500112098,
                "available_rent_general_bikes": 3,
                "available_return_bikes": 10,
                "total_bikes": 13
            },
            "geometry": {
                "type": "Point",
                "coordinates": [
                    121.57915,
                    25.04533
                ]
            }
        },
        {
            "type": "Feature",
            "properties": {
                "sna": "廣慈博愛園區(西側)",
                "sno": 500112099,
                "available_rent_general_bikes": 1,
                "available_return_bikes": 22,
                "total_bikes": 23
            },
            "geometry": {
                "type": "Point",
                "coordinates": [
                    121.58082,
                    25.03866
                ]
            }
        },
        {
            "type": "Feature",
            "properties": {
                "sna": "和平東路三段341巷口",
                "sno": 500112100,
                "available_rent_general_bikes": 2,
                "available_return_bikes": 20,
                "total_bikes": 22
            },
            "geometry": {
                "type": "Point",
                "coordinates": [
                    121.55891,
                    25.02188
                ]
            }
        },
        {
            "type": "Feature",
            "properties": {
                "sna": "革新公園",
                "sno": 500112101,
                "available_rent_general_bikes": 1,
                "available_return_bikes": 19,
                "total_bikes": 20
            },
            "geometry": {
                "type": "Point",
                "coordinates": [
                    121.56741,
                    25.04367
                ]
            }
        },
        {
            "type": "Feature",
            "properties": {
                "sna": "黎雙公園",
                "sno": 500112102,
                "available_rent_general_bikes": 1,
                "available_return_bikes": 16,
                "total_bikes": 17
            },
            "geometry": {
                "type": "Point",
                "coordinates": [
                    121.56028,
                    25.0246
                ]
            }
        },
        {
            "type": "Feature",
            "properties": {
                "sna": "臺北文化體育園區辦公大樓",
                "sno": 500112103,
                "available_rent_general_bikes": 21,
                "available_return_bikes": 11,
                "total_bikes": 32
            },
            "geometry": {
                "type": "Point",
                "coordinates": [
                    121.56126,
                    25.04144
                ]
            }
        },
        {
            "type": "Feature",
            "properties": {
                "sna": "捷運國父紀念館站(5號出口)",
                "sno": 500112104,
                "available_rent_general_bikes": 1,
                "available_return_bikes": 21,
                "total_bikes": 22
            },
            "geometry": {
                "type": "Point",
                "coordinates": [
                    121.55792,
                    25.04206
                ]
            }
        },
        {
            "type": "Feature",
            "properties": {
                "sna": "光復南菸廠路口",
                "sno": 500112105,
                "available_rent_general_bikes": 22,
                "available_return_bikes": 3,
                "total_bikes": 25
            },
            "geometry": {
                "type": "Point",
                "coordinates": [
                    121.55795,
                    25.04482
                ]
            }
        },
        {
            "type": "Feature",
            "properties": {
                "sna": "中坡北永吉路口",
                "sno": 500112106,
                "available_rent_general_bikes": 13,
                "available_return_bikes": 1,
                "total_bikes": 14
            },
            "geometry": {
                "type": "Point",
                "coordinates": [
                    121.58059,
                    25.04557
                ]
            }
        },
        {
            "type": "Feature",
            "properties": {
                "sna": "松仁路281巷66弄",
                "sno": 500112107,
                "available_rent_general_bikes": 0,
                "available_return_bikes": 20,
                "total_bikes": 20
            },
            "geometry": {
                "type": "Point",
                "coordinates": [
                    121.57178,
                    25.02261
                ]
            }
        },
        {
            "type": "Feature",
            "properties": {
                "sna": "基隆市民路口",
                "sno": 500112108,
                "available_rent_general_bikes": 0,
                "available_return_bikes": 25,
                "total_bikes": 25
            },
            "geometry": {
                "type": "Point",
                "coordinates": [
                    121.56906,
                    25.04892
                ]
            }
        },
        {
            "type": "Feature",
            "properties": {
                "sna": "松仁路253巷4弄口",
                "sno": 500112109,
                "available_rent_general_bikes": 0,
                "available_return_bikes": 22,
                "total_bikes": 22
            },
            "geometry": {
                "type": "Point",
                "coordinates": [
                    121.56954,
                    25.02559
                ]
            }
        },
        {
            "type": "Feature",
            "properties": {
                "sna": "松德路169巷口",
                "sno": 500112110,
                "available_rent_general_bikes": 7,
                "available_return_bikes": 10,
                "total_bikes": 17
            },
            "geometry": {
                "type": "Point",
                "coordinates": [
                    121.57582,
                    25.03633
                ]
            }
        },
        {
            "type": "Feature",
            "properties": {
                "sna": "吳興新村",
                "sno": 500112111,
                "available_rent_general_bikes": 3,
                "available_return_bikes": 18,
                "total_bikes": 21
            },
            "geometry": {
                "type": "Point",
                "coordinates": [
                    121.56114,
                    25.02815
                ]
            }
        },
        {
            "type": "Feature",
            "properties": {
                "sna": "永吉路187巷口",
                "sno": 500112113,
                "available_rent_general_bikes": 1,
                "available_return_bikes": 14,
                "total_bikes": 15
            },
            "geometry": {
                "type": "Point",
                "coordinates": [
                    121.57273,
                    25.04584
                ]
            }
        },
        {
            "type": "Feature",
            "properties": {
                "sna": "仁愛路四段512巷",
                "sno": 500112114,
                "available_rent_general_bikes": 1,
                "available_return_bikes": 15,
                "total_bikes": 16
            },
            "geometry": {
                "type": "Point",
                "coordinates": [
                    121.56124,
                    25.03706
                ]
            }
        },
        {
            "type": "Feature",
            "properties": {
                "sna": "信安街/富陽街44巷口",
                "sno": 500112115,
                "available_rent_general_bikes": 2,
                "available_return_bikes": 18,
                "total_bikes": 20
            },
            "geometry": {
                "type": "Point",
                "coordinates": [
                    121.55537,
                    25.02309
                ]
            }
        },
        {
            "type": "Feature",
            "properties": {
                "sna": "吳興公園",
                "sno": 500112116,
                "available_rent_general_bikes": 7,
                "available_return_bikes": 13,
                "total_bikes": 20
            },
            "geometry": {
                "type": "Point",
                "coordinates": [
                    121.56767,
                    25.02383
                ]
            }
        },
        {
            "type": "Feature",
            "properties": {
                "sna": "逸仙松高路口",
                "sno": 500112117,
                "available_rent_general_bikes": 14,
                "available_return_bikes": 11,
                "total_bikes": 25
            },
            "geometry": {
                "type": "Point",
                "coordinates": [
                    121.56149,
                    25.03942
                ]
            }
        },
        {
            "type": "Feature",
            "properties": {
                "sna": "光復仁愛路口",
                "sno": 500112118,
                "available_rent_general_bikes": 3,
                "available_return_bikes": 22,
                "total_bikes": 25
            },
            "geometry": {
                "type": "Point",
                "coordinates": [
                    121.55768,
                    25.03784
                ]
            }
        },
        {
            "type": "Feature",
            "properties": {
                "sna": "德昌寶興街口(西北角)",
                "sno": 500113001,
                "available_rent_general_bikes": 8,
                "available_return_bikes": 4,
                "total_bikes": 12
            },
            "geometry": {
                "type": "Point",
                "coordinates": [
                    121.49528,
                    25.02365
                ]
            }
        },
        {
            "type": "Feature",
            "properties": {
                "sna": "寶興長泰街口(西南角)",
                "sno": 500113002,
                "available_rent_general_bikes": 16,
                "available_return_bikes": 1,
                "total_bikes": 17
            },
            "geometry": {
                "type": "Point",
                "coordinates": [
                    121.49597,
                    25.0216
                ]
            }
        },
        {
            "type": "Feature",
            "properties": {
                "sna": "萬大路486巷口",
                "sno": 500113003,
                "available_rent_general_bikes": 8,
                "available_return_bikes": 1,
                "total_bikes": 9
            },
            "geometry": {
                "type": "Point",
                "coordinates": [
                    121.4973,
                    25.01975
                ]
            }
        },
        {
            "type": "Feature",
            "properties": {
                "sna": "國興中華路口",
                "sno": 500113004,
                "available_rent_general_bikes": 9,
                "available_return_bikes": 13,
                "total_bikes": 22
            },
            "geometry": {
                "type": "Point",
                "coordinates": [
                    121.50898,
                    25.02485
                ]
            }
        },
        {
            "type": "Feature",
            "properties": {
                "sna": "古亭國中",
                "sno": 500113005,
                "available_rent_general_bikes": 0,
                "available_return_bikes": 25,
                "total_bikes": 25
            },
            "geometry": {
                "type": "Point",
                "coordinates": [
                    121.5107,
                    25.02442
                ]
            }
        },
        {
            "type": "Feature",
            "properties": {
                "sna": "國興水源路口",
                "sno": 500113006,
                "available_rent_general_bikes": 15,
                "available_return_bikes": 8,
                "total_bikes": 23
            },
            "geometry": {
                "type": "Point",
                "coordinates": [
                    121.50845,
                    25.02297
                ]
            }
        },
        {
            "type": "Feature",
            "properties": {
                "sna": "青年公園高爾夫球場",
                "sno": 500113007,
                "available_rent_general_bikes": 4,
                "available_return_bikes": 21,
                "total_bikes": 25
            },
            "geometry": {
                "type": "Point",
                "coordinates": [
                    121.50755,
                    25.02481
                ]
            }
        },
        {
            "type": "Feature",
            "properties": {
                "sna": "國興青年路口",
                "sno": 500113008,
                "available_rent_general_bikes": 8,
                "available_return_bikes": 42,
                "total_bikes": 50
            },
            "geometry": {
                "type": "Point",
                "coordinates": [
                    121.50651,
                    25.02594
                ]
            }
        },
        {
            "type": "Feature",
            "properties": {
                "sna": "青年公園棒球場",
                "sno": 500113009,
                "available_rent_general_bikes": 6,
                "available_return_bikes": 22,
                "total_bikes": 28
            },
            "geometry": {
                "type": "Point",
                "coordinates": [
                    121.50289,
                    25.0241
                ]
            }
        },
        {
            "type": "Feature",
            "properties": {
                "sna": "青年公園籃球場",
                "sno": 500113010,
                "available_rent_general_bikes": 6,
                "available_return_bikes": 17,
                "total_bikes": 23
            },
            "geometry": {
                "type": "Point",
                "coordinates": [
                    121.50539,
                    25.02085
                ]
            }
        },
        {
            "type": "Feature",
            "properties": {
                "sna": "復華花園新城",
                "sno": 500113012,
                "available_rent_general_bikes": 13,
                "available_return_bikes": 24,
                "total_bikes": 37
            },
            "geometry": {
                "type": "Point",
                "coordinates": [
                    121.50258,
                    25.02964
                ]
            }
        },
        {
            "type": "Feature",
            "properties": {
                "sna": "新和國小",
                "sno": 500113013,
                "available_rent_general_bikes": 8,
                "available_return_bikes": 12,
                "total_bikes": 20
            },
            "geometry": {
                "type": "Point",
                "coordinates": [
                    121.50255,
                    25.02582
                ]
            }
        },
        {
            "type": "Feature",
            "properties": {
                "sna": "莒光郵局",
                "sno": 500113014,
                "available_rent_general_bikes": 4,
                "available_return_bikes": 12,
                "total_bikes": 16
            },
            "geometry": {
                "type": "Point",
                "coordinates": [
                    121.50122,
                    25.03124
                ]
            }
        },
        {
            "type": "Feature",
            "properties": {
                "sna": "莒光立體停車場",
                "sno": 500113015,
                "available_rent_general_bikes": 1,
                "available_return_bikes": 7,
                "total_bikes": 8
            },
            "geometry": {
                "type": "Point",
                "coordinates": [
                    121.50336,
                    25.03116
                ]
            }
        },
        {
            "type": "Feature",
            "properties": {
                "sna": "艋舺大道146巷口",
                "sno": 500113016,
                "available_rent_general_bikes": 6,
                "available_return_bikes": 7,
                "total_bikes": 13
            },
            "geometry": {
                "type": "Point",
                "coordinates": [
                    121.5016,
                    25.03301
                ]
            }
        },
        {
            "type": "Feature",
            "properties": {
                "sna": "東園國小",
                "sno": 500113017,
                "available_rent_general_bikes": 12,
                "available_return_bikes": 19,
                "total_bikes": 31
            },
            "geometry": {
                "type": "Point",
                "coordinates": [
                    121.49807,
                    25.02257
                ]
            }
        },
        {
            "type": "Feature",
            "properties": {
                "sna": "華中疏散門",
                "sno": 500113018,
                "available_rent_general_bikes": 4,
                "available_return_bikes": 7,
                "total_bikes": 11
            },
            "geometry": {
                "type": "Point",
                "coordinates": [
                    121.49534,
                    25.01688
                ]
            }
        },
        {
            "type": "Feature",
            "properties": {
                "sna": "錦德公園",
                "sno": 500113019,
                "available_rent_general_bikes": 25,
                "available_return_bikes": 3,
                "total_bikes": 28
            },
            "geometry": {
                "type": "Point",
                "coordinates": [
                    121.49264,
                    25.02332
                ]
            }
        },
        {
            "type": "Feature",
            "properties": {
                "sna": "忠德公園",
                "sno": 500113020,
                "available_rent_general_bikes": 17,
                "available_return_bikes": 0,
                "total_bikes": 17
            },
            "geometry": {
                "type": "Point",
                "coordinates": [
                    121.49604,
                    25.02516
                ]
            }
        },
        {
            "type": "Feature",
            "properties": {
                "sna": "華江高中",
                "sno": 500113022,
                "available_rent_general_bikes": 13,
                "available_return_bikes": 36,
                "total_bikes": 49
            },
            "geometry": {
                "type": "Point",
                "coordinates": [
                    121.49619,
                    25.02744
                ]
            }
        },
        {
            "type": "Feature",
            "properties": {
                "sna": "西園艋舺路口",
                "sno": 500113023,
                "available_rent_general_bikes": 14,
                "available_return_bikes": 34,
                "total_bikes": 48
            },
            "geometry": {
                "type": "Point",
                "coordinates": [
                    121.49757,
                    25.03267
                ]
            }
        },
        {
            "type": "Feature",
            "properties": {
                "sna": "雙園國中",
                "sno": 500113025,
                "available_rent_general_bikes": 13,
                "available_return_bikes": 7,
                "total_bikes": 20
            },
            "geometry": {
                "type": "Point",
                "coordinates": [
                    121.49176,
                    25.02673
                ]
            }
        },
        {
            "type": "Feature",
            "properties": {
                "sna": "長順區民活動中心",
                "sno": 500113026,
                "available_rent_general_bikes": 12,
                "available_return_bikes": 14,
                "total_bikes": 26
            },
            "geometry": {
                "type": "Point",
                "coordinates": [
                    121.48908,
                    25.03284
                ]
            }
        },
        {
            "type": "Feature",
            "properties": {
                "sna": "華江國小",
                "sno": 500113027,
                "available_rent_general_bikes": 13,
                "available_return_bikes": 4,
                "total_bikes": 17
            },
            "geometry": {
                "type": "Point",
                "coordinates": [
                    121.49029,
                    25.03397
                ]
            }
        },
        {
            "type": "Feature",
            "properties": {
                "sna": "華江八號公園",
                "sno": 500113028,
                "available_rent_general_bikes": 4,
                "available_return_bikes": 16,
                "total_bikes": 20
            },
            "geometry": {
                "type": "Point",
                "coordinates": [
                    121.49293,
                    25.03388
                ]
            }
        },
        {
            "type": "Feature",
            "properties": {
                "sna": "環河南雙園街口",
                "sno": 500113029,
                "available_rent_general_bikes": 14,
                "available_return_bikes": 4,
                "total_bikes": 18
            },
            "geometry": {
                "type": "Point",
                "coordinates": [
                    121.49127,
                    25.03203
                ]
            }
        },
        {
            "type": "Feature",
            "properties": {
                "sna": "大理高中",
                "sno": 500113030,
                "available_rent_general_bikes": 27,
                "available_return_bikes": 5,
                "total_bikes": 32
            },
            "geometry": {
                "type": "Point",
                "coordinates": [
                    121.49075,
                    25.03124
                ]
            }
        },
        {
            "type": "Feature",
            "properties": {
                "sna": "糖?文化園區",
                "sno": 500113031,
                "available_rent_general_bikes": 0,
                "available_return_bikes": 18,
                "total_bikes": 18
            },
            "geometry": {
                "type": "Point",
                "coordinates": [
                    121.4946,
                    25.03383
                ]
            }
        },
        {
            "type": "Feature",
            "properties": {
                "sna": "兩棵樹公園",
                "sno": 500113032,
                "available_rent_general_bikes": 8,
                "available_return_bikes": 10,
                "total_bikes": 18
            },
            "geometry": {
                "type": "Point",
                "coordinates": [
                    121.49549,
                    25.03253
                ]
            }
        },
        {
            "type": "Feature",
            "properties": {
                "sna": "萬華青年公宅",
                "sno": 500113033,
                "available_rent_general_bikes": 10,
                "available_return_bikes": 12,
                "total_bikes": 22
            },
            "geometry": {
                "type": "Point",
                "coordinates": [
                    121.50376,
                    25.02021
                ]
            }
        },
        {
            "type": "Feature",
            "properties": {
                "sna": "開封西寧路口",
                "sno": 500113034,
                "available_rent_general_bikes": 1,
                "available_return_bikes": 65,
                "total_bikes": 66
            },
            "geometry": {
                "type": "Point",
                "coordinates": [
                    121.50717,
                    25.04662
                ]
            }
        },
        {
            "type": "Feature",
            "properties": {
                "sna": "峨眉停車場",
                "sno": 500113035,
                "available_rent_general_bikes": 10,
                "available_return_bikes": 37,
                "total_bikes": 47
            },
            "geometry": {
                "type": "Point",
                "coordinates": [
                    121.50541,
                    25.04441
                ]
            }
        },
        {
            "type": "Feature",
            "properties": {
                "sna": "長沙公園",
                "sno": 500113036,
                "available_rent_general_bikes": 4,
                "available_return_bikes": 25,
                "total_bikes": 29
            },
            "geometry": {
                "type": "Point",
                "coordinates": [
                    121.49992,
                    25.0417
                ]
            }
        },
        {
            "type": "Feature",
            "properties": {
                "sna": "貓公園(中興橋頭)",
                "sno": 500113037,
                "available_rent_general_bikes": 2,
                "available_return_bikes": 14,
                "total_bikes": 16
            },
            "geometry": {
                "type": "Point",
                "coordinates": [
                    121.5018,
                    25.04369
                ]
            }
        },
        {
            "type": "Feature",
            "properties": {
                "sna": "西本願寺廣場",
                "sno": 500113038,
                "available_rent_general_bikes": 1,
                "available_return_bikes": 84,
                "total_bikes": 85
            },
            "geometry": {
                "type": "Point",
                "coordinates": [
                    121.50769,
                    25.04099
                ]
            }
        },
        {
            "type": "Feature",
            "properties": {
                "sna": "中華桂林路口",
                "sno": 500113039,
                "available_rent_general_bikes": 14,
                "available_return_bikes": 20,
                "total_bikes": 34
            },
            "geometry": {
                "type": "Point",
                "coordinates": [
                    121.50662,
                    25.03771
                ]
            }
        },
        {
            "type": "Feature",
            "properties": {
                "sna": "捷運龍山寺站(1號出口)",
                "sno": 500113040,
                "available_rent_general_bikes": 19,
                "available_return_bikes": 11,
                "total_bikes": 30
            },
            "geometry": {
                "type": "Point",
                "coordinates": [
                    121.49938,
                    25.03535
                ]
            }
        },
        {
            "type": "Feature",
            "properties": {
                "sna": "龍山國小",
                "sno": 500113041,
                "available_rent_general_bikes": 5,
                "available_return_bikes": 25,
                "total_bikes": 30
            },
            "geometry": {
                "type": "Point",
                "coordinates": [
                    121.49541,
                    25.0355
                ]
            }
        },
        {
            "type": "Feature",
            "properties": {
                "sna": "華西公園",
                "sno": 500113042,
                "available_rent_general_bikes": 22,
                "available_return_bikes": 28,
                "total_bikes": 50
            },
            "geometry": {
                "type": "Point",
                "coordinates": [
                    121.49881,
                    25.03852
                ]
            }
        },
        {
            "type": "Feature",
            "properties": {
                "sna": "老松國小",
                "sno": 500113043,
                "available_rent_general_bikes": 10,
                "available_return_bikes": 37,
                "total_bikes": 47
            },
            "geometry": {
                "type": "Point",
                "coordinates": [
                    121.50177,
                    25.03792
                ]
            }
        },
        {
            "type": "Feature",
            "properties": {
                "sna": "萬華火車站",
                "sno": 500113044,
                "available_rent_general_bikes": 2,
                "available_return_bikes": 51,
                "total_bikes": 53
            },
            "geometry": {
                "type": "Point",
                "coordinates": [
                    121.50322,
                    25.03364
                ]
            }
        },
        {
            "type": "Feature",
            "properties": {
                "sna": "萬華火車站(D2廣場)",
                "sno": 500113045,
                "available_rent_general_bikes": 17,
                "available_return_bikes": 25,
                "total_bikes": 42
            },
            "geometry": {
                "type": "Point",
                "coordinates": [
                    121.50117,
                    25.03394
                ]
            }
        },
        {
            "type": "Feature",
            "properties": {
                "sna": "捷運龍山寺站(3號出口)",
                "sno": 500113046,
                "available_rent_general_bikes": 2,
                "available_return_bikes": 29,
                "total_bikes": 31
            },
            "geometry": {
                "type": "Point",
                "coordinates": [
                    121.50199,
                    25.03509
                ]
            }
        },
        {
            "type": "Feature",
            "properties": {
                "sna": "臺北市電影主題公園(峨眉街)",
                "sno": 500113047,
                "available_rent_general_bikes": 6,
                "available_return_bikes": 8,
                "total_bikes": 14
            },
            "geometry": {
                "type": "Point",
                "coordinates": [
                    121.50306,
                    25.04445
                ]
            }
        },
        {
            "type": "Feature",
            "properties": {
                "sna": "臺北市電影主題公園(康定路)",
                "sno": 500113048,
                "available_rent_general_bikes": 10,
                "available_return_bikes": 5,
                "total_bikes": 15
            },
            "geometry": {
                "type": "Point",
                "coordinates": [
                    121.50318,
                    25.04551
                ]
            }
        },
        {
            "type": "Feature",
            "properties": {
                "sna": "中華峨眉街口",
                "sno": 500113049,
                "available_rent_general_bikes": 12,
                "available_return_bikes": 12,
                "total_bikes": 24
            },
            "geometry": {
                "type": "Point",
                "coordinates": [
                    121.50841,
                    25.04345
                ]
            }
        },
        {
            "type": "Feature",
            "properties": {
                "sna": "萬華266號綠地",
                "sno": 500113050,
                "available_rent_general_bikes": 0,
                "available_return_bikes": 15,
                "total_bikes": 15
            },
            "geometry": {
                "type": "Point",
                "coordinates": [
                    121.50197,
                    25.0403
                ]
            }
        },
        {
            "type": "Feature",
            "properties": {
                "sna": "萬大國小(萬大路344巷口)",
                "sno": 500113051,
                "available_rent_general_bikes": 13,
                "available_return_bikes": 9,
                "total_bikes": 22
            },
            "geometry": {
                "type": "Point",
                "coordinates": [
                    121.49986,
                    25.02376
                ]
            }
        },
        {
            "type": "Feature",
            "properties": {
                "sna": "德昌街10巷口",
                "sno": 500113052,
                "available_rent_general_bikes": 0,
                "available_return_bikes": 17,
                "total_bikes": 17
            },
            "geometry": {
                "type": "Point",
                "coordinates": [
                    121.4996,
                    25.02533
                ]
            }
        },
        {
            "type": "Feature",
            "properties": {
                "sna": "環河南和平西路口",
                "sno": 500113053,
                "available_rent_general_bikes": 6,
                "available_return_bikes": 14,
                "total_bikes": 20
            },
            "geometry": {
                "type": "Point",
                "coordinates": [
                    121.49048,
                    25.03517
                ]
            }
        },
        {
            "type": "Feature",
            "properties": {
                "sna": "長順街60巷口",
                "sno": 500113054,
                "available_rent_general_bikes": 10,
                "available_return_bikes": 5,
                "total_bikes": 15
            },
            "geometry": {
                "type": "Point",
                "coordinates": [
                    121.48858,
                    25.03119
                ]
            }
        },
        {
            "type": "Feature",
            "properties": {
                "sna": "西園公園",
                "sno": 500113055,
                "available_rent_general_bikes": 5,
                "available_return_bikes": 9,
                "total_bikes": 14
            },
            "geometry": {
                "type": "Point",
                "coordinates": [
                    121.49775,
                    25.0271
                ]
            }
        },
        {
            "type": "Feature",
            "properties": {
                "sna": "華江污水廠",
                "sno": 500113056,
                "available_rent_general_bikes": 6,
                "available_return_bikes": 13,
                "total_bikes": 19
            },
            "geometry": {
                "type": "Point",
                "coordinates": [
                    121.49163,
                    25.03606
                ]
            }
        },
        {
            "type": "Feature",
            "properties": {
                "sna": "柳鄉公園",
                "sno": 500113057,
                "available_rent_general_bikes": 8,
                "available_return_bikes": 26,
                "total_bikes": 34
            },
            "geometry": {
                "type": "Point",
                "coordinates": [
                    121.49526,
                    25.03731
                ]
            }
        },
        {
            "type": "Feature",
            "properties": {
                "sna": "綠堤社區公園",
                "sno": 500113058,
                "available_rent_general_bikes": 14,
                "available_return_bikes": 8,
                "total_bikes": 22
            },
            "geometry": {
                "type": "Point",
                "coordinates": [
                    121.4931,
                    25.03302
                ]
            }
        },
        {
            "type": "Feature",
            "properties": {
                "sna": "長順艋舺大道口",
                "sno": 500113059,
                "available_rent_general_bikes": 20,
                "available_return_bikes": 6,
                "total_bikes": 26
            },
            "geometry": {
                "type": "Point",
                "coordinates": [
                    121.49228,
                    25.03035
                ]
            }
        },
        {
            "type": "Feature",
            "properties": {
                "sna": "富民路145巷口",
                "sno": 500113060,
                "available_rent_general_bikes": 4,
                "available_return_bikes": 11,
                "total_bikes": 15
            },
            "geometry": {
                "type": "Point",
                "coordinates": [
                    121.49988,
                    25.01796
                ]
            }
        },
        {
            "type": "Feature",
            "properties": {
                "sna": "環南綜合市場",
                "sno": 500113061,
                "available_rent_general_bikes": 6,
                "available_return_bikes": 8,
                "total_bikes": 14
            },
            "geometry": {
                "type": "Point",
                "coordinates": [
                    121.48908,
                    25.0286
                ]
            }
        },
        {
            "type": "Feature",
            "properties": {
                "sna": "龍山國中",
                "sno": 500113062,
                "available_rent_general_bikes": 2,
                "available_return_bikes": 11,
                "total_bikes": 13
            },
            "geometry": {
                "type": "Point",
                "coordinates": [
                    121.50492,
                    25.03646
                ]
            }
        },
        {
            "type": "Feature",
            "properties": {
                "sna": "洛陽停車場",
                "sno": 500113063,
                "available_rent_general_bikes": 3,
                "available_return_bikes": 18,
                "total_bikes": 21
            },
            "geometry": {
                "type": "Point",
                "coordinates": [
                    121.50612,
                    25.04776
                ]
            }
        },
        {
            "type": "Feature",
            "properties": {
                "sna": "桂林昆明街口",
                "sno": 500113064,
                "available_rent_general_bikes": 11,
                "available_return_bikes": 15,
                "total_bikes": 26
            },
            "geometry": {
                "type": "Point",
                "coordinates": [
                    121.50362,
                    25.03811
                ]
            }
        },
        {
            "type": "Feature",
            "properties": {
                "sna": "萬華國中_1",
                "sno": 500113065,
                "available_rent_general_bikes": 19,
                "available_return_bikes": 16,
                "total_bikes": 35
            },
            "geometry": {
                "type": "Point",
                "coordinates": [
                    121.49936,
                    25.02926
                ]
            }
        },
        {
            "type": "Feature",
            "properties": {
                "sna": "青年公園3號出口",
                "sno": 500113066,
                "available_rent_general_bikes": 27,
                "available_return_bikes": 19,
                "total_bikes": 46
            },
            "geometry": {
                "type": "Point",
                "coordinates": [
                    121.50271,
                    25.02273
                ]
            }
        },
        {
            "type": "Feature",
            "properties": {
                "sna": "捷運龍山寺站(1號出口)_1",
                "sno": 500113068,
                "available_rent_general_bikes": 31,
                "available_return_bikes": 31,
                "total_bikes": 62
            },
            "geometry": {
                "type": "Point",
                "coordinates": [
                    121.50026,
                    25.03548
                ]
            }
        },
        {
            "type": "Feature",
            "properties": {
                "sna": "莒光社會住宅",
                "sno": 500113069,
                "available_rent_general_bikes": 13,
                "available_return_bikes": 17,
                "total_bikes": 30
            },
            "geometry": {
                "type": "Point",
                "coordinates": [
                    121.50033,
                    25.0317
                ]
            }
        },
        {
            "type": "Feature",
            "properties": {
                "sna": "艋舺西藏路口",
                "sno": 500113070,
                "available_rent_general_bikes": 8,
                "available_return_bikes": 12,
                "total_bikes": 20
            },
            "geometry": {
                "type": "Point",
                "coordinates": [
                    121.49156,
                    25.0287
                ]
            }
        },
        {
            "type": "Feature",
            "properties": {
                "sna": "萬大路493巷",
                "sno": 500113071,
                "available_rent_general_bikes": 1,
                "available_return_bikes": 9,
                "total_bikes": 10
            },
            "geometry": {
                "type": "Point",
                "coordinates": [
                    121.4992,
                    25.01975
                ]
            }
        },
        {
            "type": "Feature",
            "properties": {
                "sna": "雙園國中地下停車場",
                "sno": 500113072,
                "available_rent_general_bikes": 4,
                "available_return_bikes": 8,
                "total_bikes": 12
            },
            "geometry": {
                "type": "Point",
                "coordinates": [
                    121.49134,
                    25.02768
                ]
            }
        },
        {
            "type": "Feature",
            "properties": {
                "sna": "青年路152巷口",
                "sno": 500113073,
                "available_rent_general_bikes": 10,
                "available_return_bikes": 10,
                "total_bikes": 20
            },
            "geometry": {
                "type": "Point",
                "coordinates": [
                    121.5009,
                    25.01979
                ]
            }
        },
        {
            "type": "Feature",
            "properties": {
                "sna": "和平西路二段190巷口",
                "sno": 500113074,
                "available_rent_general_bikes": 7,
                "available_return_bikes": 8,
                "total_bikes": 15
            },
            "geometry": {
                "type": "Point",
                "coordinates": [
                    121.50445,
                    25.03348
                ]
            }
        },
        {
            "type": "Feature",
            "properties": {
                "sna": "萬大路424巷口",
                "sno": 500113075,
                "available_rent_general_bikes": 1,
                "available_return_bikes": 14,
                "total_bikes": 15
            },
            "geometry": {
                "type": "Point",
                "coordinates": [
                    121.4927,
                    25.02039
                ]
            }
        },
        {
            "type": "Feature",
            "properties": {
                "sna": "長泰街52巷口",
                "sno": 500113077,
                "available_rent_general_bikes": 3,
                "available_return_bikes": 11,
                "total_bikes": 14
            },
            "geometry": {
                "type": "Point",
                "coordinates": [
                    121.50028,
                    25.0232
                ]
            }
        },
        {
            "type": "Feature",
            "properties": {
                "sna": "水源青年路口",
                "sno": 500113078,
                "available_rent_general_bikes": 5,
                "available_return_bikes": 18,
                "total_bikes": 23
            },
            "geometry": {
                "type": "Point",
                "coordinates": [
                    121.50429,
                    25.02005
                ]
            }
        },
        {
            "type": "Feature",
            "properties": {
                "sna": "青年公園4號出口",
                "sno": 500113079,
                "available_rent_general_bikes": 3,
                "available_return_bikes": 21,
                "total_bikes": 24
            },
            "geometry": {
                "type": "Point",
                "coordinates": [
                    121.50265,
                    25.02114
                ]
            }
        },
        {
            "type": "Feature",
            "properties": {
                "sna": "祥安水岸景觀大廈",
                "sno": 500113080,
                "available_rent_general_bikes": 6,
                "available_return_bikes": 8,
                "total_bikes": 14
            },
            "geometry": {
                "type": "Point",
                "coordinates": [
                    121.50219,
                    25.01907
                ]
            }
        },
        {
            "type": "Feature",
            "properties": {
                "sna": "大理高中(西藏路)",
                "sno": 500113081,
                "available_rent_general_bikes": 17,
                "available_return_bikes": 2,
                "total_bikes": 19
            },
            "geometry": {
                "type": "Point",
                "coordinates": [
                    121.49021,
                    25.03062
                ]
            }
        },
        {
            "type": "Feature",
            "properties": {
                "sna": "綠堤公園(西北側)",
                "sno": 500113083,
                "available_rent_general_bikes": 5,
                "available_return_bikes": 5,
                "total_bikes": 10
            },
            "geometry": {
                "type": "Point",
                "coordinates": [
                    121.49267,
                    25.03338
                ]
            }
        },
        {
            "type": "Feature",
            "properties": {
                "sna": "艋舺雙園街口",
                "sno": 500113085,
                "available_rent_general_bikes": 11,
                "available_return_bikes": 3,
                "total_bikes": 14
            },
            "geometry": {
                "type": "Point",
                "coordinates": [
                    121.49324,
                    25.0301
                ]
            }
        },
        {
            "type": "Feature",
            "properties": {
                "sna": "德昌街125巷口",
                "sno": 500113086,
                "available_rent_general_bikes": 7,
                "available_return_bikes": 6,
                "total_bikes": 13
            },
            "geometry": {
                "type": "Point",
                "coordinates": [
                    121.49639,
                    25.02406
                ]
            }
        },
        {
            "type": "Feature",
            "properties": {
                "sna": "萬青街186號",
                "sno": 500113087,
                "available_rent_general_bikes": 12,
                "available_return_bikes": 8,
                "total_bikes": 20
            },
            "geometry": {
                "type": "Point",
                "coordinates": [
                    121.50154,
                    25.02263
                ]
            }
        },
        {
            "type": "Feature",
            "properties": {
                "sna": "臺大水源舍區A棟",
                "sno": 500119005,
                "available_rent_general_bikes": 2,
                "available_return_bikes": 35,
                "total_bikes": 37
            },
            "geometry": {
                "type": "Point",
                "coordinates": [
                    121.53044,
                    25.01493
                ]
            }
        },
        {
            "type": "Feature",
            "properties": {
                "sna": "臺大卓越研究大樓",
                "sno": 500119006,
                "available_rent_general_bikes": 0,
                "available_return_bikes": 92,
                "total_bikes": 92
            },
            "geometry": {
                "type": "Point",
                "coordinates": [
                    121.52917,
                    25.01466
                ]
            }
        },
        {
            "type": "Feature",
            "properties": {
                "sna": "臺大水源修齊會館",
                "sno": 500119007,
                "available_rent_general_bikes": 2,
                "available_return_bikes": 33,
                "total_bikes": 35
            },
            "geometry": {
                "type": "Point",
                "coordinates": [
                    121.52997,
                    25.01411
                ]
            }
        },
        {
            "type": "Feature",
            "properties": {
                "sna": "臺大檔案展示館",
                "sno": 500119008,
                "available_rent_general_bikes": 2,
                "available_return_bikes": 8,
                "total_bikes": 10
            },
            "geometry": {
                "type": "Point",
                "coordinates": [
                    121.52895,
                    25.01391
                ]
            }
        },
        {
            "type": "Feature",
            "properties": {
                "sna": "臺大水源舍區B棟",
                "sno": 500119009,
                "available_rent_general_bikes": 1,
                "available_return_bikes": 29,
                "total_bikes": 30
            },
            "geometry": {
                "type": "Point",
                "coordinates": [
                    121.53009,
                    25.01525
                ]
            }
        },
        {
            "type": "Feature",
            "properties": {
                "sna": "臺大男八舍東側",
                "sno": 500119043,
                "available_rent_general_bikes": 0,
                "available_return_bikes": 41,
                "total_bikes": 41
            },
            "geometry": {
                "type": "Point",
                "coordinates": [
                    121.54531,
                    25.01729
                ]
            }
        },
        {
            "type": "Feature",
            "properties": {
                "sna": "臺大禮賢樓東南側",
                "sno": 500119044,
                "available_rent_general_bikes": 3,
                "available_return_bikes": 29,
                "total_bikes": 32
            },
            "geometry": {
                "type": "Point",
                "coordinates": [
                    121.53767,
                    25.01415
                ]
            }
        },
        {
            "type": "Feature",
            "properties": {
                "sna": "臺大農業陳列館北側",
                "sno": 500119045,
                "available_rent_general_bikes": 0,
                "available_return_bikes": 45,
                "total_bikes": 45
            },
            "geometry": {
                "type": "Point",
                "coordinates": [
                    121.53404,
                    25.01839
                ]
            }
        },
        {
            "type": "Feature",
            "properties": {
                "sna": "臺大管理學院二館北側",
                "sno": 500119046,
                "available_rent_general_bikes": 8,
                "available_return_bikes": 32,
                "total_bikes": 40
            },
            "geometry": {
                "type": "Point",
                "coordinates": [
                    121.53673,
                    25.01355
                ]
            }
        },
        {
            "type": "Feature",
            "properties": {
                "sna": "臺大土木系館",
                "sno": 500119047,
                "available_rent_general_bikes": 24,
                "available_return_bikes": 2,
                "total_bikes": 26
            },
            "geometry": {
                "type": "Point",
                "coordinates": [
                    121.53844,
                    25.01761
                ]
            }
        },
        {
            "type": "Feature",
            "properties": {
                "sna": "臺大大一女舍北側",
                "sno": 500119048,
                "available_rent_general_bikes": 1,
                "available_return_bikes": 52,
                "total_bikes": 53
            },
            "geometry": {
                "type": "Point",
                "coordinates": [
                    121.53436,
                    25.01547
                ]
            }
        },
        {
            "type": "Feature",
            "properties": {
                "sna": "臺大女九舍西南側",
                "sno": 500119049,
                "available_rent_general_bikes": 56,
                "available_return_bikes": 5,
                "total_bikes": 61
            },
            "geometry": {
                "type": "Point",
                "coordinates": [
                    121.53903,
                    25.01981
                ]
            }
        },
        {
            "type": "Feature",
            "properties": {
                "sna": "臺大小福樓東側",
                "sno": 500119050,
                "available_rent_general_bikes": 13,
                "available_return_bikes": 1,
                "total_bikes": 14
            },
            "geometry": {
                "type": "Point",
                "coordinates": [
                    121.5376,
                    25.01846
                ]
            }
        },
        {
            "type": "Feature",
            "properties": {
                "sna": "臺大立體機車停車場",
                "sno": 500119051,
                "available_rent_general_bikes": 6,
                "available_return_bikes": 20,
                "total_bikes": 26
            },
            "geometry": {
                "type": "Point",
                "coordinates": [
                    121.54251,
                    25.01616
                ]
            }
        },
        {
            "type": "Feature",
            "properties": {
                "sna": "臺大工綜館南側",
                "sno": 500119052,
                "available_rent_general_bikes": 14,
                "available_return_bikes": 0,
                "total_bikes": 14
            },
            "geometry": {
                "type": "Point",
                "coordinates": [
                    121.54059,
                    25.01857
                ]
            }
        },
        {
            "type": "Feature",
            "properties": {
                "sna": "臺大天文數學館南側",
                "sno": 500119053,
                "available_rent_general_bikes": 4,
                "available_return_bikes": 2,
                "total_bikes": 6
            },
            "geometry": {
                "type": "Point",
                "coordinates": [
                    121.53783,
                    25.02108
                ]
            }
        },
        {
            "type": "Feature",
            "properties": {
                "sna": "臺大心理系館南側",
                "sno": 500119054,
                "available_rent_general_bikes": 21,
                "available_return_bikes": 1,
                "total_bikes": 22
            },
            "geometry": {
                "type": "Point",
                "coordinates": [
                    121.5404,
                    25.01941
                ]
            }
        },
        {
            "type": "Feature",
            "properties": {
                "sna": "臺大樂學館東側",
                "sno": 500119055,
                "available_rent_general_bikes": 12,
                "available_return_bikes": 14,
                "total_bikes": 26
            },
            "geometry": {
                "type": "Point",
                "coordinates": [
                    121.53585,
                    25.01793
                ]
            }
        },
        {
            "type": "Feature",
            "properties": {
                "sna": "臺大農化新館西側",
                "sno": 500119056,
                "available_rent_general_bikes": 4,
                "available_return_bikes": 6,
                "total_bikes": 10
            },
            "geometry": {
                "type": "Point",
                "coordinates": [
                    121.53535,
                    25.01627
                ]
            }
        },
        {
            "type": "Feature",
            "properties": {
                "sna": "臺大五號館西側",
                "sno": 500119057,
                "available_rent_general_bikes": 0,
                "available_return_bikes": 46,
                "total_bikes": 46
            },
            "geometry": {
                "type": "Point",
                "coordinates": [
                    121.53718,
                    25.01666
                ]
            }
        },
        {
            "type": "Feature",
            "properties": {
                "sna": "臺大舊體育館西側",
                "sno": 500119058,
                "available_rent_general_bikes": 13,
                "available_return_bikes": 19,
                "total_bikes": 32
            },
            "geometry": {
                "type": "Point",
                "coordinates": [
                    121.53583,
                    25.0198
                ]
            }
        },
        {
            "type": "Feature",
            "properties": {
                "sna": "臺大共同教室北側",
                "sno": 500119059,
                "available_rent_general_bikes": 0,
                "available_return_bikes": 67,
                "total_bikes": 67
            },
            "geometry": {
                "type": "Point",
                "coordinates": [
                    121.53791,
                    25.01595
                ]
            }
        },
        {
            "type": "Feature",
            "properties": {
                "sna": "臺大共同教室東南側",
                "sno": 500119060,
                "available_rent_general_bikes": 0,
                "available_return_bikes": 12,
                "total_bikes": 12
            },
            "geometry": {
                "type": "Point",
                "coordinates": [
                    121.53786,
                    25.01566
                ]
            }
        },
        {
            "type": "Feature",
            "properties": {
                "sna": "臺大鹿鳴堂東側",
                "sno": 500119061,
                "available_rent_general_bikes": 1,
                "available_return_bikes": 38,
                "total_bikes": 39
            },
            "geometry": {
                "type": "Point",
                "coordinates": [
                    121.53786,
                    25.01511
                ]
            }
        },
        {
            "type": "Feature",
            "properties": {
                "sna": "臺大公館停車場西北側",
                "sno": 500119062,
                "available_rent_general_bikes": 1,
                "available_return_bikes": 11,
                "total_bikes": 12
            },
            "geometry": {
                "type": "Point",
                "coordinates": [
                    121.53798,
                    25.01345
                ]
            }
        },
        {
            "type": "Feature",
            "properties": {
                "sna": "臺大第二行政大樓南側",
                "sno": 500119063,
                "available_rent_general_bikes": 2,
                "available_return_bikes": 25,
                "total_bikes": 27
            },
            "geometry": {
                "type": "Point",
                "coordinates": [
                    121.53635,
                    25.01603
                ]
            }
        },
        {
            "type": "Feature",
            "properties": {
                "sna": "臺大明達館機車停車場",
                "sno": 500119064,
                "available_rent_general_bikes": 4,
                "available_return_bikes": 24,
                "total_bikes": 28
            },
            "geometry": {
                "type": "Point",
                "coordinates": [
                    121.54398,
                    25.01754
                ]
            }
        },
        {
            "type": "Feature",
            "properties": {
                "sna": "臺大二號館",
                "sno": 500119065,
                "available_rent_general_bikes": 0,
                "available_return_bikes": 10,
                "total_bikes": 10
            },
            "geometry": {
                "type": "Point",
                "coordinates": [
                    121.53574,
                    25.01699
                ]
            }
        },
        {
            "type": "Feature",
            "properties": {
                "sna": "臺大凝態館南側",
                "sno": 500119066,
                "available_rent_general_bikes": 4,
                "available_return_bikes": 14,
                "total_bikes": 18
            },
            "geometry": {
                "type": "Point",
                "coordinates": [
                    121.53633,
                    25.02157
                ]
            }
        },
        {
            "type": "Feature",
            "properties": {
                "sna": "臺大社科院西側",
                "sno": 500119067,
                "available_rent_general_bikes": 14,
                "available_return_bikes": 11,
                "total_bikes": 25
            },
            "geometry": {
                "type": "Point",
                "coordinates": [
                    121.54145,
                    25.02053
                ]
            }
        },
        {
            "type": "Feature",
            "properties": {
                "sna": "臺大社會系館南側",
                "sno": 500119068,
                "available_rent_general_bikes": 19,
                "available_return_bikes": 14,
                "total_bikes": 33
            },
            "geometry": {
                "type": "Point",
                "coordinates": [
                    121.54175,
                    25.01987
                ]
            }
        },
        {
            "type": "Feature",
            "properties": {
                "sna": "臺大思亮館東南側",
                "sno": 500119069,
                "available_rent_general_bikes": 16,
                "available_return_bikes": 7,
                "total_bikes": 23
            },
            "geometry": {
                "type": "Point",
                "coordinates": [
                    121.53906,
                    25.02074
                ]
            }
        },
        {
            "type": "Feature",
            "properties": {
                "sna": "臺大椰林小舖",
                "sno": 500119070,
                "available_rent_general_bikes": 2,
                "available_return_bikes": 46,
                "total_bikes": 48
            },
            "geometry": {
                "type": "Point",
                "coordinates": [
                    121.53583,
                    25.01561
                ]
            }
        },
        {
            "type": "Feature",
            "properties": {
                "sna": "臺大計資中心南側",
                "sno": 500119071,
                "available_rent_general_bikes": 14,
                "available_return_bikes": 2,
                "total_bikes": 16
            },
            "geometry": {
                "type": "Point",
                "coordinates": [
                    121.53992,
                    25.02036
                ]
            }
        },
        {
            "type": "Feature",
            "properties": {
                "sna": "臺大原分所北側",
                "sno": 500119072,
                "available_rent_general_bikes": 4,
                "available_return_bikes": 5,
                "total_bikes": 9
            },
            "geometry": {
                "type": "Point",
                "coordinates": [
                    121.53868,
                    25.01881
                ]
            }
        },
        {
            "type": "Feature",
            "properties": {
                "sna": "臺大生命科學館西北側",
                "sno": 500119074,
                "available_rent_general_bikes": 14,
                "available_return_bikes": 15,
                "total_bikes": 29
            },
            "geometry": {
                "type": "Point",
                "coordinates": [
                    121.53825,
                    25.01548
                ]
            }
        },
        {
            "type": "Feature",
            "properties": {
                "sna": "臺大第一活動中心西南側",
                "sno": 500119075,
                "available_rent_general_bikes": 22,
                "available_return_bikes": 5,
                "total_bikes": 27
            },
            "geometry": {
                "type": "Point",
                "coordinates": [
                    121.53995,
                    25.01761
                ]
            }
        },
        {
            "type": "Feature",
            "properties": {
                "sna": "臺大博理館西側",
                "sno": 500119076,
                "available_rent_general_bikes": 3,
                "available_return_bikes": 11,
                "total_bikes": 14
            },
            "geometry": {
                "type": "Point",
                "coordinates": [
                    121.54195,
                    25.01922
                ]
            }
        },
        {
            "type": "Feature",
            "properties": {
                "sna": "臺大博雅館西側",
                "sno": 500119077,
                "available_rent_general_bikes": 34,
                "available_return_bikes": 20,
                "total_bikes": 54
            },
            "geometry": {
                "type": "Point",
                "coordinates": [
                    121.536,
                    25.0189
                ]
            }
        },
        {
            "type": "Feature",
            "properties": {
                "sna": "臺大森林館北側",
                "sno": 500119078,
                "available_rent_general_bikes": 7,
                "available_return_bikes": 2,
                "total_bikes": 9
            },
            "geometry": {
                "type": "Point",
                "coordinates": [
                    121.53888,
                    25.01704
                ]
            }
        },
        {
            "type": "Feature",
            "properties": {
                "sna": "臺大一號館",
                "sno": 500119079,
                "available_rent_general_bikes": 12,
                "available_return_bikes": 7,
                "total_bikes": 19
            },
            "geometry": {
                "type": "Point",
                "coordinates": [
                    121.53455,
                    25.01698
                ]
            }
        },
        {
            "type": "Feature",
            "properties": {
                "sna": "臺大小小福西南側",
                "sno": 500119080,
                "available_rent_general_bikes": 1,
                "available_return_bikes": 9,
                "total_bikes": 10
            },
            "geometry": {
                "type": "Point",
                "coordinates": [
                    121.53686,
                    25.01539
                ]
            }
        },
        {
            "type": "Feature",
            "properties": {
                "sna": "臺大教研館北側",
                "sno": 500119081,
                "available_rent_general_bikes": 12,
                "available_return_bikes": 14,
                "total_bikes": 26
            },
            "geometry": {
                "type": "Point",
                "coordinates": [
                    121.53909,
                    25.01337
                ]
            }
        },
        {
            "type": "Feature",
            "properties": {
                "sna": "臺大四號館東北側",
                "sno": 500119082,
                "available_rent_general_bikes": 0,
                "available_return_bikes": 10,
                "total_bikes": 10
            },
            "geometry": {
                "type": "Point",
                "coordinates": [
                    121.53781,
                    25.01703
                ]
            }
        },
        {
            "type": "Feature",
            "properties": {
                "sna": "臺大新生教室南側",
                "sno": 500119083,
                "available_rent_general_bikes": 8,
                "available_return_bikes": 8,
                "total_bikes": 16
            },
            "geometry": {
                "type": "Point",
                "coordinates": [
                    121.53846,
                    25.0196
                ]
            }
        },
        {
            "type": "Feature",
            "properties": {
                "sna": "臺大鄭江樓北側",
                "sno": 500119084,
                "available_rent_general_bikes": 17,
                "available_return_bikes": 23,
                "total_bikes": 40
            },
            "geometry": {
                "type": "Point",
                "coordinates": [
                    121.54309,
                    25.01854
                ]
            }
        },
        {
            "type": "Feature",
            "properties": {
                "sna": "臺大電機二館東南側",
                "sno": 500119085,
                "available_rent_general_bikes": 8,
                "available_return_bikes": 5,
                "total_bikes": 13
            },
            "geometry": {
                "type": "Point",
                "coordinates": [
                    121.54247,
                    25.01857
                ]
            }
        },
        {
            "type": "Feature",
            "properties": {
                "sna": "臺大圖資系館北側",
                "sno": 500119086,
                "available_rent_general_bikes": 28,
                "available_return_bikes": 4,
                "total_bikes": 32
            },
            "geometry": {
                "type": "Point",
                "coordinates": [
                    121.53928,
                    25.01804
                ]
            }
        },
        {
            "type": "Feature",
            "properties": {
                "sna": "臺大總圖書館西南側",
                "sno": 500119087,
                "available_rent_general_bikes": 22,
                "available_return_bikes": 0,
                "total_bikes": 22
            },
            "geometry": {
                "type": "Point",
                "coordinates": [
                    121.54031,
                    25.0169
                ]
            }
        },
        {
            "type": "Feature",
            "properties": {
                "sna": "臺大黑森林西側",
                "sno": 500119088,
                "available_rent_general_bikes": 34,
                "available_return_bikes": 1,
                "total_bikes": 35
            },
            "geometry": {
                "type": "Point",
                "coordinates": [
                    121.54347,
                    25.01995
                ]
            }
        },
        {
            "type": "Feature",
            "properties": {
                "sna": "臺大獸醫館南側",
                "sno": 500119089,
                "available_rent_general_bikes": 7,
                "available_return_bikes": 15,
                "total_bikes": 22
            },
            "geometry": {
                "type": "Point",
                "coordinates": [
                    121.54242,
                    25.01791
                ]
            }
        },
        {
            "type": "Feature",
            "properties": {
                "sna": "臺大新體育館東南側",
                "sno": 500119090,
                "available_rent_general_bikes": 2,
                "available_return_bikes": 45,
                "total_bikes": 47
            },
            "geometry": {
                "type": "Point",
                "coordinates": [
                    121.53591,
                    25.02112
                ]
            }
        },
        {
            "type": "Feature",
            "properties": {
                "sna": "臺大明達館北側(員工宿舍)",
                "sno": 500119091,
                "available_rent_general_bikes": 2,
                "available_return_bikes": 16,
                "total_bikes": 18
            },
            "geometry": {
                "type": "Point",
                "coordinates": [
                    121.54469,
                    25.01816
                ]
            }
        },
        {
            "type": "Feature",
            "properties": {
                "sna": "臺大管理學院一館",
                "sno": 500119092,
                "available_rent_general_bikes": 7,
                "available_return_bikes": 10,
                "total_bikes": 17
            },
            "geometry": {
                "type": "Point",
                "coordinates": [
                    121.53828,
                    25.01436
                ]
            }
        },
        {
            "type": "Feature",
            "properties": {
                "sna": "臺大禮賢樓西側",
                "sno": 500119093,
                "available_rent_general_bikes": 7,
                "available_return_bikes": 29,
                "total_bikes": 36
            },
            "geometry": {
                "type": "Point",
                "coordinates": [
                    121.53765,
                    25.01467
                ]
            }
        },
        {
            "type": "Feature",
            "properties": {
                "sna": "臺大大一女餐廳廣場",
                "sno": 500119094,
                "available_rent_general_bikes": 1,
                "available_return_bikes": 34,
                "total_bikes": 35
            },
            "geometry": {
                "type": "Point",
                "coordinates": [
                    121.53494,
                    25.01479
                ]
            }
        },
        {
            "type": "Feature",
            "properties": {
                "sna": "臺大學新館",
                "sno": 500119095,
                "available_rent_general_bikes": 21,
                "available_return_bikes": 1,
                "total_bikes": 22
            },
            "geometry": {
                "type": "Point",
                "coordinates": [
                    121.54339,
                    25.01944
                ]
            }
        },
        {
            "type": "Feature",
            "properties": {
                "sna": "臺大水源舍區C棟",
                "sno": 500119096,
                "available_rent_general_bikes": 3,
                "available_return_bikes": 96,
                "total_bikes": 99
            },
            "geometry": {
                "type": "Point",
                "coordinates": [
                    121.52892,
                    25.01547
                ]
            }
        },
        {
            "type": "Feature",
            "properties": {
                "sna": "臺大人文館",
                "sno": 500119097,
                "available_rent_general_bikes": 0,
                "available_return_bikes": 67,
                "total_bikes": 67
            },
            "geometry": {
                "type": "Point",
                "coordinates": [
                    121.53476,
                    25.0182
                ]
            }
        }
    ]
}